X,Y,Z
-9.360093546,-4.138417077, 4.599999999999994
-9.360093546,-2.892803726, 4.599999999999994
-9.428621771,-2.573292351, 4.599999999999994
-9.503717299,-2.423198517, 4.599999999999994
-9.612674108,-2.267592068, 4.599999999999994
-9.701074769,-2.07801624, 4.599999999999994
-9.752743528,-1.92300996, 4.599999999999994
-9.806881687,-1.720963602, 4.599999999999994
-9.825112383,-1.512585788, 4.599999999999994
-9.825112383,-0.995898191, 4.599999999999994
-9.820546021,-0.8913113, 4.599999999999994
-9.784223375,-0.685315337, 4.599999999999994
-9.701074769,-0.43046774, 4.599999999999994
-9.661012968,-0.333749998, 4.599999999999994
-9.556426077,-0.152600189, 4.599999999999994
-9.370303001,0.059304985, 4.599999999999994
-9.163627962, 0.2659800237365879, 4.599999999999994
-9.029981906, 0.38126909389098507, 4.599999999999994
-8.934040983, 0.44021170417195443, 4.599999999999994
-8.79671651, 0.5554406185812271, 4.599999999999994
-8.679817604, 0.6276881155666245, 4.599999999999994
-8.487898105,0.710878123, 4.599999999999994
-8.332891826, 0.7625468828022821, 4.599999999999994
-8.123837638,0.809039661, 4.599999999999994
-8.060997211, 0.8454653668101755, 4.599999999999994
-7.949732243,0.956730335, 4.599999999999994
-7.787533086, 1.0703034073360782, 4.599999999999994
-7.639719685, 1.215074133078467, 4.599999999999994
-7.468374553, 1.3350512858770196, 4.599999999999994
-7.175461206, 1.4751207059860163, 4.599999999999994
-7.022115597, 1.5260150823738547, 4.599999999999994
-6.90925897, 1.6871910494463327, 4.599999999999994
-6.76135077, 1.8350992495652587, 4.599999999999994
-6.434999359, 2.058413921778277, 4.599999999999994
-6.245423531, 2.1468145821800406, 4.599999999999994
-5.943800605, 2.247241480359919, 4.599999999999994
-5.728735934, 2.353489621008972, 4.599999999999994
-5.526689575, 2.4076277796805314, 4.599999999999994
-4.388274087, 2.4258584760658817, 4.599999999999994
-4.179896274, 2.407627779680531, 4.599999999999994
-4.008800768, 2.3642784337264944, 4.599999999999994
-3.853794489, 2.312609674019261, 4.599999999999994
-3.66187499, 2.2294196664908363, 4.599999999999994
-3.486159721, 2.1156884588982012, 4.599999999999994
-3.409493559, 2.095145822472808, 4.599999999999994
-3.21991773, 2.006745162071044, 4.599999999999994
-2.84189756, 1.7317617301507928, 4.599999999999994
-2.748840428, 1.640821660848365, 4.599999999999994
-2.583553762, 1.5250866913218633, 4.599999999999994
-2.403033236,1.351023978, 4.599999999999994
-2.228970523, 1.1705034523740054, 4.599999999999994
-2.10831199, 1.0046339712725503, 4.599999999999994
-1.970626724, 0.8604908941306095, 4.599999999999994
-1.747312052, 0.5341394833850656, 4.599999999999994
-1.700117635, 0.43544645936923715, 4.599999999999994
-1.596885044, 0.31241864876292347, 4.599999999999994
-1.437299494,0.069120646, 4.599999999999994
-1.337291874,-0.127074959, 4.599999999999994
-1.214081467,-0.478640298, 4.599999999999994
-1.185113776,-0.642924237, 4.599999999999994
-1.103946744,-0.866900806, 4.599999999999994
-1.083273982,-0.953320923, 4.599999999999994
-1.027279316,-1.057112634, 4.599999999999994
-0.852400149,-1.512015493, 4.599999999999994
-0.770054586,-1.855780877, 4.599999999999994
-0.730698229,-1.973692024, 4.599999999999994
-0.665597998,-2.090487828, 4.599999999999994
-0.594056351,-2.287046888, 4.599999999999994
-0.521618284,-2.588076854, 4.599999999999994
-0.439050072,-2.803734485, 4.599999999999994
-0.402727425,-3.009730448, 4.599999999999994
-0.401021054,-3.126043682, 4.599999999999994
-0.359472653,-3.299974942, 4.599999999999994
-0.346492303,-3.889348735, 4.599999999999994
-0.346492303,-4.406036332, 4.599999999999994
-0.364723,-4.614414145, 4.599999999999994
-0.418861158,-4.816460504, 4.599999999999994
-0.528058326,-5.042130072, 4.599999999999994
-0.671839711,-5.470808431, 4.599999999999994
-0.658660701,-5.574188252, 4.599999999999994
-0.661071224,-5.802342216, 4.599999999999994
-0.69739387,-6.008338179, 4.599999999999994
-0.768935517,-6.204897239, 4.599999999999994
-0.873522408,-6.386047048, 4.599999999999994
-0.996025173,-6.567643685, 4.599999999999994
-1.069924913,-6.652870721, 4.599999999999994
-1.183534967,-6.851065886, 4.599999999999994
-1.281571287,-6.967901023, 4.599999999999994
-1.461044011,-7.239337561, 4.599999999999994
-1.544520584,-7.33199237, 4.599999999999994
-1.592305773,-7.434468038, 4.599999999999994
-1.712282925,-7.60581317, 4.599999999999994
-1.909837089,-7.809192076, 4.599999999999994
-2.073685931,-7.939219874, 4.599999999999994
-2.32757734,-8.09127219, 4.599999999999994
-2.530828948,-8.225140867, 4.599999999999994
-2.764686821,-8.365455591, 4.599999999999994
-2.952072917,-8.490379655, 4.599999999999994
-3.156704409,-8.676654161, 4.599999999999994
-3.426592769,-8.855404957, 4.599999999999994
-3.616168597,-8.943805618, 4.599999999999994
-3.818214956,-8.997943776, 4.599999999999994
-4.129930289,-9.016174473, 4.599999999999994
-5.886668119,-9.016174473, 4.599999999999994
-6.095045932,-8.997943776, 4.599999999999994
-6.238268944,-8.960867211, 4.599999999999994
-6.40505849,-8.946275017, 4.599999999999994
-6.552828531,-8.908270591, 4.599999999999994
-6.663402289,-8.894606257, 4.599999999999994
-6.865448648,-8.840468098, 4.599999999999994
-7.114594841,-8.740809621, 4.599999999999994
-7.330467485,-8.685461819, 4.599999999999994
-7.660533955,-8.553371866, 4.599999999999994
-7.810759155,-8.47434883, 4.599999999999994
-8.40995679,-8.108297804, 4.599999999999994
-8.646940365,-7.889671215, 4.599999999999994
-8.781394681,-7.729434801, 4.599999999999994
-8.940980232,-7.486136798, 4.599999999999994
-8.989319092,-7.393278712, 4.599999999999994
-9.052656224,-7.215936658, 4.599999999999994
-9.190179769,-6.87917104, 4.599999999999994
-9.39106221,-6.469860815, 4.599999999999994
-9.445200369,-6.267814456, 4.599999999999994
-9.495419739,-6.001035251, 4.599999999999994
-9.548537888,-5.802795618, 4.599999999999994
-9.562202222,-5.699004697, 4.599999999999994
-9.566768585,-4.974392689, 4.599999999999994
-9.548537888,-4.766014876, 4.599999999999994
-9.44273097,-4.357293478, 4.599999999999994
-9.360093546,-4.138417077, 4.599999999999994
-0.144383627,-5.1823171, 3.4000000000000057
-0.139817265,-2.597629742, 3.4000000000000057
-0.158047961,-2.389251929, 3.4000000000000057
-0.196052387,-2.247417482, 3.4000000000000057
-0.209716721,-2.130908131, 3.4000000000000057
-0.367192399,-1.567180454, 3.4000000000000057
-0.576517194,-1.130935753, 3.4000000000000057
-0.666326258,-0.980175124, 3.4000000000000057
-0.751856725,-0.782049813, 3.4000000000000057
-0.867793531,-0.607945452, 3.4000000000000057
-0.995052072,-0.448872276, 3.4000000000000057
-1.131866207,-0.204268948, 3.4000000000000057
-1.21384289,-0.106572942, 3.4000000000000057
-1.333290843,0.072598988, 3.4000000000000057
-1.461044011, 0.28734024688288873, 3.4000000000000057
-1.785968222, 0.7033856453702902, 3.4000000000000057
-1.868236186, 0.8841458756428696, 3.4000000000000057
-1.977731608, 1.0623716424913745, 3.4000000000000057
-2.116512128, 1.2188760790428552, 3.4000000000000057
-2.661377035, 1.7643740552463387, 3.4000000000000057
-2.821613449, 1.8988283709692724, 3.4000000000000057
-3.013366894, 2.0016330834745033, 3.4000000000000057
-3.168248971, 2.110082681485509, 3.4000000000000057
-3.261107057, 2.1584215413881647, 3.4000000000000057
-3.655691086, 2.296279813545478, 3.4000000000000057
-3.802789724, 2.376405946556307, 3.4000000000000057
-4.000932904, 2.4434354305664048, 3.4000000000000057
-4.207705391, 2.475039384055721, 3.4000000000000057
-4.443325956, 2.476553131019839, 3.4000000000000057
-4.799921391, 2.5626340588022285, 3.4000000000000057
-4.92383422, 2.577888425159546, 3.4000000000000057
-6.765037034, 2.580864755187579, 3.4000000000000057
-6.869623925, 2.576298392897674, 3.4000000000000057
-7.070909976, 2.5408062312825432, 3.4000000000000057
-7.436205861, 2.2677715145106934, 3.4000000000000057
-7.600529236, 2.0046777800636346, 3.4000000000000057
-7.689219418, 1.8142399493322314, 3.4000000000000057
-7.91253409, 1.487888538586688, 3.4000000000000057
-8.167821309, 1.2261435088788084, 3.4000000000000057
-8.274215408, 1.0745384609288253, 3.4000000000000057
-8.368432052, 0.9744970745527388, 3.4000000000000057
-8.532280894,0.844469276, 3.4000000000000057
-8.698955339, 0.7542173072660645, 3.4000000000000057
-8.815189575, 0.6562261005769531, 3.4000000000000057
-8.996339384, 0.5516392092797631, 3.4000000000000057
-9.097726598, 0.5103262277362806, 3.4000000000000057
-9.204253083, 0.3511758250275684, 3.4000000000000057
-9.352161283, 0.20326762490864225, 3.4000000000000057
-9.523506415,0.083290472, 3.4000000000000057
-9.713082243,-0.005110188, 3.4000000000000057
-9.840385302,-0.03922094, 3.4000000000000057
-9.956768811,-0.252566838, 3.4000000000000057
-10.06275609,-0.4821365, 3.4000000000000057
-10.11689425,-0.684182859, 3.4000000000000057
-10.13512494,-0.892560672, 3.4000000000000057
-10.11689425,-1.204276005, 3.4000000000000057
-10.06275609,-1.406322363, 3.4000000000000057
-9.974355426,-1.595898191, 3.4000000000000057
-9.854378273,-1.767243323, 3.4000000000000057
-9.807747017,-1.813874579, 3.4000000000000057
-9.752743528,-2.02634748, 3.4000000000000057
-9.678991818,-2.182081918, 3.4000000000000057
-9.649406009,-2.284691278, 3.4000000000000057
-9.543418733,-2.51426094, 3.4000000000000057
-9.457667829,-2.680942145, 3.4000000000000057
-9.342052873,-2.855504338, 3.4000000000000057
-9.298513504,-3.028771821, 3.4000000000000057
-9.205087267,-3.309050532, 3.4000000000000057
-9.205087267,-3.820540085, 3.4000000000000057
-9.267535778,-3.992115958, 3.4000000000000057
-9.319614554,-4.314877496, 3.4000000000000057
-9.361958295,-4.425593133, 3.4000000000000057
-9.445200369,-4.766014876, 3.4000000000000057
-9.463431065,-5.026061449, 3.4000000000000057
-9.463431065,-5.646086565, 3.4000000000000057
-9.445200369,-5.854464378, 3.4000000000000057
-9.411762306,-5.983632226, 3.4000000000000057
-9.407195943,-6.215692294, 3.4000000000000057
-9.393531609,-6.319483216, 3.4000000000000057
-9.236055931,-6.934879652, 3.4000000000000057
-9.184387171,-7.089885931, 3.4000000000000057
-9.044317751,-7.382799279, 3.4000000000000057
-8.794418869,-7.72260899, 3.4000000000000057
-8.682636433,-7.951155635, 3.4000000000000057
-8.562659281,-8.122500767, 3.4000000000000057
-8.259744801,-8.425415246, 3.4000000000000057
-8.08839967,-8.545392399, 3.4000000000000057
-7.895215607,-8.634084389, 3.4000000000000057
-7.726718352,-8.752067438, 3.4000000000000057
-7.456699628,-8.889487102, 3.4000000000000057
-7.251171789,-8.968969421, 3.4000000000000057
-7.143316199,-9.057500724, 3.4000000000000057
-6.96216639,-9.162087616, 3.4000000000000057
-6.658773609,-9.305486936, 3.4000000000000057
-6.40042981,-9.408824455, 3.4000000000000057
-6.198383451,-9.462962614, 3.4000000000000057
-6.094592529,-9.476626948, 3.4000000000000057
-5.911559947,-9.479312124, 3.4000000000000057
-5.733364614,-9.514631373, 3.4000000000000057
-5.552419572,-9.532548463, 3.4000000000000057
-4.956630444,-9.53286207, 3.4000000000000057
-4.780606728,-9.519881721, 3.4000000000000057
-4.577157125,-9.471282027, 3.4000000000000057
-4.452406005,-9.42952455, 3.4000000000000057
-4.232018436,-9.424958188, 3.4000000000000057
-4.026022473,-9.388635542, 3.4000000000000057
-3.770437907,-9.319303188, 3.4000000000000057
-3.663208677,-9.307956335, 3.4000000000000057
-3.534040829,-9.274518271, 3.4000000000000057
-3.251561374,-9.274518271, 3.4000000000000057
-3.043183561,-9.256287575, 3.4000000000000057
-2.841137202,-9.202149416, 3.4000000000000057
-2.651561374,-9.113748756, 3.4000000000000057
-2.272780845,-8.840468098, 3.4000000000000057
-2.043211183,-8.734480823, 3.4000000000000057
-1.808522366,-8.580421525, 3.4000000000000057
-1.472995562,-8.251352532, 3.4000000000000057
-1.350601608,-8.122500767, 3.4000000000000057
-1.230624455,-7.951155635, 3.4000000000000057
-1.177953218,-7.838053912, 3.4000000000000057
-0.972280656,-7.537805558, 3.4000000000000057
-0.867407747,-7.305493819, 3.4000000000000057
-0.731523473,-7.061111795, 3.4000000000000057
-0.563078625,-6.645585001, 3.4000000000000057
-0.511409865,-6.490578722, 3.4000000000000057
-0.43918714,-6.203437464, 3.4000000000000057
-0.344627554,-5.936542322, 3.4000000000000057
-0.263327488,-5.604062497, 3.4000000000000057
-0.180706273,-5.388313062, 3.4000000000000057
-0.144383627,-5.1823171, 3.4000000000000057
-0.406029836,-4.336558733,2
-0.454313993,-4.557549973,2
-0.457698596,-4.74990881,2
-0.506599558,-4.972460704,2
-0.509367355,-5.111590128,2
-0.551302593,-5.316517206,2
-0.610212953,-5.465573364,2
-0.74906263,-6.215013218,2
-0.780542476,-6.314854536,2
-0.861315151,-6.504898679,2
-0.904068909,-6.783369574,2
-0.975610556,-6.979928634,2
-1.148454683,-7.309692435,2
-1.230624455,-7.486136798,2
-1.505607887,-7.864156968,2
-1.653516087,-8.012065169,2
-1.708628534,-8.05065532,2
-1.855228843,-8.246122398,2
-1.989683159,-8.406358812,2
-2.154707252,-8.555323816,2
-2.325209963,-8.735427804,2
-2.651561374,-8.958742477,2
-2.841137202,-9.047143137,2
-2.94097852,-9.078622984,2
-3.110980061,-9.108598842,2
-3.303595095,-9.179691414,2
-3.667837357,-9.357155695,2
-4.076558755,-9.462962614,2
-4.148376788,-9.469245877,2
-4.242813491,-9.523768934,2
-4.494537512,-9.615499494,2
-5.109933949,-9.772975172,2
-5.318311762,-9.791205868,2
-5.62832432,-9.791205868,2
-5.836702133,-9.772975172,2
-6.048348236,-9.714360579,2
-6.403926012,-9.64697934,2
-6.710442368,-9.563830734,2
-7.141902667,-9.35688484,2
-7.320614212,-9.248184081,2
-7.477735038,-9.110101795,2
-7.684290366,-8.897532163,2
-7.804267518,-8.726187031,2
-7.866072318,-8.607398036,2
-7.973163863,-8.453652386,2
-8.053830121,-8.427118021,2
-8.243405949,-8.33871736,2
-8.41475108,-8.218740207,2
-8.456150067,-8.177341221,2
-8.553418507,-8.132042321,2
-8.724763639,-8.012065169,2
-8.976009358,-7.760819449,2
-9.03973848,-7.677766041,2
-9.144325371,-7.496616231,2
-9.236055931,-7.24489221,2
-9.29019409,-7.042845851,2
-9.308424786,-6.834468038,2
-9.308424786,-6.059436643,2
-9.29019409,-5.334371232,2
-9.215867018,-5.025491153,2
-9.166100385,-4.886433694,2
-9.112529499,-4.663809835,2
-9.029380892,-4.408962238,2
-8.895074709,-4.10796562,2
-8.895074709,-3.550245355,2
-8.949847218,-3.47299248,2
-9.210066587,-3.270599637,2
-9.370303001,-3.136145321,2
-9.596034475,-2.903956037,2
-9.716011628,-2.732610905,2
-9.804412288,-2.543035077,2
-9.858550447,-2.340988718,2
-9.876781143,-2.132610905,2
-9.872214781,-1.201323858,2
-9.835892135,-0.995327895,2
-9.717208502,-0.644017295,2
-9.717208502,-0.529629982,2
-9.680885855,-0.323634019,2
-9.557675449, 0.027931319816032918,2
-9.370468326, 0.35027007590785497,2
-9.262068436, 0.5161884594909679,2
-9.127837711, 0.6620018970711246,2
-8.971437615, 0.7837329781784008,2
-8.789593469, 0.8803561892670394,2
-8.656756026, 0.9733699679263912,2
-8.565348939, 1.0159937926902958,2
-8.46641984, 1.1117366136640001,2
-8.30651117, 1.2237058699322132,2
-8.053069763, 1.4734179316146285,2
-7.815010075, 1.6404845724331123,2
-7.595488158, 1.7647580026338447,2
-7.468374553, 1.851738882949345,2
-7.278798725, 1.9401395433511097,2
-6.870077328, 2.0459464617299012,2
-6.805555331, 2.0515914049694763,2
-6.607104849, 2.146814582180041,2
-6.352257252, 2.229963188491066,2
-6.146261289, 2.2662858346542776,2
-6.041674398, 2.2708521969441824,2
-5.111636723, 2.2708521969441824,2
-4.914357938, 2.2545249055427554,2
-4.667716894, 2.2134180648901056,2
-4.489908832,2.200952741,2
-4.348534289,2.164037896,2
-4.179896274, 2.1492839811443676,2
-4.04614957, 2.117710667235428,2
-3.90224651, 2.060836927529714,2
-3.818668359, 2.0596107958253462,2
-3.612672396, 2.0232881496621347,2
-3.416113336, 1.9517465025592333,2
-3.283261416, 1.8858210276079181,2
-3.028288487, 1.7438220918475773,2
-2.914538446, 1.6483744743529964,2
-2.583553762, 1.4217491719073965,2
-2.454701996, 1.2993552178812477,2
-2.177301763, 1.0154971732523066,2
-2.062147451, 0.8510397723264245,2
-1.918957964, 0.7054846150089125,2
-1.805996106, 0.5441583619407836,2
-1.66771905, 0.3906777662973483,2
-1.60364322, 0.2863814987048945,2
-1.539487407, 0.21875470308527734,2
-1.332812368,-0.039589095,2
-1.230624455,-0.189223153,2
-1.144015432,-0.3749568,2
-0.925191168,-0.617619026,2
-0.665597998,-1.057112634,2
-0.562260478,-1.263787673,2
-0.470529918,-1.515511694,2
-0.416391759,-1.717558053,2
-0.398161063,-1.925935866,2
-0.406029836,-4.336558733,2
-8.326718352,-2.370166361,-0.2
-8.407404124,-2.099144505,-0.2
-8.48358938,-1.906379065,-0.2
-8.525524618,-1.701451988,-0.2
-8.533393391,-1.564254548,-0.2
-8.533393391,-1.30591075,-0.2
-8.517026955,-0.591709644,-0.2
-8.468374081,-0.399583789,-0.2
-8.388761892,-0.218086281,-0.2
-8.280362002,-0.052167897,-0.2
-8.146131277,0.09364554,-0.2
-7.98973118, 0.21537662139884106,-0.2
-7.8154279, 0.3097048394698756,-0.2
-7.537142524, 0.44174551184136357,-0.2
-7.335096165, 0.4958836705129228,-0.2
-7.126718352, 0.5141143668982731,-0.2
-6.382338279,0.501134018,-0.2
-6.205830318, 0.45897009790150795,-0.2
-5.956145718,0.454576834,-0.2
-5.75121864, 0.4126415968967494,-0.2
-5.63279848,0.366705176,-0.2
-5.400631845, 0.29445897891315687,-0.2
-5.027856005, 0.20596655806781938,-0.2
-4.857627211, 0.13868829364850002,-0.2
-4.749385109, 0.11154404049452094,-0.2
-4.571190634, 0.048378632583126135,-0.2
-4.417942885,-0.036694752,-0.2
-4.253292925,-0.111673986,-0.2
-4.081947793,-0.231651139,-0.2
-3.895210708,-0.416297118,-0.2
-3.726125894,-0.476685204,-0.2
-3.544976085,-0.581272095,-0.2
-3.403559191,-0.699934958,-0.2
-3.338301046,-0.736278374,-0.2
-3.178064632,-0.87073269,-0.2
-3.023058353,-1.025738969,-0.2
-2.804431763,-1.262722544,-0.2
-2.591598822,-1.59595459,-0.2
-2.407720845,-1.963710545,-0.2
-2.339412926,-2.03775394,-0.2
-2.125149006,-2.392130162,-0.2
-2.022295484,-2.497978487,-0.2
-1.902318331,-2.669323618,-0.2
-1.813917671,-2.858899446,-0.2
-1.759779512,-3.060945805,-0.2
-1.743708489,-3.24463844,-0.2
-1.708110752,-3.422627123,-0.2
-1.689880056,-3.631004936,-0.2
-1.697748829,-4.80157757,-0.2
-1.74366521,-5.016577818,-0.2
-1.759779512,-5.337776781,-0.2
-1.845041656,-5.734978506,-0.2
-1.845199941,-5.983531895,-0.2
-1.863117031,-6.164476936,-0.2
-1.946359105,-6.556567439,-0.2
-2.175598988,-7.24489221,-0.2
-2.263999649,-7.434468038,-0.2
-2.402301477,-7.624137845,-0.2
-2.522343447,-7.899486876,-0.2
-2.607269077,-8.020773245,-0.2
-2.729018486,-8.261168194,-0.2
-2.848995639,-8.432513325,-0.2
-3.203578878,-8.787096564,-0.2
-3.37492401,-8.907073717,-0.2
-3.564499838,-8.995474377,-0.2
-3.651667537,-9.018830892,-0.2
-3.816881269,-9.129748221,-0.2
-3.977849915,-9.202149416,-0.2
-4.163807047,-9.264606989,-0.2
-4.367256651,-9.313206682,-0.2
-4.543280366,-9.326187031,-0.2
-5.190738254,-9.325873425,-0.2
-5.371683296,-9.307956335,-0.2
-5.604603019,-9.261692207,-0.2
-5.681695854,-9.256287575,-0.2
-5.883742213,-9.202149416,-0.2
-6.000251564,-9.150660925,-0.2
-6.193754771,-9.098811897,-0.2
-6.383330599,-9.010411236,-0.2
-6.554675731,-8.890434084,-0.2
-6.85759021,-8.587519604,-0.2
-7.184242402,-8.106161914,-0.2
-7.232581262,-8.013303829,-0.2
-7.345885095,-7.727577809,-0.2
-7.4425862,-7.589474317,-0.2
-7.543935752,-7.351572568,-0.2
-7.728854241,-7.136000042,-0.2
-7.851357006,-6.954403405,-0.2
-7.941687182,-6.802767996,-0.2
-8.251699741,-6.18274288,-0.2
-8.328583101,-5.988211082,-0.2
-8.370518339,-5.783284004,-0.2
-8.378387111,-5.646086565,-0.2
-8.378387111,-3.837679975,-0.2
-8.36205982,-3.588732431,-0.2
-8.326718352,-3.376683621,-0.2
-8.326718352,-2.370166361,-0.2
-2.417809054,-6.88738617,-1.6
-2.4541317,-7.093382133,-1.6
-2.485611547,-7.193223451,-1.6
-2.577342107,-7.393278712,-1.6
-2.836935277,-7.83277232,-1.6
-2.971389593,-7.993008734,-1.6
-3.126395872,-8.148015013,-1.6
-3.338301046,-8.334138088,-1.6
-3.519450855,-8.43872498,-1.6
-3.942812051,-8.604689144,-1.6
-4.076558755,-8.636262458,-1.6
-4.284936568,-8.654493155,-1.6
-4.802873537,-8.649926792,-1.6
-4.906664459,-8.636262458,-1.6
-5.108710818,-8.5821243,-1.6
-5.367054616,-8.47878678,-1.6
-5.556630444,-8.39038612,-1.6
-5.727975576,-8.270408967,-1.6
-5.771219105,-8.227165438,-1.6
-5.866643002,-8.183711081,-1.6
-6.037988134,-8.063733928,-1.6
-6.340902613,-7.760819449,-1.6
-6.507969254,-7.522759762,-1.6
-6.612556145,-7.341609952,-1.6
-6.684097792,-7.145050892,-1.6
-6.720420439,-6.93905493,-1.6
-6.724986801,-6.834468038,-1.6
-6.724986801,-6.162774162,-1.6
-6.714291967,-5.860664078,-1.6
-6.735766552,-5.80166314,-1.6
-6.772089198,-5.595667177,-1.6
-6.772089198,-5.386493395,-1.6
-6.735766552,-5.180497432,-1.6
-6.664224905,-4.983938372,-1.6
-6.564217285,-4.787742766,-1.6
-6.444240133,-4.616397635,-1.6
-6.296331932,-4.468489435,-1.6
-6.124986801,-4.348512282,-1.6
-5.832073453,-4.208442862,-1.6
-5.608767519,-4.134209257,-1.6
-5.403840442,-4.09227402,-1.6
-5.266643002,-4.084405247,-1.6
-4.852043553,-4.088971609,-1.6
-4.64604759,-4.125294255,-1.6
-4.44948853,-4.196835903,-1.6
-4.35093637,-4.249161796,-1.6
-4.081187435,-4.311780381,-1.6
-3.788274087,-4.451849801,-1.6
-3.544976085,-4.611435352,-1.6
-3.306916397,-4.778501993,-1.6
-3.107219727,-4.972184359,-1.6
-2.900664399,-5.184753992,-1.6
-2.752763004,-5.396223321,-1.6
-2.574012207,-5.666111681,-1.6
-2.485611547,-5.855687509,-1.6
-2.431473388,-6.057733868,-1.6
-2.413242692,-6.266111681,-1.6
-2.417809054,-6.88738617,-1.6
-4.063274087,-5.134838812,-1.8
-4.441069838,-4.977773662,-1.8
-4.579961684,-4.876495014,-1.8
-4.736729305,-4.811559739,-1.8
-4.848310452,-4.791884972,-1.8
-5.421649281,-4.789411526,-1.8
-5.589881661,-4.811559739,-1.8
-5.7965567,-4.863228499,-1.8
-5.90302619,-4.901980224,-1.8
-6.201142546,-5.096488917,-1.8
-6.281259487,-5.176605859,-1.8
-6.449584631,-5.424424084,-1.8
-6.578235627,-5.680257037,-1.8
-6.65625967,-5.786105402,-1.8
-6.734111979,-5.939741052,-1.8
-6.772863704,-6.046210542,-1.8
-6.792538471,-6.157791689,-1.8
-6.795011917,-6.52445548,-1.8
-6.768034745,-6.709772927,-1.8
-6.704143361,-6.901774852,-1.8
-6.627458432,-7.06064983,-1.8
-6.600805842,-7.160118651,-1.8
-6.533647793,-7.299255945,-1.8
-6.497468322,-7.470131209,-1.8
-6.449584631,-7.572818116,-1.8
-6.352836228,-7.689758023,-1.8
-6.294578352,-7.831161914,-1.8
-6.229590728,-7.923973861,-1.8
-5.984606209,-8.172456361,-1.8
-5.897811484,-8.245285782,-1.8
-5.799688671,-8.301937015,-1.8
-5.637567097,-8.349720607,-1.8
-5.541344872,-8.405274534,-1.8
-5.434875382,-8.44402626,-1.8
-5.323294235,-8.463701026,-1.8
-5.157620185,-8.466174473,-1.8
-5.076326035,-8.508612054,-1.8
-4.91449548,-8.559637032,-1.8
-4.707820442,-8.611305791,-1.8
-4.543280366,-8.621180752,-1.8
-4.331622854,-8.618707306,-1.8
-4.165960994,-8.581980955,-1.8
-4.063274087,-8.534097264,-1.8
-3.970462141,-8.46910964,-1.8
-3.659531394,-8.151733507,-1.8
-3.607441933,-8.057918653,-1.8
-3.411967082,-7.862443803,-1.8
-3.339137661,-7.775649079,-1.8
-3.295289441,-7.694097402,-1.8
-3.101954524,-7.500762485,-1.8
-3.029125103,-7.413967761,-1.8
-2.97247387,-7.315844947,-1.8
-2.933722145,-7.209375456,-1.8
-2.914047378,-7.09779431,-1.8
-2.911573932,-6.627792999,-1.8
-2.921448893,-6.514921684,-1.8
-2.950773728,-6.405479906,-1.8
-3.035438888,-6.250263618,-1.8
-3.054111248,-6.147136108,-1.8
-3.184131382,-5.893286998,-1.8
-3.297850076,-5.723877608,-1.8
-3.402105784,-5.613176514,-1.8
-3.49491773,-5.54818889,-1.8
-3.664335778,-5.462562018,-1.8
-3.763787102,-5.354832716,-1.8
-3.924863514,-5.245425064,-1.8
-4.063274087,-5.134838812,-1.8
-5.478300514,-3.348493815, 7.400000000000006
-5.111636723,-3.350967262, 7.400000000000006
-4.998765408,-3.341092301, 7.400000000000006
-4.88932363,-3.311767465, 7.400000000000006
-4.683299204,-3.212215014, 7.400000000000006
-4.590487257,-3.14722739, 7.400000000000006
-4.510370316,-3.067110448, 7.400000000000006
-4.445382691,-2.974298502, 7.400000000000006
-4.367530382,-2.820662853, 7.400000000000006
-4.328778657,-2.714193362, 7.400000000000006
-4.30910389,-2.602612215, 7.400000000000006
-4.306630444,-2.184279665, 7.400000000000006
-4.316505405,-2.071408349, 7.400000000000006
-4.345830241,-1.961966571, 7.400000000000006
-4.445382691,-1.755942145, 7.400000000000006
-4.547800618,-1.624282183, 7.400000000000006
-4.60038897,-1.497598347, 7.400000000000006
-4.665376595,-1.4047864, 7.400000000000006
-4.745493537,-1.324669459, 7.400000000000006
-4.838305483,-1.259681834, 7.400000000000006
-4.94099239,-1.211798143, 7.400000000000006
-5.050434167,-1.182473307, 7.400000000000006
-5.316168802,-1.172598347, 7.400000000000006
-5.61509822,-1.09140904, 7.400000000000006
-5.726679367,-1.071734273, 7.400000000000006
-6.093343158,-1.069260827, 7.400000000000006
-6.261575537,-1.09140904, 7.400000000000006
-6.521680677,-1.208013074, 7.400000000000006
-6.614492623,-1.273000699, 7.400000000000006
-6.759637604,-1.414647699, 7.400000000000006
-6.832467025,-1.501442423, 7.400000000000006
-6.940787018,-1.702902756, 7.400000000000006
-6.979538743,-1.809372246, 7.400000000000006
-6.99921351,-1.920953393, 7.400000000000006
-7.001686956,-2.235948424, 7.400000000000006
-6.991811996,-2.34881974, 7.400000000000006
-6.96248716,-2.458261517, 7.400000000000006
-6.871686956,-2.625948424, 7.400000000000006
-6.716680677,-2.832623463, 7.400000000000006
-6.511155104,-3.043889871, 7.400000000000006
-6.368045028,-3.135061044, 7.400000000000006
-6.014143607,-3.235007181, 7.400000000000006
-5.478300514,-3.348493815, 7.400000000000006
-7.400823382,-3.280466984, 6.799999999999997
-7.488199184,-3.103648887, 6.799999999999997
-7.751731118,-2.8399468, 6.799999999999997
-7.903356252,-2.630311437, 6.799999999999997
-7.969179739,-2.557104348, 6.799999999999997
-8.023979517,-2.463226636, 6.799999999999997
-8.141334837,-2.343747812, 6.799999999999997
-8.23250601,-2.200637736, 6.799999999999997
-8.271257736,-2.094168245, 6.799999999999997
-8.290932503,-1.978030944, 6.799999999999997
-8.335199748,-1.832132143, 6.799999999999997
-8.345074709,-1.719260827, 6.799999999999997
-8.345074709,-1.409248269, 6.799999999999997
-8.335199748,-1.296376954, 6.799999999999997
-8.288785912,-1.149765973, 6.799999999999997
-8.254206152,-0.980260137, 6.799999999999997
-8.206322461,-0.87757323, 6.799999999999997
-8.141334837,-0.784761284, 6.799999999999997
-8.061217895,-0.704644342, 6.799999999999997
-7.927579118,-0.620618854, 6.799999999999997
-7.751205337,-0.446300544, 6.799999999999997
-7.658393391,-0.381312919, 6.799999999999997
-7.433569947,-0.267595617, 6.799999999999997
-7.296712073,-0.17463788, 6.799999999999997
-7.139944452,-0.109702606, 6.799999999999997
-7.028363305,-0.090027839, 6.799999999999997
-6.899427753,-0.092784374, 6.799999999999997
-6.285124942,-0.077373426, 6.799999999999997
-6.145011917,-0.087554393, 6.799999999999997
-5.886668119,-0.087554393, 6.799999999999997
-5.773796803,-0.097429353, 6.799999999999997
-5.657819152,-0.139223153, 6.799999999999997
-5.427566175,-0.140835331, 6.799999999999997
-5.184247432,-0.191486141, 6.799999999999997
-4.675640126,-0.195154164, 6.799999999999997
-4.564637958,-0.217869084, 6.799999999999997
-3.907617196,-0.436766748, 6.799999999999997
-3.804930289,-0.484650439, 6.799999999999997
-3.557112063,-0.652975582, 6.799999999999997
-3.360298323,-0.846291342, 6.799999999999997
-3.235800142,-0.984754826, 6.799999999999997
-3.180486299,-1.079660668, 6.799999999999997
-3.050326179,-1.239254548, 6.799999999999997
-2.980196258,-1.37690323, 6.799999999999997
-2.926381266,-1.536312885, 6.799999999999997
-2.74409869,-1.910297812, 6.799999999999997
-2.663105094,-2.174745869, 6.799999999999997
-2.653230133,-2.287617184, 6.799999999999997
-2.653230133,-3.01097982, 6.799999999999997
-2.663105094,-3.123851135, 6.799999999999997
-2.731876065,-3.402972306, 6.799999999999997
-2.817467591,-3.647363008, 6.799999999999997
-2.925787584,-3.848823341, 6.799999999999997
-2.998617005,-3.935618065, 6.799999999999997
-3.240418008,-4.163453765, 6.799999999999997
-3.373885958,-4.252636557, 6.799999999999997
-3.447093047,-4.318460044, 6.799999999999997
-3.54521586,-4.375111277, 6.799999999999997
-3.679558195,-4.418777737, 6.799999999999997
-3.804930289,-4.503934007, 6.799999999999997
-3.907617196,-4.551817698, 6.799999999999997
-4.017058973,-4.581142534, 6.799999999999997
-4.129930289,-4.591017495, 6.799999999999997
-5.134283243,-4.586755243, 6.799999999999997
-5.24528541,-4.564040322, 6.799999999999997
-5.437287336,-4.500148938, 6.799999999999997
-5.592212228,-4.427451835, 6.799999999999997
-5.747299894,-4.396811419, 6.799999999999997
-5.894991878,-4.325213882, 6.799999999999997
-6.057312452,-4.2934739, 6.799999999999997
-6.159999359,-4.245590209, 6.799999999999997
-6.298891206,-4.144311561, 6.799999999999997
-6.471382547,-4.065098719, 6.799999999999997
-6.614492623,-3.973927545, 6.799999999999997
-6.669546555,-3.922371594, 6.799999999999997
-6.976173941,-3.715583747, 6.799999999999997
-7.069650162,-3.625605507, 6.799999999999997
-7.400823382,-3.280466984, 6.799999999999997
-1.276872513,-5.112899745, 5.199999999999999
-1.360124941,-5.512899745, 5.199999999999999
-1.406933451,-5.812899745, 5.199999999999999
-1.485662575,-6.012899745, 5.199999999999999
-1.69379841,-6.412899745, 5.199999999999999
-1.885645774,-6.712899745, 5.199999999999999
-2.185680496,-7.112899745, 5.199999999999999
-2.372787278,-7.312899745, 5.199999999999999
-2.585124942,-7.491091235, 5.199999999999999
-2.785124942,-7.621662632, 5.199999999999999
-3.085124942,-7.839940562, 5.199999999999999
-3.385124942,-8.068724988, 5.199999999999999
-3.585124942,-8.202899745, 5.199999999999999
-3.785124942,-8.30510158, 5.199999999999999
-3.985124942,-8.365916987, 5.199999999999999
-4.185124942,-8.400194827, 5.199999999999999
-4.385124942,-8.42266537, 5.199999999999999
-4.585124942,-8.431602035, 5.199999999999999
-4.873464198,-8.426636006, 5.199999999999999
-4.998765408,-8.456299512, 5.199999999999999
-5.111636723,-8.466174473, 5.199999999999999
-5.643183738,-8.466004603, 5.199999999999999
-5.755799808,-8.453551912, 5.199999999999999
-6.180274246,-8.361108845, 5.199999999999999
-6.447033136,-8.355805931, 5.199999999999999
-6.743679442,-8.284191021, 5.199999999999999
-6.935681367,-8.220299637, 5.199999999999999
-7.047001668,-8.16940483, 5.199999999999999
-7.28059764,-8.122806058, 5.199999999999999
-7.607375243,-8.013624599, 5.199999999999999
-7.757886834,-7.935273224, 5.199999999999999
-7.844681558,-7.862443803, 5.199999999999999
-8.010467324,-7.68671467, 5.199999999999999
-8.069777344,-7.590175713, 5.199999999999999
-8.150868633,-7.418462449, 5.199999999999999
-8.196840557,-7.275673074, 5.199999999999999
-8.285124942,-7.171990655, 5.199999999999999
-8.463545995,-6.912899745, 5.199999999999999
-8.579836481,-6.712899745, 5.199999999999999
-8.736926744,-6.412899745, 5.199999999999999
-8.830463925,-6.212899745, 5.199999999999999
-8.902188434,-6.012899745, 5.199999999999999
-9.002662256,-5.612899745, 5.199999999999999
-9.032288063,-5.212899745, 5.199999999999999
-9.032288063,-5.012899745, 5.199999999999999
-9.000431065,-4.612899745, 5.199999999999999
-8.959961543,-4.412899745, 5.199999999999999
-8.921062442,-4.112899745, 5.199999999999999
-8.910757854,-3.912899745, 5.199999999999999
-8.930155998,-3.612899745, 5.199999999999999
-8.962594078,-3.312899745, 5.199999999999999
-9.019696371,-3.112899745, 5.199999999999999
-9.053157729,-2.912899745, 5.199999999999999
-9.122496076,-2.712899745, 5.199999999999999
-9.145281192,-2.512899745, 5.199999999999999
-9.265821145,-2.212899745, 5.199999999999999
-9.321982085,-2.112899745, 5.199999999999999
-9.419499942,-1.812899745, 5.199999999999999
-9.442553514,-1.512899745, 5.199999999999999
-9.441982085,-1.312899745, 5.199999999999999
-9.419973427,-1.012899745, 5.199999999999999
-9.319688701,-0.712899745, 5.199999999999999
-9.229222164,-0.512899745, 5.199999999999999
-9.111767278,-0.312899745, 5.199999999999999
-9.027289121,-0.212899745, 5.199999999999999
-8.835124942,-0.012899745, 5.199999999999999
-8.585124942, 0.20790317593561092, 5.199999999999999
-8.385124942, 0.3355179776495518, 5.199999999999999
-8.185124942, 0.43295824425504925, 5.199999999999999
-8.085124942, 0.46883102536944854, 5.199999999999999
-7.785124942, 0.6502100122049708, 5.199999999999999
-7.685124942, 0.7291247959884508, 5.199999999999999
-7.485124942, 0.8591397298397592, 5.199999999999999
-7.285124942, 1.0006419228587635, 5.199999999999999
-7.085124942, 1.0973115238075124, 5.199999999999999
-6.885124942, 1.161323858603243, 5.199999999999999
-6.785124942, 1.2227211711839274, 5.199999999999999
-6.685124942, 1.2621002561825847, 5.199999999999999
-6.585124942, 1.3288295795578033, 5.199999999999999
-6.385124942, 1.4390843832754303, 5.199999999999999
-6.185124942, 1.5305961912700106, 5.199999999999999
-5.985124942,1.597346158, 5.199999999999999
-5.585124942, 1.6838595156828386, 5.199999999999999
-5.385124942, 1.6895041026130357, 5.199999999999999
-4.785124942, 1.6914691885073623, 5.199999999999999
-4.385124942, 1.6865739407608107, 5.199999999999999
-4.285124942, 1.6604698218020015, 5.199999999999999
-4.08655351, 1.5871002554976528, 5.199999999999999
-3.985124942, 1.563211367719875, 5.199999999999999
-3.885124942, 1.5090103689807997, 5.199999999999999
-3.785124942, 1.4809891454976523, 5.199999999999999
-3.685124942, 1.4209891454976535, 5.199999999999999
-3.585124942, 1.3830772681413315, 5.199999999999999
-3.485124942, 1.3097746752650945, 5.199999999999999
-3.285124942, 1.1865050185928911, 5.199999999999999
-3.185124942, 1.093807573790336, 5.199999999999999
-2.985124942, 0.9390233337027816, 5.199999999999999
-2.785124942, 0.7521002569262247, 5.199999999999999
-2.585124942, 0.5306716854976532, 5.199999999999999
-2.2944656, 0.1871002554976524, 5.199999999999999
-2.00542197,-0.212899745, 5.199999999999999
-1.88921585,-0.412899745, 5.199999999999999
-1.755689457,-0.712899745, 5.199999999999999
-1.604265566,-1.112899745, 5.199999999999999
-1.380828066,-1.612899745, 5.199999999999999
-1.267039834,-1.912899745, 5.199999999999999
-1.205195363,-2.112899745, 5.199999999999999
-1.159238416,-2.212899745, 5.199999999999999
-1.066462969,-2.512899745, 5.199999999999999
-0.965639647,-3.012899745, 5.199999999999999
-0.928781657,-3.412899745, 5.199999999999999
-0.937817248,-3.812899745, 5.199999999999999
-0.954324941,-4.012899745, 5.199999999999999
-0.998721432,-4.412899745, 5.199999999999999
-1.100028787,-4.712899745, 5.199999999999999
-1.276872513,-5.112899745, 5.199999999999999
-5.885124942,-8.624915249,5
-5.947124946,-8.612899745,5
-5.985124942,-8.605360063,5
-6.085124942,-8.584725142,5
-6.185124942,-8.56526195,5
-6.285124942,-8.55704037,5
-6.385124942,-8.550976668,5
-6.485124942,-8.538278533,5
-6.585124942,-8.518624936,5
-6.605958278,-8.512899745,5
-6.685124942,-8.490976668,5
-6.785124942,-8.464822822,5
-6.885124942,-8.434822822,5
-6.938898528,-8.412899745,5
-6.985124942,-8.393907497,5
-7.085124942,-8.361349358,5
-7.185124942,-8.335418829,5
-7.253729595,-8.312899745,5
-7.285124942,-8.302825118,5
-7.385124942,-8.272974372,5
-7.485124942,-8.24465157,5
-7.550050316,-8.212899745,5
-7.585124942,-8.19587076,5
-7.685124942,-8.155600475,5
-7.7547678,-8.112899745,5
-7.785124942,-8.093869895,5
-7.885124942,-8.047110272,5
-7.932032159,-8.012899745,5
-7.985124942,-7.971029827,5
-8.051947372,-7.912899745,5
-8.085124942,-7.877751231,5
-8.147505895,-7.812899745,5
-8.185124942,-7.762899746,5
-8.225846592,-7.712899745,5
-8.285124942,-7.623055996,5
-8.291967048,-7.612899745,5
-8.360668421,-7.512899745,5
-8.385124942,-7.456649747,5
-8.405958276,-7.412899745,5
-8.484507659,-7.312899745,5
-8.485124942,-7.31185808,5
-8.541672562,-7.212899745,5
-8.585124942,-7.133551921,5
-8.595339996,-7.112899745,5
-8.660898138,-7.012899745,5
-8.685124942,-6.965899747,5
-8.710605712,-6.912899745,5
-8.767235034,-6.812899745,5
-8.785124942,-6.773899747,5
-8.813106594,-6.712899745,5
-8.865755573,-6.612899745,5
-8.885124942,-6.572333709,5
-8.913503321,-6.512899745,5
-8.963443526,-6.412899745,5
-8.985124942,-6.36185808,5
-9.005210412,-6.312899745,5
-9.0437315,-6.212899745,5
-9.071818491,-6.112899745,5
-9.085124942,-6.071649747,5
-9.103341997,-6.012899745,5
-9.129018072,-5.912899745,5
-9.147048019,-5.812899745,5
-9.168837063,-5.712899745,5
-9.185124942,-5.638761817,5
-9.190680498,-5.612899745,5
-9.197168738,-5.512899745,5
-9.202750842,-5.412899745,5
-9.207624942,-5.312899745,5
-9.211533393,-5.212899745,5
-9.212237618,-5.112899745,5
-9.211720687,-5.012899745,5
-9.205482085,-4.912899745,5
-9.19682707,-4.812899745,5
-9.185124942,-4.757899741,5
-9.175550474,-4.712899745,5
-9.160975282,-4.612899745,5
-9.143570888,-4.512899745,5
-9.124791609,-4.412899745,5
-9.108826241,-4.312899745,5
-9.085515567,-4.212899745,5
-9.085124942,-4.211583952,5
-9.061833017,-4.112899745,5
-9.057937442,-4.012899745,5
-9.056062442,-3.912899745,5
-9.058727427,-3.812899745,5
-9.061976794,-3.712899745,5
-9.071273591,-3.612899745,5
-9.078190636,-3.512899745,5
-9.085124942,-3.46289975,5
-9.092059249,-3.412899745,5
-9.106904083,-3.312899745,5
-9.121982085,-3.212899745,5
-9.13401997,-3.112899745,5
-9.14269251,-3.012899745,5
-9.151881699,-2.912899745,5
-9.185124942,-2.818284361,5
-9.187796698,-2.812899745,5
-9.220253147,-2.712899745,5
-9.232016134,-2.612899745,5
-9.242305793,-2.512899745,5
-9.285124942,-2.426340606,5
-9.294053514,-2.412899745,5
-9.339338425,-2.312899745,5
-9.385124942,-2.223339306,5
-9.392059249,-2.212899745,5
-9.441270193,-2.112899745,5
-9.46791715,-2.012899745,5
-9.485124942,-1.980183696,5
-9.516267799,-1.912899745,5
-9.535124942,-1.812899745,5
-9.546553514,-1.712899745,5
-9.554952528,-1.612899745,5
-9.560568729,-1.512899745,5
-9.561932171,-1.412899745,5
-9.561017799,-1.312899745,5
-9.557668295,-1.212899745,5
-9.553654354,-1.112899745,5
-9.548517799,-1.012899745,5
-9.533581732,-0.912899745,5
-9.512368532,-0.812899745,5
-9.485124942,-0.720508438,5
-9.482453187,-0.712899745,5
-9.44019251,-0.612899745,5
-9.406553514,-0.512899745,5
-9.385124942,-0.478284359,5
-9.342926361,-0.412899745,5
-9.296692106,-0.312899745,5
-9.285124942,-0.297243178,5
-9.223727883,-0.212899745,5
-9.185124942,-0.169866957,5
-9.131248973,-0.112899745,5
-9.085124942,-0.065299744,5
-9.034349748,-0.012899745,5
-8.985124942,0.036325062,5
-8.932724942,0.087100255,5
-8.885124942, 0.1318370983547954,5
-8.825368845, 0.1871002554976524,5
-8.785124942, 0.22296982143968158,5
-8.710755194, 0.28710025549765383,5
-8.685124942, 0.3087314618806314,5
-8.585124942, 0.36690158066321565,5
-8.552329244, 0.3871002554976535,5
-8.485124942, 0.4271643587027807,5
-8.385124942, 0.4697799947133401,5
-8.355011306, 0.4871002554976531,5
-8.285124942, 0.5237073989500338,5
-8.185124942, 0.5523301411298362,5
-8.116374943, 0.5871002554976528,5
-8.085124942, 0.6048421916266857,5
-7.985124942, 0.6505505484801102,5
-7.935521768, 0.6871002554976524,5
-7.885124942,0.72654125,5
-7.791374942, 0.7871002554976538,5
-7.785124942, 0.7919510025125778,5
-7.685124942, 0.8546928487075309,5
-7.643458276, 0.8871002554976535,5
-7.585124942, 0.9339155427587986,5
-7.517786233, 0.9871002554976531,5
-7.485124942, 1.014839982209983,5
-7.385124942, 1.0759491770803873,5
-7.369145561, 1.0871002554976528,5
-7.285124942, 1.1380377561226531,5
-7.185757854, 1.1871002554976524,5
-7.185124942, 1.1874908812789027,5
-7.085124942, 1.2334638924673502,5
-6.985124942, 1.2627175400655553,5
-6.943545995, 1.2871002554976538,5
-6.885124942, 1.3236134140502838,5
-6.785124942, 1.3851771793438061,5
-6.781999943, 1.3871002554976517,5
-6.685124942, 1.447647131278904,5
-6.634114842, 1.4871002554976531,5
-6.585124942, 1.5259002562976534,5
-6.485124942,1.581638071,5
-6.476220833, 1.5871002554976528,5
-6.385124942, 1.6411652969610682,5
-6.300796585, 1.6871002554976524,5
-6.285124942, 1.6957779422745123,5
-6.185124942, 1.7387262725708243,5
-6.085124942, 1.7716835896643186,5
-6.036440734, 1.7871002554976538,5
-5.985124942,1.803215959,5
-5.885124942, 1.8312179033968121,5
-5.785124942, 1.8605785172367835,5
-5.685124942, 1.8866692218769625,5
-5.682624947, 1.8871002554976535,5
-5.585124942, 1.9053245554976534,5
-5.485124942, 1.9196245283131859,5
-5.385124942, 1.926806138830985,5
-5.285124942, 1.9281893653986426,5
-5.185124942, 1.929179464408545,5
-5.085124942, 1.9301695634184455,5
-4.985124942, 1.931159662428346,5
-4.885124942, 1.9321497614382466,5
-4.785124942, 1.9326002564976523,5
-4.685124942, 1.9326002564976523,5
-4.585124942, 1.9320497514572494,5
-4.485124942, 1.931488011620102,5
-4.385124942, 1.9274063789670404,5
-4.285124942, 1.9046534480508441,5
-4.188066112, 1.8871002554976535,5
-4.185124942, 1.8866616598836181,5
-4.085124942, 1.8649411657249253,5
-3.985124942, 1.8152611761873096,5
-3.887124938, 1.7871002554976538,5
-3.885124942, 1.786573940760812,5
-3.785124942, 1.7371002566212486,5
-3.68623605, 1.6871002554976524,5
-3.685124942, 1.6866538278190824,5
-3.585124942, 1.6469903664866639,5
-3.486034031, 1.5871002554976528,5
-3.485124942, 1.5866498059481042,5
-3.385124942, 1.5347473154976523,5
-3.305713175, 1.4871002554976531,5
-3.285124942, 1.4741372937692585,5
-3.185124942, 1.387695494783367,5
-3.184247747, 1.3871002554976535,5
-3.085124942, 1.319838351926224,5
-3.04215619, 1.2871002554976538,5
-2.985124942, 1.2420385283371598,5
-2.916663402, 1.1871002554976524,5
-2.885124942, 1.160126572602918,5
-2.79840619, 1.0871002554976528,5
-2.785124942, 1.0754564212510793,5
-2.691646679, 0.9871002554976531,5
-2.685124942, 0.9806716854976525,5
-2.595398913, 0.8871002554976535,5
-2.585124942, 0.8760708452035342,5
-2.507560838, 0.7871002554976538,5
-2.485124942, 0.7613649628505943,5
-2.422779261, 0.6871002554976524,5
-2.385124942, 0.6435288283547962,5
-2.338101131, 0.5871002554976528,5
-2.285124942,0.523528828,5
-2.256473255, 0.4871002554976531,5
-2.185124942, 0.3894079493438056,5
-2.183494506, 0.3871002554976535,5
-2.102866876, 0.28710025549765383,5
-2.085124942, 0.26210025701280415,5
-2.033019677, 0.1871002554976524,5
-1.985124942, 0.1201884922623595,5
-1.962165757,0.087100255,5
-1.888624941,-0.012899745,5
-1.885124942,-0.018455298,5
-1.826214049,-0.112899745,5
-1.785124942,-0.179835227,5
-1.765966062,-0.212899745,5
-1.711231135,-0.312899745,5
-1.685124942,-0.37074288,5
-1.666748872,-0.412899745,5
-1.625207585,-0.512899745,5
-1.591272482,-0.612899745,5
-1.585124942,-0.628205865,5
-1.552447775,-0.712899745,5
-1.520396259,-0.812899745,5
-1.485124942,-0.897159002,5
-1.478535793,-0.912899745,5
-1.44199517,-1.012899745,5
-1.406778484,-1.112899745,5
-1.385124942,-1.157254582,5
-1.358380755,-1.212899745,5
-1.320396259,-1.312899745,5
-1.285124942,-1.383993493,5
-1.271002803,-1.412899745,5
-1.233231001,-1.512899745,5
-1.198727882,-1.612899745,5
-1.185124942,-1.642738453,5
-1.154273877,-1.712899745,5
-1.1284348,-1.812899745,5
-1.099460605,-1.912899745,5
-1.085124942,-1.945964259,5
-1.056305496,-2.012899745,5
-1.025772423,-2.112899745,5
-0.986287731,-2.212899745,5
-0.985124942,-2.215840919,5
-0.950018558,-2.312899745,5
-0.923068203,-2.412899745,5
-0.898761304,-2.512899745,5
-0.885124942,-2.554389104,5
-0.865621395,-2.612899745,5
-0.845196883,-2.712899745,5
-0.822992588,-2.812899745,5
-0.801791607,-2.912899745,5
-0.785124942,-2.983212241,5
-0.778087904,-3.012899745,5
-0.768580823,-3.112899745,5
-0.757886135,-3.212899745,5
-0.744899377,-3.312899745,5
-0.739229418,-3.412899745,5
-0.738884339,-3.512899745,5
-0.739291607,-3.612899745,5
-0.739705093,-3.712899745,5
-0.742101685,-3.812899745,5
-0.746453066,-3.912899745,5
-0.752188433,-4.012899745,5
-0.759515185,-4.112899745,5
-0.767356346,-4.212899745,5
-0.776226636,-4.312899745,5
-0.785124942,-4.408354299,5
-0.785528167,-4.412899745,5
-0.799989805,-4.512899745,5
-0.832321202,-4.612899745,5
-0.871445695,-4.712899745,5
-0.885124942,-4.761233081,5
-0.899610922,-4.812899745,5
-0.946553512,-4.912899745,5
-0.985124942,-5.011680235,5
-0.98559223,-5.012899745,5
-1.028328824,-5.112899745,5
-1.067505893,-5.212899745,5
-1.085124942,-5.310268171,5
-1.085571369,-5.312899745,5
-1.101943122,-5.412899745,5
-1.122975408,-5.512899745,5
-1.134634744,-5.612899745,5
-1.149266355,-5.712899745,5
-1.17106244,-5.812899745,5
-1.185124942,-5.909328323,5
-1.18559223,-5.912899745,5
-1.22262494,-6.012899745,5
-1.282347163,-6.112899745,5
-1.285124942,-6.119656504,5
-1.323458274,-6.212899745,5
-1.385124942,-6.312006889,5
-1.38559223,-6.312899745,5
-1.439912174,-6.412899745,5
-1.485124942,-6.501441413,5
-1.490680496,-6.512899745,5
-1.561929064,-6.612899745,5
-1.585124942,-6.648614032,5
-1.627756519,-6.712899745,5
-1.685124942,-6.80373308,5
-1.690680496,-6.812899745,5
-1.766052776,-6.912899745,5
-1.785124942,-6.940105628,5
-1.838929288,-7.012899745,5
-1.885124942,-7.077293685,5
-1.911529435,-7.112899745,5
-1.985124942,-7.21214217,5
-1.985624941,-7.212899745,5
-2.062965849,-7.312899745,5
-2.085124942,-7.339983079,5
-2.149939755,-7.412899745,5
-2.185124942,-7.447655843,5
-2.259430496,-7.512899745,5
-2.285124942,-7.533686262,5
-2.385124942,-7.612389541,5
-2.385918591,-7.612899745,5
-2.485124942,-7.679389107,5
-2.535931392,-7.712899745,5
-2.585124942,-7.744022195,5
-2.685124942,-7.812414309,5
-2.685871209,-7.812899745,5
-2.785124942,-7.881456447,5
-2.829977881,-7.912899745,5
-2.885124942,-7.950778533,5
-2.968233048,-8.012899745,5
-2.985124942,-8.025035668,5
-3.085124942,-8.097995899,5
-3.106955926,-8.112899745,5
-3.185124942,-8.168960352,5
-3.242361782,-8.212899745,5
-3.285124942,-8.245399746,5
-3.37512494,-8.312899745,5
-3.385124942,-8.320111284,5
-3.485124942,-8.387436782,5
-3.53512494,-8.412899745,5
-3.585124942,-8.438843142,5
-3.685124942,-8.492992338,5
-3.744847161,-8.512899745,5
-3.785124942,-8.526081564,5
-3.885124942,-8.559359922,5
-3.985124942,-8.582227476,5
-4.085124942,-8.595957597,5
-4.185124942,-8.606851358,5
-4.278874929,-8.612899745,5
-4.285124942,-8.613293446,5
-4.385124942,-8.620264086,5
-4.485124942,-8.624053591,5
-4.585124942,-8.626361284,5
-4.685124942,-8.625592053,5
-4.785124942,-8.624822822,5
-4.885124942,-8.629438207,5
-4.985124942,-8.642159005,5
-5.085124942,-8.649493948,5
-5.185124942,-8.650669529,5
-5.285124942,-8.650669529,5
-5.385124942,-8.650669529,5
-5.485124942,-8.650669529,5
-5.585124942,-8.650669529,5
-5.685124942,-8.649031132,5
-5.785124942,-8.639392283,5
-5.885124942,-8.624915249,5
-3.531599048,-2.029273385, 7.199999999999999
-3.564954905,-1.823725338, 7.199999999999999
-3.651890134,-1.583578269, 7.199999999999999
-3.752487739,-1.398104903, 7.199999999999999
-3.993047974,-1.143922277, 7.199999999999999
-4.14925401,-1.034545634, 7.199999999999999
-4.262305643,-0.981157197, 7.199999999999999
-4.373286646,-0.898000516, 7.199999999999999
-4.525752069,-0.82104829, 7.199999999999999
-4.631630444,-0.742994237, 7.199999999999999
-4.785266093,-0.665141928, 7.199999999999999
-4.891735584,-0.626390203, 7.199999999999999
-5.003316731,-0.606715436, 7.199999999999999
-5.116282505,-0.605828391, 7.199999999999999
-5.257109206,-0.562448191, 7.199999999999999
-5.378984905,-0.55257323, 7.199999999999999
-5.515453005,-0.510779431, 7.199999999999999
-5.67999308,-0.50090447, 7.199999999999999
-6.351686956,-0.50090447, 7.199999999999999
-6.464558272,-0.510779431, 7.199999999999999
-6.729006328,-0.591773027, 7.199999999999999
-6.935030755,-0.691325477, 7.199999999999999
-7.027842701,-0.756313102, 7.199999999999999
-7.208149514,-0.936619915, 7.199999999999999
-7.337855259,-1.0146569, 7.199999999999999
-7.417972201,-1.094773842, 7.199999999999999
-7.482959825,-1.187585788, 7.199999999999999
-7.530843516,-1.290272695, 7.199999999999999
-7.560168352,-1.399714473, 7.199999999999999
-7.570043313,-1.667592068, 7.199999999999999
-7.570043313,-2.339285944, 7.199999999999999
-7.560168352,-2.452157259, 7.199999999999999
-7.485018697,-2.699840271, 7.199999999999999
-7.439957443,-2.803796666, 7.199999999999999
-7.377528932,-2.898348925, 7.199999999999999
-7.302304034,-2.976539927, 7.199999999999999
-7.172947267,-3.232642301, 7.199999999999999
-7.107959643,-3.325454247, 7.199999999999999
-6.957987907,-3.451148576, 7.199999999999999
-6.821167662,-3.612246227, 7.199999999999999
-6.728355716,-3.677233852, 7.199999999999999
-6.455190631,-3.814037793, 7.199999999999999
-6.347702474,-3.849867178, 7.199999999999999
-6.189554614,-3.866645366, 7.199999999999999
-6.012652158,-3.915061366, 7.199999999999999
-5.937928795,-3.916194821, 7.199999999999999
-5.69321918,-4.000512925, 7.199999999999999
-5.581638034,-4.020187692, 7.199999999999999
-5.272559896,-4.021048959, 7.199999999999999
-5.031618067,-3.970992378, 7.199999999999999
-4.822981757,-3.944015206, 7.199999999999999
-4.717610367,-3.902370052, 7.199999999999999
-4.510935328,-3.799032533, 7.199999999999999
-4.242561184,-3.623471718, 7.199999999999999
-4.111807486,-3.495723494, 7.199999999999999
-4.015449404,-3.440091129, 7.199999999999999
-3.82531716,-3.263924189, 7.199999999999999
-3.722020055,-3.129304781, 7.199999999999999
-3.592498987,-2.872331612, 7.199999999999999
-3.553747261,-2.765862122, 7.199999999999999
-3.534072495,-2.654280975, 7.199999999999999
-3.531599048,-2.029273385, 7.199999999999999
-5.276176798,-4.684480054,7
-4.698286646,-4.694355014,7
-4.530054266,-4.672206801,7
-4.423584775,-4.633455076,7
-4.263687276,-4.525496479,7
-4.151287881,-4.512371563,7
-3.942578971,-4.419057649,7
-3.660449583,-4.232271344,7
-3.528663881,-4.100485642,7
-3.360338737,-3.852667417,7
-3.25206132,-3.562412212,7
-3.132462623,-3.435473263,7
-3.07581139,-3.33735045,7
-3.037059664,-3.230880959,7
-3.017298074,-3.111870148,7
-2.973117652,-2.968844856,7
-2.963242692,-2.804304781,7
-2.963242692,-2.184279665,7
-2.973117652,-2.071408349,7
-3.02414263,-1.909577794,7
-3.12619828,-1.762451214,7
-3.17461178,-1.60951272,7
-3.275728696,-1.463415875,7
-3.295403463,-1.344353409,7
-3.360338737,-1.187585788,7
-3.494143941,-0.933086066,7
-3.618642121,-0.794622582,7
-3.87698592,-0.536278784,7
-3.963780644,-0.463449363,7
-4.061903457,-0.40679813,7
-4.323379227,-0.316377645,7
-4.447469158,-0.296556699,7
-4.540461291,-0.245665944,7
-4.647788847,-0.209358307,7
-4.759790611,-0.192239499,7
-5.160205734,-0.191054056,7
-5.418127459,-0.148067102,7
-5.86799486,-0.140419019,7
-6.083809362,-0.097429353,7
-6.248349437,-0.087554393,7
-6.765037034,-0.087554393,7
-6.877908349,-0.097429353,7
-7.142356406,-0.178422949,7
-7.348380832,-0.2779754,7
-7.596199058,-0.446300544,7
-7.779653519,-0.629755005,7
-7.844641143,-0.722566951,7
-7.892524834,-0.825253858,7
-8.012913937,-1.292684649,7
-8.032588704,-1.404265796,7
-8.03506215,-2.597629742,7
-8.02518719,-2.710501058,7
-7.995862354,-2.819942835,7
-7.947978663,-2.922629742,7
-7.730808936,-3.250177157,7
-7.662935853,-3.340900326,7
-7.172987682,-3.832280546,7
-7.086192958,-3.905109967,7
-7.003802097,-3.949797371,7
-6.872836422,-4.077265065,7
-6.780024476,-4.142252689,7
-6.623256855,-4.207187964,7
-6.514157117,-4.224823189,7
-6.285763101,-4.31837359,7
-6.144503802,-4.409262865,7
-6.040547407,-4.454324119,7
-5.814874819,-4.522795578,7
-5.643962375,-4.603486458,7
-5.495964561,-4.638424002,7
-5.418407468,-4.639865506,7
-5.276176798,-4.684480054,7
-1.879174642,-3.109246666, 6.399999999999999
-1.878198738,-2.597629742, 6.399999999999999
-1.888073698,-2.484758427, 6.399999999999999
-1.932340944,-2.345762423, 6.399999999999999
-1.95201571,-2.222722324, 6.399999999999999
-2.016950985,-2.065954703, 6.399999999999999
-2.05614461,-2.009980406, 6.399999999999999
-2.101827343,-1.893590828, 6.399999999999999
-2.202424948,-1.708117462, 6.399999999999999
-2.252253381,-1.648734247, 6.399999999999999
-2.279079852,-1.548616494, 6.399999999999999
-2.326963543,-1.445929587, 6.399999999999999
-2.491834926,-1.226026552, 6.399999999999999
-2.607391163,-1.048693141, 6.399999999999999
-2.678217368,-0.960256173, 6.399999999999999
-2.763324482,-0.885461602, 6.399999999999999
-2.855322898,-0.83457917, 6.399999999999999
-3.002510951,-0.693418851, 6.399999999999999
-3.09706321,-0.630990341, 6.399999999999999
-3.243573573,-0.572898606, 6.399999999999999
-3.432689936,-0.422161778, 6.399999999999999
-3.649286524,-0.302822942, 6.399999999999999
-3.785124942,-0.175399743, 6.399999999999999
-3.985124942,-0.01338518, 6.399999999999999
-4.085124942,0.04543359, 6.399999999999999
-4.285124942, 0.12323887034913916, 6.399999999999999
-4.485124942, 0.18444068209339726, 6.399999999999999
-4.585124942, 0.19803775653931943, 6.399999999999999
-4.785124942, 0.2513159427525533, 6.399999999999999
-4.977945865, 0.25681557533251503, 6.399999999999999
-5.139167514, 0.31317312404799946, 6.399999999999999
-5.412115485, 0.36758948401406843, 6.399999999999999
-5.510127383,0.377294574, 6.399999999999999
-5.725395266, 0.36897183723894467, 6.399999999999999
-5.885124942, 0.4295814592570508, 6.399999999999999
-6.085124942, 0.44230858952542995, 6.399999999999999
-6.685124942, 0.41253885257367706, 6.399999999999999
-6.785124942, 0.39602882764051195, 6.399999999999999
-6.985124942, 0.33417627947426176, 6.399999999999999
-7.385124942, 0.1357415603889578, 6.399999999999999
-7.586513831,-0.012899745, 6.399999999999999
-7.872836807,-0.212899745, 6.399999999999999
-8.085124942,-0.405989175, 6.399999999999999
-8.190324942,-0.512899745, 6.399999999999999
-8.3403537,-0.712899745, 6.399999999999999
-8.423416081,-0.912899745, 6.399999999999999
-8.473811074,-1.312899745, 6.399999999999999
-8.483201865,-1.512899745, 6.399999999999999
-8.480989604,-1.712899745, 6.399999999999999
-8.448976294,-2.112899745, 6.399999999999999
-8.405594741,-2.312899745, 6.399999999999999
-8.321591108,-2.512899745, 6.399999999999999
-8.206553514,-2.712899745, 6.399999999999999
-8.132054767,-2.812899745, 6.399999999999999
-7.884575492,-3.212899745, 6.399999999999999
-7.728643462,-3.412899745, 6.399999999999999
-7.683905432,-3.512899745, 6.399999999999999
-7.484543547,-3.712899745, 6.399999999999999
-7.480124952,-3.812899745, 6.399999999999999
-7.21315766,-4.08377974, 6.399999999999999
-7.156693235,-4.261144282, 6.399999999999999
-7.156693235,-4.561042611, 6.399999999999999
-7.134545022,-4.72927499, 6.399999999999999
-7.03640215,-4.955068968, 6.399999999999999
-6.881395871,-5.265081526, 6.399999999999999
-6.838661615,-5.324394788, 6.399999999999999
-6.807480881,-5.45504958, 6.399999999999999
-6.759597189,-5.557736487, 6.399999999999999
-6.694609565,-5.650548434, 6.399999999999999
-6.407817584,-5.937340414, 6.399999999999999
-6.315005638,-6.002328039, 6.399999999999999
-6.212318731,-6.05021173, 6.399999999999999
-6.003231738,-6.118932073, 6.399999999999999
-5.739027128,-6.1557121, 6.399999999999999
-5.482851837,-6.234542845, 6.399999999999999
-5.360976138,-6.244417805, 6.399999999999999
-5.224508039,-6.286211604, 6.399999999999999
-4.956630444,-6.296086565, 6.399999999999999
-4.637613502,-6.296086565, 6.399999999999999
-4.501145403,-6.337880364, 6.399999999999999
-4.233267808,-6.347755325, 6.399999999999999
-4.02771976,-6.314399468, 6.399999999999999
-3.978693008,-6.296086565, 6.399999999999999
-3.769419932,-6.277620171, 6.399999999999999
-3.59825525,-6.209003077, 6.399999999999999
-3.339260839,-6.153549249, 6.399999999999999
-3.236573932,-6.105665558, 6.399999999999999
-3.079686106,-5.97654785, 6.399999999999999
-2.926561374,-5.898990519, 6.399999999999999
-2.7093273,-5.754804141, 6.399999999999999
-2.560799065,-5.611168502, 6.399999999999999
-2.42039935,-5.523990337, 6.399999999999999
-2.236944889,-5.340535875, 6.399999999999999
-2.171957264,-5.247723929, 6.399999999999999
-2.094104955,-5.09408828, 6.399999999999999
-1.983706486,-4.770496014, 6.399999999999999
-1.887429917,-4.577400683, 6.399999999999999
-1.784736179,-4.260563849, 6.399999999999999
-1.774861218,-4.147692533, 6.399999999999999
-1.774861218,-3.475998657, 6.399999999999999
-1.784736179,-3.363127342, 6.399999999999999
-1.814061015,-3.253685564, 6.399999999999999
-1.879174642,-3.109246666, 6.399999999999999
-8.345074709,-3.28757517,6
-8.345074709,-4.096023774,6
-8.318097536,-4.281341221,6
-8.2236412,-4.551287411,6
-8.241737189,-4.664380131,6
-8.234706167,-4.81139507,6
-8.208381333,-4.921596938,6
-8.105043813,-5.231609496,6
-8.03506215,-5.487311288,6
-8.012913937,-5.659312665,6
-7.917290634,-5.879309954,6
-7.840856075,-6.126743457,6
-7.792972384,-6.229430364,6
-7.727984759,-6.32224231,6
-7.579577533,-6.446625392,6
-7.509712735,-6.542360872,6
-7.427437535,-6.620259781,6
-7.245693926,-6.721905606,6
-7.16589011,-6.745633234,6
-7.038368274,-6.829028194,6
-6.867203592,-6.897645287,6
-6.75153485,-6.917054762,6
-6.608903764,-6.986093345,6
-6.345729084,-7.066777713,6
-6.212318731,-7.135255684,6
-6.011660955,-7.182893095,6
-5.833872368,-7.244437143,6
-5.68364834,-7.272178282,6
-5.495964561,-7.325199507,6
-4.646617886,-7.329461759,6
-4.461300439,-7.302484587,6
-4.394694139,-7.276454288,6
-3.664911451,-7.277792999,6
-3.479594005,-7.250815827,6
-3.235203302,-7.165224301,6
-2.978230133,-7.035703233,6
-2.885418187,-6.970715608,6
-2.780764424,-6.8533269,6
-2.699231758,-6.787786928,6
-2.430260648,-6.51905605,6
-2.357431227,-6.432261326,6
-2.25301262,-6.234205567,6
-2.099087428,-6.018911249,6
-2.042436196,-5.920788435,6
-2.00368447,-5.814318944,6
-1.984009703,-5.702737798,6
-1.982933112,-5.588122442,6
-1.920885935,-5.368217547,6
-1.814061015,-5.145037022,6
-1.745340672,-4.88428127,6
-1.725954643,-4.764350247,6
-1.68139866,-4.622245167,6
-1.671572077,-4.345180391,6
-1.624117191,-4.170339053,6
-1.619854939,-2.597629742,6
-1.638321334,-2.443794424,6
-1.706938427,-2.272629742,6
-1.912762813,-1.961707329,6
-2.050158583,-1.686915789,6
-2.099087428,-1.604779942,6
-2.272357326,-1.417544741,6
-2.363580225,-1.212899745,6
-2.468168419,-1.012899745,6
-2.685124942,-0.682618053,6
-2.785124942,-0.55456641,6
-2.985124942,-0.340008177,6
-3.485124942, 0.1477252567476537,6
-3.685124942, 0.32673440305862833,6
-3.885124942, 0.47193171729540495,6
-4.085124942, 0.5665739407608115,6
-4.185124942, 0.5866692218769654,6
-4.385124942,0.661036427,6
-4.485124942, 0.6866194872284233,6
-4.785124942, 0.7376002564976538,6
-5.085124942, 0.7460111475768603,6
-5.385124942, 0.7632684807312966,6
-5.785124942, 0.8142656106157613,6
-5.885124942, 0.8180162867953626,6
-6.085124942, 0.7940855503505944,6
-6.585124942, 0.6985585895254314,6
-6.885124942, 0.6297473149094195,6
-6.985124942, 0.5973115238075106,6
-7.185124942,0.505074112,6
-7.547737555, 0.28710025549765206,6
-7.885124942, 0.060629667915954144,6
-8.085124942,-0.066167718,6
-8.35781725,-0.312899745,6
-8.540482085,-0.512899745,6
-8.615397051,-0.612899745,6
-8.706878189,-0.812899745,6
-8.760124942,-1.012899745,6
-8.814969904,-1.112899745,6
-8.84742653,-1.212899745,6
-8.873292881,-1.412899745,6
-8.871663404,-1.712899745,6
-8.861079141,-1.812899745,6
-8.800970013,-2.112899745,6
-8.762335827,-2.212899745,6
-8.744780115,-2.312899745,6
-8.659185093,-2.612899745,6
-8.623124942,-2.712899745,6
-8.457665926,-3.012899745,6
-8.345074709,-3.28757517,6
-8.495818736,-4.228383533, 5.799999999999997
-8.448412228,-4.053645942, 5.799999999999997
-8.448412228,-3.839272443, 5.799999999999997
-8.500080988,-3.527374559, 5.799999999999997
-8.529601534,-3.437555998, 5.799999999999997
-8.549276301,-3.303766293, 5.799999999999997
-8.687540726,-2.951687215, 5.799999999999997
-8.774678818,-2.819292223, 5.799999999999997
-8.822562509,-2.716605316, 5.799999999999997
-8.851887345,-2.607163538, 5.799999999999997
-8.861762306,-2.487064542, 5.799999999999997
-8.888421631,-2.414517157, 5.799999999999997
-9.058562384,-1.832132143, 5.799999999999997
-9.068437344,-1.719260827, 5.799999999999997
-9.068437344,-1.357579509, 5.799999999999997
-9.058562384,-1.244708194, 5.799999999999997
-9.029237548,-1.135266416, 5.799999999999997
-8.981353857,-1.032579509, 5.799999999999997
-8.884595864,-0.907997195, 5.799999999999997
-8.826791609,-0.712899745, 5.799999999999997
-8.72253753,-0.512899745, 5.799999999999997
-8.644053514,-0.412899745, 5.799999999999997
-8.46133462,-0.212899745, 5.799999999999997
-8.185124942,0.022489867, 5.799999999999997
-8.085124942,0.075398129, 5.799999999999997
-7.885124942, 0.20476692283098785, 5.799999999999997
-7.785124942, 0.2551126784790192, 5.799999999999997
-7.585124942, 0.4028720682493301, 5.799999999999997
-7.485124942, 0.45287406561670274, 5.799999999999997
-7.385124942, 0.5255851045885631, 5.799999999999997
-7.185124942, 0.6340327714485721, 5.799999999999997
-6.985124942, 0.7293158249587304, 5.799999999999997
-6.685124942, 0.8203300697833686, 5.799999999999997
-6.485124942, 0.8589545607956648, 5.799999999999997
-6.385124942, 0.8976841978334189, 5.799999999999997
-5.985124942, 1.0001954943865439, 5.799999999999997
-5.885124942, 1.0127100124082222, 5.799999999999997
-5.685124942, 1.015609028304672, 5.799999999999997
-5.385124942, 0.9885708447133403, 5.799999999999997
-4.785124942, 0.9826448109431976, 5.799999999999997
-4.585124942, 0.9633628827703795, 5.799999999999997
-4.185124942, 0.8575303640998033, 5.799999999999997
-4.085124942, 0.8112938049600213, 5.799999999999997
-3.985124942,0.785487353, 5.799999999999997
-3.785124942, 0.6831676723515852, 5.799999999999997
-3.485124942, 0.4742953786683852, 5.799999999999997
-3.385124942, 0.38649784706391976, 5.799999999999997
-2.88572735,-0.112899745, 5.799999999999997
-2.785124942,-0.224083954, 5.799999999999997
-2.585124942,-0.468379195, 5.799999999999997
-2.485124942,-0.605153264, 5.799999999999997
-2.356616169,-0.812899745, 5.799999999999997
-2.253567564,-1.012899745, 5.799999999999997
-2.021236052,-1.512899745, 5.799999999999997
-1.866907886,-1.812899745, 5.799999999999997
-1.770786705,-2.012899745, 5.799999999999997
-1.650265786,-2.312899745, 5.799999999999997
-1.566722163,-2.612899745, 5.799999999999997
-1.551908158,-2.712899745, 5.799999999999997
-1.513227131,-3.112899745, 5.799999999999997
-1.495945836,-3.412899745, 5.799999999999997
-1.505200698,-3.612899745, 5.799999999999997
-1.531187933,-3.812899745, 5.799999999999997
-1.616265292,-4.212899745, 5.799999999999997
-1.622328386,-4.462687565, 5.799999999999997
-1.642003152,-4.574268711, 5.799999999999997
-1.677512421,-4.671829625, 5.799999999999997
-1.68139866,-4.777251446, 5.799999999999997
-1.723252995,-4.913562822, 5.799999999999997
-1.733067419,-5.138932764, 5.799999999999997
-1.814061015,-5.45504958, 5.799999999999997
-1.878452943,-5.597323379, 5.799999999999997
-1.888073698,-5.707289121, 5.799999999999997
-1.932326206,-5.848743394, 5.799999999999997
-1.947655178,-5.952114641, 5.799999999999997
-1.983484564,-6.059602798, 5.799999999999997
-2.037434743,-6.159236261, 5.799999999999997
-2.300250429,-6.538937525, 5.799999999999997
-2.378632303,-6.694449201, 5.799999999999997
-2.499342395,-6.846481596, 5.799999999999997
-2.564106266,-6.948948923, 5.799999999999997
-2.66319868,-7.062006641, 5.799999999999997
-2.753632486,-7.200611225, 5.799999999999997
-3.143761986,-7.590740725, 5.799999999999997
-3.236573932,-7.655728349, 5.799999999999997
-3.393341553,-7.720663624, 5.799999999999997
-3.508091833,-7.740338391, 5.799999999999997
-3.686269043,-7.819172184, 5.799999999999997
-3.86987074,-7.845999248, 5.799999999999997
-4.099619121,-7.922509703, 5.799999999999997
-4.284936568,-7.949486876, 5.799999999999997
-5.266643002,-7.949486876, 5.799999999999997
-5.431183077,-7.939611915, 5.799999999999997
-5.572887661,-7.895912192, 5.799999999999997
-5.633306793,-7.89534467, 5.799999999999997
-5.798968654,-7.858618319, 5.799999999999997
-5.96343942,-7.780389429, 5.799999999999997
-6.300184352,-7.689194771, 5.799999999999997
-6.399817814,-7.635244591, 5.799999999999997
-6.626820146,-7.475075683, 5.799999999999997
-6.84225227,-7.356535692, 5.799999999999997
-6.951469796,-7.257261534, 5.799999999999997
-7.02002762,-7.220280191, 5.799999999999997
-7.245043313,-7.139040752, 5.799999999999997
-7.417407189,-7.002495635, 5.799999999999997
-7.527416485,-6.931240773, 5.799999999999997
-7.608095261,-6.906880503, 5.799999999999997
-7.751205337,-6.815709329, 5.799999999999997
-7.896350318,-6.67406233, 5.799999999999997
-7.973864866,-6.579152726, 5.799999999999997
-8.113804843,-6.446664437, 5.799999999999997
-8.257991221,-6.229430364, 5.799999999999997
-8.305874912,-6.126743457, 5.799999999999997
-8.342601262,-5.961081596, 5.799999999999997
-8.345074709,-5.854413086, 5.799999999999997
-8.415056372,-5.644959574, 5.799999999999997
-8.466725131,-5.438284535, 5.799999999999997
-8.500080988,-5.232736487, 5.799999999999997
-8.495818736,-4.228383533, 5.799999999999997
-7.465450714, 0.7391457625067619, 5.399999999999999
-7.855063461, 0.7366723162663965, 5.399999999999999
-8.020725321, 0.6999459660176026, 5.399999999999999
-8.1757316, 0.6482772063103701, 5.399999999999999
-8.278418507, 0.6003935152594144, 5.399999999999999
-8.371230453, 0.5354058908268651, 5.399999999999999
-8.491095745, 0.4172279877676044, 5.399999999999999
-8.629574252, 0.32873085199793367, 5.399999999999999
-8.968034992,-0.009729888, 5.399999999999999
-9.058468797,-0.148334472, 5.399999999999999
-9.157561212,-0.26139219, 5.399999999999999
-9.205238171,-0.350064796, 5.399999999999999
-9.291366415,-0.464223153, 5.399999999999999
-9.386821008,-0.711308966, 5.399999999999999
-9.442587626,-0.825253858, 5.399999999999999
-9.471912462,-0.934695636, 5.399999999999999
-9.481787422,-1.099235711, 5.399999999999999
-9.481787422,-1.925935866, 5.399999999999999
-9.471912462,-2.038807182, 5.399999999999999
-9.442587626,-2.148248959, 5.399999999999999
-9.337489064,-2.363695627, 5.399999999999999
-9.182482785,-2.622039425, 5.399999999999999
-9.085562869,-2.768491638, 5.399999999999999
-8.896477499,-3.146662378, 5.399999999999999
-8.853213102,-3.217083864, 5.399999999999999
-8.806421238,-3.512899745, 5.399999999999999
-8.766335133,-3.712899745, 5.399999999999999
-8.753394173,-3.912899745, 5.399999999999999
-8.76392241,-4.112899745, 5.399999999999999
-8.802332734,-4.312899745, 5.399999999999999
-8.830363037,-4.612899745, 5.399999999999999
-8.851436999,-5.012899745, 5.399999999999999
-8.851436999,-5.212899745, 5.399999999999999
-8.81161748,-5.612899745, 5.399999999999999
-8.696100552,-6.012899745, 5.399999999999999
-8.607493363,-6.212899745, 5.399999999999999
-8.45069098,-6.512899745, 5.399999999999999
-8.326270776,-6.712899745, 5.399999999999999
-8.184563145,-6.912899745, 5.399999999999999
-8.019584402,-7.112899745, 5.399999999999999
-7.884420718,-7.312899745, 5.399999999999999
-7.80473619,-7.392584272, 5.399999999999999
-7.727984759,-7.510623783, 5.399999999999999
-7.647867817,-7.590740725, 5.399999999999999
-7.485124942,-7.711047896, 5.399999999999999
-7.405617564,-7.721283337, 5.399999999999999
-7.309916141,-7.774275375, 5.399999999999999
-7.193374553,-7.862403388, 5.399999999999999
-7.090687646,-7.910287079, 5.399999999999999
-6.757045694,-7.994124613, 5.399999999999999
-6.64691417,-8.002077941, 5.399999999999999
-6.52233129,-8.065293358, 5.399999999999999
-6.300493333,-8.105049096, 5.399999999999999
-5.999539434,-8.197955714, 5.399999999999999
-5.785124942,-8.212399746, 5.399999999999999
-5.60732856,-8.213288727, 5.399999999999999
-5.482851837,-8.249624473, 5.399999999999999
-5.008299204,-8.259499434, 5.399999999999999
-3.716580211,-8.259499434, 5.399999999999999
-3.603708896,-8.249624473, 5.399999999999999
-3.494267118,-8.220299637, 5.399999999999999
-3.391580211,-8.172415946, 5.399999999999999
-3.234692386,-8.043298239, 5.399999999999999
-2.888833312,-7.815927204, 5.399999999999999
-2.666437741,-7.656144013, 5.399999999999999
-2.517055372,-7.573591906, 5.399999999999999
-2.430260648,-7.500762485, 5.399999999999999
-2.288613648,-7.355617504, 5.399999999999999
-2.120288504,-7.107799279, 5.399999999999999
-2.020736054,-6.901774852, 5.399999999999999
-1.983258958,-6.7891513, 5.399999999999999
-1.895152304,-6.660138038, 5.399999999999999
-1.814061015,-6.488424775, 5.399999999999999
-1.766674853,-6.299845617, 5.399999999999999
-1.577417358,-5.920788435, 5.399999999999999
-1.486996873,-5.659312665, 5.399999999999999
-1.467322106,-5.547731519, 5.399999999999999
-1.46541267,-5.184902717, 5.399999999999999
-1.423054861,-5.035595245, 5.399999999999999
-1.4131799,-4.861737307, 5.399999999999999
-1.297144171,-4.612899745, 5.399999999999999
-1.228428512,-4.412899745, 5.399999999999999
-1.185545109,-4.212899745, 5.399999999999999
-1.135900135,-3.812899745, 5.399999999999999
-1.120572702,-3.412899745, 5.399999999999999
-1.142424211,-3.112899745, 5.399999999999999
-1.167241729,-2.912899745, 5.399999999999999
-1.22393613,-2.612899745, 5.399999999999999
-1.269984096,-2.412899745, 5.399999999999999
-1.311861052,-2.312899745, 5.399999999999999
-1.372624941,-2.112899745, 5.399999999999999
-1.447081463,-1.912899745, 5.399999999999999
-1.572432633,-1.612899745, 5.399999999999999
-1.721867365,-1.312899745, 5.399999999999999
-1.755597382,-1.212899745, 5.399999999999999
-1.92961313,-0.812899745, 5.399999999999999
-1.966217378,-0.712899745, 5.399999999999999
-2.06921585,-0.512899745, 5.399999999999999
-2.195319115,-0.312899745, 5.399999999999999
-2.338350747,-0.112899745, 5.399999999999999
-2.685124942, 0.30307247910876534, 5.399999999999999
-2.885124942, 0.5179221746757356, 5.399999999999999
-3.085124942, 0.7111262308223285, 5.399999999999999
-3.385124942, 0.9686478757357477, 5.399999999999999
-3.585124942, 1.0899738198654685, 5.399999999999999
-3.685124942, 1.1618193577448448, 5.399999999999999
-3.885124942, 1.2572089522367822, 5.399999999999999
-4.085124942, 1.3220464931320617, 5.399999999999999
-4.185124942, 1.3702524304976524, 5.399999999999999
-4.285124942, 1.3866729059250034, 5.399999999999999
-4.485124942, 1.4412239678687868, 5.399999999999999
-4.785124942, 1.4587348718438076, 5.399999999999999
-5.485124942, 1.4600360362315978, 5.399999999999999
-5.585124942, 1.456019175317472, 5.399999999999999
-5.985124942, 1.3915002562976522, 5.399999999999999
-6.185124942, 1.3281158812789027, 5.399999999999999
-6.485124942, 1.2055785170918565, 5.399999999999999
-6.585124942, 1.1497714890592956, 5.399999999999999
-6.785124942, 1.062257488830987, 5.399999999999999
-6.985124942,1.000951608, 5.399999999999999
-7.185124942, 0.9119430234221806, 5.399999999999999
-7.465450714, 0.7391457625067619, 5.399999999999999
-5.885124942,-8.820976668, 4.799999999999997
-5.940388105,-8.812899745, 4.799999999999997
-5.985124942,-8.806206832, 4.799999999999997
-6.085124942,-8.788302971, 4.799999999999997
-6.185124942,-8.76563412, 4.799999999999997
-6.285124942,-8.756600533, 4.799999999999997
-6.385124942,-8.74688412, 4.799999999999997
-6.485124942,-8.731602035, 4.799999999999997
-6.566791612,-8.712899745, 4.799999999999997
-6.585124942,-8.708701272, 4.799999999999997
-6.685124942,-8.68750912, 4.799999999999997
-6.785124942,-8.66172787, 4.799999999999997
-6.885124942,-8.63282162, 4.799999999999997
-6.932347166,-8.612899745, 4.799999999999997
-6.985124942,-8.590806722, 4.799999999999997
-7.085124942,-8.559082951, 4.799999999999997
-7.185124942,-8.531602035, 4.799999999999997
-7.237252603,-8.512899745, 4.799999999999997
-7.285124942,-8.495592053, 4.799999999999997
-7.385124942,-8.464053591, 4.799999999999997
-7.485124942,-8.432975503, 4.799999999999997
-7.526531193,-8.412899745, 4.799999999999997
-7.585124942,-8.384273791, 4.799999999999997
-7.685124942,-8.345362432, 4.799999999999997
-7.735706338,-8.312899745, 4.799999999999997
-7.785124942,-8.281418264, 4.799999999999997
-7.885124942,-8.242159005, 4.799999999999997
-7.927598061,-8.212899745, 4.799999999999997
-7.985124942,-8.172060051, 4.799999999999997
-8.067571751,-8.112899745, 4.799999999999997
-8.085124942,-8.098797181, 4.799999999999997
-8.185124942,-8.029417603, 4.799999999999997
-8.205454613,-8.012899745, 4.799999999999997
-8.285124942,-7.941117567, 4.799999999999997
-8.319053514,-7.912899745, 4.799999999999997
-8.385124942,-7.843524746, 4.799999999999997
-8.413613315,-7.812899745, 4.799999999999997
-8.485124942,-7.719717928, 4.799999999999997
-8.490546629,-7.712899745, 4.799999999999997
-8.575005895,-7.612899745, 4.799999999999997
-8.585124942,-7.59623308, 4.799999999999997
-8.635124943,-7.512899745, 4.799999999999997
-8.685124942,-7.420508442, 4.799999999999997
-8.68924259,-7.412899745, 4.799999999999997
-8.761561724,-7.312899745, 4.799999999999997
-8.785124942,-7.254328319, 4.799999999999997
-8.800550474,-7.212899745, 4.799999999999997
-8.859367367,-7.112899745, 4.799999999999997
-8.885124942,-7.057464964, 4.799999999999997
-8.903932282,-7.012899745, 4.799999999999997
-8.954861784,-6.912899745, 4.799999999999997
-8.985124942,-6.843899747, 4.799999999999997
-8.998964228,-6.812899745, 4.799999999999997
-9.04934908,-6.712899745, 4.799999999999997
-9.085124942,-6.636047895, 4.799999999999997
-9.096186889,-6.612899745, 4.799999999999997
-9.145900804,-6.512899745, 4.799999999999997
-9.18469016,-6.412899745, 4.799999999999997
-9.185124942,-6.411709271, 4.799999999999997
-9.219998892,-6.312899745, 4.799999999999997
-9.249759089,-6.212899745, 4.799999999999997
-9.274410657,-6.112899745, 4.799999999999997
-9.285124942,-6.075399747, 4.799999999999997
-9.302300515,-6.012899745, 4.799999999999997
-9.326102386,-5.912899745, 4.799999999999997
-9.341231813,-5.812899745, 4.799999999999997
-9.3618425,-5.712899745, 4.799999999999997
-9.372992589,-5.612899745, 4.799999999999997
-9.376791609,-5.512899745, 4.799999999999997
-9.381715851,-5.412899745, 4.799999999999997
-9.385124942,-5.348614045, 4.799999999999997
-9.387048019,-5.312899745, 4.799999999999997
-9.390680498,-5.212899745, 4.799999999999997
-9.392059249,-5.112899745, 4.799999999999997
-9.391374942,-5.012899745, 4.799999999999997
-9.385124942,-4.956233071, 4.799999999999997
-9.380274196,-4.912899745, 4.799999999999997
-9.368458276,-4.812899745, 4.799999999999997
-9.350970013,-4.712899745, 4.799999999999997
-9.333388831,-4.612899745, 4.799999999999997
-9.314919463,-4.512899745, 4.799999999999997
-9.290680498,-4.412899745, 4.799999999999997
-9.285124942,-4.39759362, 4.799999999999997
-9.25817689,-4.312899745, 4.799999999999997
-9.236074309,-4.212899745, 4.799999999999997
-9.218562442,-4.112899745, 4.799999999999997
-9.214370225,-4.012899745, 4.799999999999997
-9.213741294,-3.912899745, 4.799999999999997
-9.214370225,-3.812899745, 4.799999999999997
-9.216687442,-3.712899745, 4.799999999999997
-9.219787519,-3.612899745, 4.799999999999997
-9.223609791,-3.512899745, 4.799999999999997
-9.228948472,-3.412899745, 4.799999999999997
-9.234262873,-3.312899745, 4.799999999999997
-9.239594216,-3.212899745, 4.799999999999997
-9.244092333,-3.112899745, 4.799999999999997
-9.246476293,-3.012899745, 4.799999999999997
-9.251702482,-2.912899745, 4.799999999999997
-9.282453187,-2.812899745, 4.799999999999997
-9.285124942,-2.807162041, 4.799999999999997
-9.316206023,-2.712899745, 4.799999999999997
-9.330228035,-2.612899745, 4.799999999999997
-9.340124942,-2.512899745, 4.799999999999997
-9.385124942,-2.439192849, 4.799999999999997
-9.404676224,-2.412899745, 4.799999999999997
-9.448575234,-2.312899745, 4.799999999999997
-9.485124942,-2.261246853, 4.799999999999997
-9.519335468,-2.212899745, 4.799999999999997
-9.551309913,-2.112899745, 4.799999999999997
-9.585124942,-2.04487649, 4.799999999999997
-9.602866878,-2.012899745, 4.799999999999997
-9.633136306,-1.912899745, 4.799999999999997
-9.650749942,-1.812899745, 4.799999999999997
-9.66791715,-1.712899745, 4.799999999999997
-9.684734317,-1.612899745, 4.799999999999997
-9.685124942,-1.609958574, 4.799999999999997
-9.696583276,-1.512899745, 4.799999999999997
-9.698976294,-1.412899745, 4.799999999999997
-9.698390248,-1.312899745, 4.799999999999997
-9.695964103,-1.212899745, 4.799999999999997
-9.692733638,-1.112899745, 4.799999999999997
-9.687048019,-1.012899745, 4.799999999999997
-9.685124942,-1.00039974, 4.799999999999997
-9.673055977,-0.912899745, 4.799999999999997
-9.654187442,-0.812899745, 4.799999999999997
-9.634804429,-0.712899745, 4.799999999999997
-9.608480205,-0.612899745, 4.799999999999997
-9.585124942,-0.56492677, 4.799999999999997
-9.559286016,-0.512899745, 4.799999999999997
-9.521838229,-0.412899745, 4.799999999999997
-9.485124942,-0.35456641, 4.799999999999997
-9.458529198,-0.312899745, 4.799999999999997
-9.412497205,-0.212899745, 4.799999999999997
-9.385124942,-0.179417601, 4.799999999999997
-9.329109905,-0.112899745, 4.799999999999997
-9.285124942,-0.065722324, 4.799999999999997
-9.234349748,-0.012899745, 4.799999999999997
-9.185124942, 0.037497081688128375, 4.799999999999997
-9.135912344,0.087100255, 4.799999999999997
-9.085124942, 0.13710025627284672, 4.799999999999997
-9.033524942, 0.1871002554976524, 4.799999999999997
-8.985124942, 0.23258897805404466, 4.799999999999997
-8.925698713, 0.28710025549765383, 4.799999999999997
-8.885124942, 0.32220663918559644, 4.799999999999997
-8.801179988, 0.3871002554976535, 4.799999999999997
-8.785124942, 0.39978141564258074, 4.799999999999997
-8.685124942, 0.4616163851750734, 4.799999999999997
-8.64481882, 0.4871002554976531, 4.799999999999997
-8.585124942, 0.5248421916266874, 4.799999999999997
-8.485124942, 0.5661325142073306, 4.799999999999997
-8.446434467, 0.5871002554976528, 4.799999999999997
-8.385124942, 0.6177550179976539, 4.799999999999997
-8.285124942, 0.6480553122392276, 4.799999999999997
-8.185124942, 0.6738349500554754, 4.799999999999997
-8.16321483, 0.6871002554976542, 4.799999999999997
-8.085124942, 0.7261451998796762, 4.799999999999997
-7.985124942, 0.7829649179036675, 4.799999999999997
-7.980257686, 0.7871002554976538, 4.799999999999997
-7.885124942, 0.8547103190196648, 4.799999999999997
-7.841107848, 0.8871002554976517, 4.799999999999997
-7.785124942, 0.9260883513309857, 4.799999999999997
-7.701108549, 0.9871002554976531, 4.799999999999997
-7.685124942, 1.0019857524442184, 4.799999999999997
-7.589004253, 1.0871002554976528, 4.799999999999997
-7.585124942, 1.0907002562976533, 4.799999999999997
-7.485124942, 1.1621002561643206, 4.799999999999997
-7.448360237, 1.1871002554976524, 4.799999999999997
-7.385124942, 1.2287131593686205, 4.799999999999997
-7.285124942, 1.2775257881217659, 4.799999999999997
-7.269053514, 1.2871002554976538, 4.799999999999997
-7.185124942, 1.3306187746334555, 4.799999999999997
-7.085124942, 1.3636627561226522, 4.799999999999997
-7.042021494, 1.3871002554976535, 4.799999999999997
-6.985124942, 1.416919533208496, 4.799999999999997
-6.885124942, 1.483638717805345, 4.799999999999997
-6.880669497, 1.4871002554976531, 4.799999999999997
-6.785124942, 1.5724984864711047, 4.799999999999997
-6.768788309, 1.5871002554976528, 4.799999999999997
-6.685124942, 1.6599450839459298, 4.799999999999997
-6.649731684, 1.6871002554976524, 4.799999999999997
-6.585124942, 1.7338482237903374, 4.799999999999997
-6.501150584, 1.7871002554976538, 4.799999999999997
-6.485124942, 1.7978761184286878, 4.799999999999997
-6.385124942, 1.8547726701528244, 4.799999999999997
-6.324641072, 1.8871002554976535, 4.799999999999997
-6.285124942, 1.908220946014895, 4.799999999999997
-6.185124942, 1.9497052983547967, 4.799999999999997
-6.085124942, 1.9849816122773145, 4.799999999999997
-6.078545997, 1.9871002554976531, 4.799999999999997
-5.985124942, 2.016932189111099, 4.799999999999997
-5.885124942, 2.0516301708822695, 4.799999999999997
-5.785124942, 2.0866577785065026, 4.799999999999997
-5.783400807, 2.0871002554976528, 4.799999999999997
-5.685124942, 2.1145041026130382, 4.799999999999997
-5.585124942, 2.144600256497652, 4.799999999999997
-5.485124942, 2.167403286810787, 4.799999999999997
-5.385124942, 2.1756002564976527, 4.799999999999997
-5.285124942, 2.177694315893694, 4.799999999999997
-5.185124942, 2.1796745139134934, 4.799999999999997
-5.085124942, 2.181600256497653, 4.799999999999997
-4.985124942, 2.1826448109431986, 4.799999999999997
-4.885124942, 2.184600256497653, 4.799999999999997
-4.785124942, 2.1856002564976524, 4.799999999999997
-4.685124942, 2.1866002564976537, 4.799999999999997
-4.585124942, 2.1866002564976537, 4.799999999999997
-4.485124942, 2.1866002564976537, 4.799999999999997
-4.385124942, 2.1865739407608107, 4.799999999999997
-4.285124942, 2.170252430497653, 4.799999999999997
-4.185124942, 2.147655812164322, 4.799999999999997
-4.085124942, 2.1135047510032727, 4.799999999999997
-3.987208271, 2.0871002554976528, 4.799999999999997
-3.985124942, 2.0866538278190827, 4.799999999999997
-3.885124942, 2.058939337106848, 4.799999999999997
-3.785124942, 1.9981467682883522, 4.799999999999997
-3.751196367, 1.9871002554976531, 4.799999999999997
-3.685124942, 1.9655886287534674, 4.799999999999997
-3.585124942, 1.9000216049358567, 4.799999999999997
-3.548028164, 1.8871002554976535, 4.799999999999997
-3.485124942, 1.8651901442616978, 4.799999999999997
-3.385124942, 1.8006296684388285, 4.799999999999997
-3.353180494, 1.7871002554976538, 4.799999999999997
-3.285124942, 1.7572222079366764, 4.799999999999997
-3.185987009, 1.6871002554976524, 4.799999999999997
-3.185124942, 1.686538458868439, 4.799999999999997
-3.085124942, 1.6044079490873955, 4.799999999999997
-3.061849078, 1.5871002554976528, 4.799999999999997
-2.985124942, 1.5321619851272814, 4.799999999999997
-2.92809369, 1.4871002554976531, 4.799999999999997
-2.885124942, 1.4543621614500335, 4.799999999999997
-2.790958273, 1.3871002554976535, 4.799999999999997
-2.785124942, 1.3826698770166388, 4.799999999999997
-2.685782835, 1.2871002554976538, 4.799999999999997
-2.685124942, 1.2865384588684403, 4.799999999999997
-2.585124942, 1.1892129329624428, 4.799999999999997
-2.582951027, 1.1871002554976542, 4.799999999999997
-2.485124942, 1.0878355510858881, 4.799999999999997
-2.484440009, 1.0871002554976528, 4.799999999999997
-2.385693122, 0.9871002554976531, 4.799999999999997
-2.385124942, 0.9864335901643191, 4.799999999999997
-2.294271282, 0.8871002554976535, 4.799999999999997
-2.285124942, 0.8757366206491692, 4.799999999999997
-2.215482083, 0.7871002554976538, 4.799999999999997
-2.185124942, 0.7506716854976521, 4.799999999999997
-2.13214875, 0.6871002554976524, 4.799999999999997
-2.085124942, 0.6281450331095932, 4.799999999999997
-2.054226064, 0.5871002554976528, 4.799999999999997
-1.985610377, 0.4871002554976531, 4.799999999999997
-1.985124942, 0.4863756192657682, 4.799999999999997
-1.913019677, 0.3871002554976535, 4.799999999999997
-1.885124942, 0.3475480181842201, 4.799999999999997
-1.84293744, 0.28710025549765383, 4.799999999999997
-1.785124942, 0.20548260990941714, 4.799999999999997
-1.772989018, 0.1871002554976524, 4.799999999999997
-1.702913402,0.087100255, 4.799999999999997
-1.685124942,0.056772388, 4.799999999999997
-1.643045733,-0.012899745, 4.799999999999997
-1.585583656,-0.112899745, 4.799999999999997
-1.585124942,-0.113761812, 4.799999999999997
-1.533323139,-0.212899745, 4.799999999999997
-1.489072309,-0.312899745, 4.799999999999997
-1.485124942,-0.322899742, 4.799999999999997
-1.451091327,-0.412899745, 4.799999999999997
-1.416682318,-0.512899745, 4.799999999999997
-1.387902718,-0.612899745, 4.799999999999997
-1.385124942,-0.62067752, 4.799999999999997
-1.353201864,-0.712899745, 4.799999999999997
-1.324897668,-0.812899745, 4.799999999999997
-1.285521766,-0.912899745, 4.799999999999997
-1.285124942,-0.913825669, 4.799999999999997
-1.244285246,-1.012899745, 4.799999999999997
-1.208953066,-1.112899745, 4.799999999999997
-1.185124942,-1.162093291, 4.799999999999997
-1.160706336,-1.212899745, 4.799999999999997
-1.125964635,-1.312899745, 4.799999999999997
-1.085124942,-1.40206641, 4.799999999999997
-1.080086181,-1.412899745, 4.799999999999997
-1.042643738,-1.512899745, 4.799999999999997
-1.015922042,-1.612899745, 4.799999999999997
-0.985124942,-1.691603446, 4.799999999999997
-0.976791607,-1.712899745, 4.799999999999997
-0.950509556,-1.812899745, 4.799999999999997
-0.92393613,-1.912899745, 4.799999999999997
-0.885124942,-2.012006886, 4.799999999999997
-0.884734316,-2.012899745, 4.799999999999997
-0.843580823,-2.112899745, 4.799999999999997
-0.813139125,-2.212899745, 4.799999999999997
-0.785124942,-2.275598156, 4.799999999999997
-0.768218466,-2.312899745, 4.799999999999997
-0.74303861,-2.412899745, 4.799999999999997
-0.720231324,-2.512899745, 4.799999999999997
-0.692733636,-2.612899745, 4.799999999999997
-0.685124942,-2.633487978, 4.799999999999997
-0.65598825,-2.712899745, 4.799999999999997
-0.634746153,-2.812899745, 4.799999999999997
-0.613320429,-2.912899745, 4.799999999999997
-0.595865682,-3.012899745, 4.799999999999997
-0.585124942,-3.093455295, 4.799999999999997
-0.582453185,-3.112899745, 4.799999999999997
-0.567717533,-3.212899745, 4.799999999999997
-0.554443123,-3.312899745, 4.799999999999997
-0.548658775,-3.412899745, 4.799999999999997
-0.547155016,-3.512899745, 4.799999999999997
-0.546109789,-3.612899745, 4.799999999999997
-0.545509556,-3.712899745, 4.799999999999997
-0.545977654,-3.812899745, 4.799999999999997
-0.546935964,-3.912899745, 4.799999999999997
-0.54980748,-4.012899745, 4.799999999999997
-0.553824128,-4.112899745, 4.799999999999997
-0.558265437,-4.212899745, 4.799999999999997
-0.563514771,-4.312899745, 4.799999999999997
-0.570777115,-4.412899745, 4.799999999999997
-0.584678512,-4.512899745, 4.799999999999997
-0.585124942,-4.517445208, 4.799999999999997
-0.594938025,-4.612899745, 4.799999999999997
-0.632267798,-4.712899745, 4.799999999999997
-0.673332488,-4.812899745, 4.799999999999997
-0.685124942,-4.854566415, 4.799999999999997
-0.701480081,-4.912899745, 4.799999999999997
-0.748209053,-5.012899745, 4.799999999999997
-0.785124942,-5.111649747, 4.799999999999997
-0.785583656,-5.112899745, 4.799999999999997
-0.82464875,-5.212899745, 4.799999999999997
-0.861251067,-5.312899745, 4.799999999999997
-0.881971787,-5.412899745, 4.799999999999997
-0.885124942,-5.482899765, 4.799999999999997
-0.886488577,-5.512899745, 4.799999999999997
-0.887528787,-5.612899745, 4.799999999999997
-0.895731001,-5.712899745, 4.799999999999997
-0.91118877,-5.812899745, 4.799999999999997
-0.937275478,-5.912899745, 4.799999999999997
-0.976791607,-6.012899745, 4.799999999999997
-0.985124942,-6.052373434, 4.799999999999997
-0.998497033,-6.112899745, 4.799999999999997
-1.064536705,-6.212899745, 4.799999999999997
-1.085124942,-6.260197045, 4.799999999999997
-1.107799359,-6.312899745, 4.799999999999997
-1.182251377,-6.412899745, 4.799999999999997
-1.185124942,-6.417899747, 4.799999999999997
-1.236755375,-6.512899745, 4.799999999999997
-1.285124942,-6.59847667, 4.799999999999997
-1.292624941,-6.612899745, 4.799999999999997
-1.363770774,-6.712899745, 4.799999999999997
-1.385124942,-6.744930996, 4.799999999999997
-1.431899134,-6.812899745, 4.799999999999997
-1.485124942,-6.889053592, 4.799999999999997
-1.500321019,-6.912899745, 4.799999999999997
-1.572748703,-7.012899745, 4.799999999999997
-1.585124942,-7.03183914, 4.799999999999997
-1.642651822,-7.112899745, 4.799999999999997
-1.685124942,-7.170987981, 4.799999999999997
-1.715770102,-7.212899745, 4.799999999999997
-1.785124942,-7.312130515, 4.799999999999997
-1.78561999,-7.312899745, 4.799999999999997
-1.857284031,-7.412899745, 4.799999999999997
-1.885124942,-7.448406992, 4.799999999999997
-1.94074994,-7.512899745, 4.799999999999997
-1.985124942,-7.559610272, 4.799999999999997
-2.038414414,-7.612899745, 4.799999999999997
-2.085124942,-7.656192429, 4.799999999999997
-2.153507293,-7.712899745, 4.799999999999997
-2.185124942,-7.736788635, 4.799999999999997
-2.285124942,-7.812389541, 4.799999999999997
-2.285972397,-7.812899745, 4.799999999999997
-2.385124942,-7.874478693, 4.799999999999997
-2.449160027,-7.912899745, 4.799999999999997
-2.485124942,-7.932611284, 4.799999999999997
-2.585124942,-8.001734697, 4.799999999999997
-2.602817248,-8.012899745, 4.799999999999997
-2.685124942,-8.067491582, 4.799999999999997
-2.753586478,-8.112899745, 4.799999999999997
-2.785124942,-8.132611284, 4.799999999999997
-2.885124942,-8.201947365, 4.799999999999997
-2.900878365,-8.212899745, 4.799999999999997
-2.985124942,-8.273193863, 4.799999999999997
-3.038414414,-8.312899745, 4.799999999999997
-3.085124942,-8.348758331, 4.799999999999997
-3.168677572,-8.412899745, 4.799999999999997
-3.185124942,-8.425035668, 4.799999999999997
-3.285124942,-8.499664451, 4.799999999999997
-3.304690157,-8.512899745, 4.799999999999997
-3.385124942,-8.57011624, 4.799999999999997
-3.456676664,-8.612899745, 4.799999999999997
-3.485124942,-8.628614031, 4.799999999999997
-3.585124942,-8.686510857, 4.799999999999997
-3.668948468,-8.712899745, 4.799999999999997
-3.685124942,-8.718137841, 4.799999999999997
-3.785124942,-8.757395158, 4.799999999999997
-3.885124942,-8.784638876, 4.799999999999997
-3.985124942,-8.797221779, 4.799999999999997
-4.085124942,-8.806752204, 4.799999999999997
-4.185124942,-8.81249652, 4.799999999999997
-4.210124892,-8.812899745, 4.799999999999997
-4.285124942,-8.814090221, 4.799999999999997
-4.385124942,-8.81797787, 4.799999999999997
-4.485124942,-8.820976668, 4.799999999999997
-4.585124942,-8.821745899, 4.799999999999997
-4.685124942,-8.821745899, 4.799999999999997
-4.785124942,-8.821745899, 4.799999999999997
-4.885124942,-8.824731806, 4.799999999999997
-4.985124942,-8.831047893, 4.799999999999997
-5.085124942,-8.834276557, 4.799999999999997
-5.185124942,-8.835001195, 4.799999999999997
-5.285124942,-8.835561616, 4.799999999999997
-5.385124942,-8.835561616, 4.799999999999997
-5.485124942,-8.835561616, 4.799999999999997
-5.585124942,-8.835001195, 4.799999999999997
-5.685124942,-8.834276557, 4.799999999999997
-5.785124942,-8.82969079, 4.799999999999997
-5.885124942,-8.820976668, 4.799999999999997
-6.385124942,-9.024968711, 4.399999999999999
-6.415297357,-9.012899745, 4.399999999999999
-6.485124942,-8.988792602, 4.399999999999999
-6.585124942,-8.968428591, 4.399999999999999
-6.685124942,-8.95579074, 4.399999999999999
-6.785124942,-8.930107537, 4.399999999999999
-6.816672562,-8.912899745, 4.399999999999999
-6.885124942,-8.881818664, 4.399999999999999
-6.985124942,-8.850771032, 4.399999999999999
-7.077293617,-8.812899745, 4.399999999999999
-7.085124942,-8.808048999, 4.399999999999999
-7.185124942,-8.766798828, 4.399999999999999
-7.285124942,-8.745439428, 4.399999999999999
-7.363971097,-8.712899745, 4.399999999999999
-7.385124942,-8.701441412, 4.399999999999999
-7.485124942,-8.663352234, 4.399999999999999
-7.585124942,-8.624358079, 4.399999999999999
-7.610509558,-8.612899745, 4.399999999999999
-7.685124942,-8.585342927, 4.399999999999999
-7.785124942,-8.525570978, 4.399999999999999
-7.800288877,-8.512899745, 4.399999999999999
-7.885124942,-8.465203892, 4.399999999999999
-7.972432635,-8.412899745, 4.399999999999999
-7.985124942,-8.401441412, 4.399999999999999
-8.085124942,-8.347014328, 4.399999999999999
-8.141107848,-8.312899745, 4.399999999999999
-8.185124942,-8.284128795, 4.399999999999999
-8.279569387,-8.212899745, 4.399999999999999
-8.285124942,-8.20734419, 4.399999999999999
-8.385124942,-8.148505806, 4.399999999999999
-8.432440378,-8.112899745, 4.399999999999999
-8.485124942,-8.068549463, 4.399999999999999
-8.541410656,-8.012899745, 4.399999999999999
-8.585124942,-7.969185459, 4.399999999999999
-8.639245821,-7.912899745, 4.399999999999999
-8.685124942,-7.859374104, 4.399999999999999
-8.723894996,-7.812899745, 4.399999999999999
-8.785124942,-7.72808493, 4.399999999999999
-8.798976294,-7.712899745, 4.399999999999999
-8.85330676,-7.612899745, 4.399999999999999
-8.885124942,-7.573495772, 4.399999999999999
-8.929977883,-7.512899745, 4.399999999999999
-8.983962152,-7.412899745, 4.399999999999999
-8.985124942,-7.411471174, 4.399999999999999
-9.034177075,-7.312899745, 4.399999999999999
-9.057568124,-7.212899745, 4.399999999999999
-9.085124942,-7.165350726, 4.399999999999999
-9.114682953,-7.112899745, 4.399999999999999
-9.145551482,-7.012899745, 4.399999999999999
-9.185124942,-6.915806722, 4.399999999999999
-9.187048019,-6.912899745, 4.399999999999999
-9.234895584,-6.812899745, 4.399999999999999
-9.269006521,-6.712899745, 4.399999999999999
-9.285124942,-6.690827673, 4.399999999999999
-9.325545503,-6.612899745, 4.399999999999999
-9.357568124,-6.512899745, 4.399999999999999
-9.385124942,-6.457152619, 4.399999999999999
-9.408317713,-6.412899745, 4.399999999999999
-9.428957541,-6.312899745, 4.399999999999999
-9.44229983,-6.212899745, 4.399999999999999
-9.455179887,-6.112899745, 4.399999999999999
-9.476851561,-6.012899745, 4.399999999999999
-9.485124942,-5.994645778, 4.399999999999999
-9.513895892,-5.912899745, 4.399999999999999
-9.526369182,-5.812899745, 4.399999999999999
-9.539380261,-5.712899745, 4.399999999999999
-9.541540871,-5.612899745, 4.399999999999999
-9.542044585,-5.512899745, 4.399999999999999
-9.54229983,-5.412899745, 4.399999999999999
-9.542557374,-5.312899745, 4.399999999999999
-9.54281725,-5.212899745, 4.399999999999999
-9.54334412,-5.112899745, 4.399999999999999
-9.54334412,-5.012899745, 4.399999999999999
-9.540081838,-4.912899745, 4.399999999999999
-9.53491833,-4.812899745, 4.399999999999999
-9.52292982,-4.712899745, 4.399999999999999
-9.497796175,-4.612899745, 4.399999999999999
-9.485124942,-4.584438205, 4.399999999999999
-9.458400804,-4.512899745, 4.399999999999999
-9.437879179,-4.412899745, 4.399999999999999
-9.418019679,-4.312899745, 4.399999999999999
-9.385124942,-4.242675024, 4.399999999999999
-9.36791715,-4.212899745, 4.399999999999999
-9.343611181,-4.112899745, 4.399999999999999
-9.341045995,-4.012899745, 4.399999999999999
-9.338472222,-3.912899745, 4.399999999999999
-9.335543352,-3.812899745, 4.399999999999999
-9.334914858,-3.712899745, 4.399999999999999
-9.334914858,-3.612899745, 4.399999999999999
-9.334914858,-3.512899745, 4.399999999999999
-9.334914858,-3.412899745, 4.399999999999999
-9.335543352,-3.312899745, 4.399999999999999
-9.338472222,-3.212899745, 4.399999999999999
-9.341292343,-3.112899745, 4.399999999999999
-9.344984097,-3.012899745, 4.399999999999999
-9.349195294,-2.912899745, 4.399999999999999
-9.370124942,-2.812899745, 4.399999999999999
-9.385124942,-2.78029105, 4.399999999999999
-9.41184908,-2.712899745, 4.399999999999999
-9.433422814,-2.612899745, 4.399999999999999
-9.463345801,-2.512899745, 4.399999999999999
-9.485124942,-2.485800509, 4.399999999999999
-9.533849432,-2.412899745, 4.399999999999999
-9.585124942,-2.322359205, 4.399999999999999
-9.592733638,-2.312899745, 4.399999999999999
-9.642106924,-2.212899745, 4.399999999999999
-9.685124942,-2.122805406, 4.399999999999999
-9.692733638,-2.112899745, 4.399999999999999
-9.732434359,-2.012899745, 4.399999999999999
-9.751531192,-1.912899745, 4.399999999999999
-9.785124942,-1.822054675, 4.399999999999999
-9.789975689,-1.812899745, 4.399999999999999
-9.824120157,-1.712899745, 4.399999999999999
-9.834916609,-1.612899745, 4.399999999999999
-9.845266451,-1.512899745, 4.399999999999999
-9.851878869,-1.412899745, 4.399999999999999
-9.857982085,-1.312899745, 4.399999999999999
-9.863345801,-1.212899745, 4.399999999999999
-9.866335133,-1.112899745, 4.399999999999999
-9.86791715,-1.012899745, 4.399999999999999
-9.865313621,-0.912899745, 4.399999999999999
-9.852230205,-0.812899745, 4.399999999999999
-9.839691152,-0.712899745, 4.399999999999999
-9.82200613,-0.612899745, 4.399999999999999
-9.791374942,-0.512899745, 4.399999999999999
-9.785124942,-0.504045577, 4.399999999999999
-9.743258913,-0.412899745, 4.399999999999999
-9.705437442,-0.312899745, 4.399999999999999
-9.685124942,-0.287509119, 4.399999999999999
-9.638080607,-0.212899745, 4.399999999999999
-9.585124942,-0.136658609, 4.399999999999999
-9.564187442,-0.112899745, 4.399999999999999
-9.485124942,-0.036694925, 4.399999999999999
-9.461472248,-0.012899745, 4.399999999999999
-9.385124942,0.063907485, 4.399999999999999
-9.361791609,0.087100255, 4.399999999999999
-9.285124942, 0.15856918261629716, 4.399999999999999
-9.256101954, 0.1871002554976524, 4.399999999999999
-9.185124942, 0.2576716846405098, 4.399999999999999
-9.155356156, 0.28710025549765383, 4.399999999999999
-9.085124942, 0.35652882749765347, 4.399999999999999
-9.050608813, 0.3871002554976535, 4.399999999999999
-8.985124942, 0.4416701485084058, 4.399999999999999
-8.913514773, 0.4871002554976531, 4.399999999999999
-8.885124942, 0.5079077095349191, 4.399999999999999
-8.785124942, 0.5744290233058731, 4.399999999999999
-8.771910657, 0.5871002554976528, 4.399999999999999
-8.685124942, 0.6469524727390326, 4.399999999999999
-8.592511306, 0.6871002554976524, 4.399999999999999
-8.585124942, 0.6919510025125799, 4.399999999999999
-8.485124942, 0.7371002559305531, 4.399999999999999
-8.385124942, 0.7683104472173987, 4.399999999999999
-8.349582774, 0.7871002554976538, 4.399999999999999
-8.285124942, 0.8166582670998626, 4.399999999999999
-8.185124942, 0.8424142656425797, 4.399999999999999
-8.102535657, 0.8871002554976535, 4.399999999999999
-8.085124942, 0.9007366198333173, 4.399999999999999
-8.001678996, 0.9871002554976531, 4.399999999999999
-7.985124942, 1.0032186772081797, 4.399999999999999
-7.885124942, 1.074429023305873, 4.399999999999999
-7.870783857, 1.087100255497651, 4.399999999999999
-7.785124942, 1.1565971114724949, 4.399999999999999
-7.754035199, 1.1871002554976524, 4.399999999999999
-7.685124942, 1.2496002560790487, 4.399999999999999
-7.643778788, 1.2871002554976538, 4.399999999999999
-7.585124942, 1.3385047504414729, 4.399999999999999
-7.531062442, 1.3871002554976535, 4.399999999999999
-7.485124942, 1.427045908215046, 4.399999999999999
-7.385124942, 1.4715373422526206, 4.399999999999999
-7.364866322, 1.4871002554976531, 4.399999999999999
-7.285124942, 1.5396570742476534, 4.399999999999999
-7.192347165, 1.5871002554976528, 4.399999999999999
-7.185124942, 1.5922589864500338, 4.399999999999999
-7.085124942, 1.6699949932169513, 4.399999999999999
-7.070680498, 1.6871002554976524, 4.399999999999999
-6.991924942, 1.7871002554976538, 4.399999999999999
-6.985124942, 1.7943652136173096, 4.399999999999999
-6.893948472, 1.8871002554976535, 4.399999999999999
-6.885124942, 1.8951771793438095, 4.399999999999999
-6.785124942, 1.9611387176771409, 4.399999999999999
-6.746553514, 1.9871002554976531, 4.399999999999999
-6.685124942, 2.026191165194625, 4.399999999999999
-6.585124942, 2.0736519803252396, 4.399999999999999
-6.56739767, 2.0871002554976528, 4.399999999999999
-6.485124942, 2.1352385539019103, 4.399999999999999
-6.385124942, 2.166787756122652, 4.399999999999999
-6.35229666, 2.1871002554976524, 4.399999999999999
-6.285124942, 2.2213786065285817, 4.399999999999999
-6.185124942, 2.237588060863507, 4.399999999999999
-6.085124942, 2.259543437884016, 4.399999999999999
-6.018686587, 2.287100255497654, 4.399999999999999
-5.985124942, 2.3032186772081804, 4.399999999999999
-5.885124942, 2.334005017878603, 4.399999999999999
-5.785124942, 2.3732489048219794, 4.399999999999999
-5.7485178, 2.3871002554976535, 4.399999999999999
-5.685124942, 2.408879397215445, 4.399999999999999
-5.585124942, 2.4288810778720844, 4.399999999999999
-5.485124942, 2.4366783149913243, 4.399999999999999
-5.385124942, 2.4375221968478638, 4.399999999999999
-5.285124942, 2.4379441377761335, 4.399999999999999
-5.185124942, 2.4387880196326748, 4.399999999999999
-5.085124942, 2.4394111802875695, 4.399999999999999
-4.985124942, 2.4402515164220215, 4.399999999999999
-4.885124942, 2.4402515164220215, 4.399999999999999
-4.785124942, 2.4393919225809864, 4.399999999999999
-4.685124942, 2.4381333137621155, 4.399999999999999
-4.585124942, 2.4368970038716373, 4.399999999999999
-4.485124942, 2.4354808227041325, 4.399999999999999
-4.385124942, 2.4348461575468345, 4.399999999999999
-4.285124942, 2.430932855057124, 4.399999999999999
-4.185124942, 2.4242923742168667, 4.399999999999999
-4.085124942, 2.4009516075246804, 4.399999999999999
-4.054064334, 2.3871002554976535, 4.399999999999999
-3.985124942, 2.3607996780410065, 4.399999999999999
-3.885124942, 2.3423754853141663, 4.399999999999999
-3.785124942, 2.300951607524679, 4.399999999999999
-3.764827911, 2.287100255497654, 4.399999999999999
-3.685124942,2.248398333, 4.399999999999999
-3.585124942, 2.1991692217045493, 4.399999999999999
-3.567968078, 2.1871002554976524, 4.399999999999999
-3.485124942, 2.146080838507361, 4.399999999999999
-3.385124942, 2.109827528830987, 4.399999999999999
-3.347624941, 2.0871002554976528, 4.399999999999999
-3.285124942, 2.0542055191818616, 4.399999999999999
-3.185124942, 2.007907709534921, 4.399999999999999
-3.15673511, 1.9871002554976531, 4.399999999999999
-3.085124942, 1.9416701485084058, 4.399999999999999
-3.018348625, 1.8871002554976535, 4.399999999999999
-2.985124942, 1.858729469542597, 4.399999999999999
-2.885515566, 1.7871002554976538, 4.399999999999999
-2.885124942, 1.7867096312789013, 4.399999999999999
-2.785124942, 1.7079077095349202, 4.399999999999999
-2.762791608, 1.6871002554976542, 4.399999999999999
-2.685124942, 1.627661480497654, 4.399999999999999
-2.630672886, 1.5871002554976528, 4.399999999999999
-2.585124942, 1.5507614582298928, 4.399999999999999
-2.5177839, 1.4871002554976531, 4.399999999999999
-2.485124942, 1.455179352107825, 4.399999999999999
-2.415872067, 1.3871002554976535, 4.399999999999999
-2.385124942, 1.3563531296355844, 4.399999999999999
-2.316659032, 1.2871002554976538, 4.399999999999999
-2.285124942, 1.2552037043482294, 4.399999999999999
-2.219655328, 1.1871002554976524, 4.399999999999999
-2.185124942, 1.1462505829486318, 4.399999999999999
-2.133113447, 1.0871002554976528, 4.399999999999999
-2.085124942, 1.0186576333665052, 4.399999999999999
-2.06193217, 0.9871002554976531, 4.399999999999999
-1.985124942, 0.8991692217045504, 4.399999999999999
-1.973055975, 0.8871002554976535, 4.399999999999999
-1.912681759, 0.7871002554976538, 4.399999999999999
-1.885124942, 0.7558099335621691, 4.399999999999999
-1.832139866, 0.6871002554976524, 4.399999999999999
-1.785124942, 0.6138444423193583, 4.399999999999999
-1.763828645, 0.5871002554976528, 4.399999999999999
-1.716943123, 0.4871002554976531, 4.399999999999999
-1.685124942, 0.44920216696262116, 4.399999999999999
-1.632135811, 0.3871002554976535, 4.399999999999999
-1.585124942, 0.32396157009619486, 4.399999999999999
-1.556754154, 0.28710025549765383, 4.399999999999999
-1.504428738, 0.1871002554976524, 4.399999999999999
-1.485124942, 0.16676692283098582, 4.399999999999999
-1.42654651,0.087100255, 4.399999999999999
-1.385124942,0.004257119, 4.399999999999999
-1.373055975,-0.012899745, 4.399999999999999
-1.323826864,-0.112899745, 4.399999999999999
-1.285124942,-0.209887695, 4.399999999999999
-1.283201864,-0.212899745, 4.399999999999999
-1.239197339,-0.312899745, 4.399999999999999
-1.208317712,-0.412899745, 4.399999999999999
-1.185124942,-0.466371965, 4.399999999999999
-1.164317487,-0.512899745, 4.399999999999999
-1.139986052,-0.612899745, 4.399999999999999
-1.112681759,-0.712899745, 4.399999999999999
-1.085124942,-0.765050281, 4.399999999999999
-1.059252848,-0.812899745, 4.399999999999999
-1.03091702,-0.912899745, 4.399999999999999
-0.985124942,-0.991289574, 4.399999999999999
-0.968458274,-1.012899745, 4.399999999999999
-0.938280281,-1.112899745, 4.399999999999999
-0.904936262,-1.212899745, 4.399999999999999
-0.885124942,-1.246410382, 4.399999999999999
-0.852230204,-1.312899745, 4.399999999999999
-0.824976426,-1.412899745, 4.399999999999999
-0.785124942,-1.503349182, 4.399999999999999
-0.778874941,-1.512899745, 4.399999999999999
-0.746567727,-1.612899745, 4.399999999999999
-0.730149817,-1.712899745, 4.399999999999999
-0.704428738,-1.812899745, 4.399999999999999
-0.685124942,-1.845346552, 4.399999999999999
-0.651878868,-1.912899745, 4.399999999999999
-0.63129841,-2.012899745, 4.399999999999999
-0.585124942,-2.105246682, 4.399999999999999
-0.579569385,-2.112899745, 4.399999999999999
-0.544105524,-2.212899745, 4.399999999999999
-0.526034032,-2.312899745, 4.399999999999999
-0.500687855,-2.412899745, 4.399999999999999
-0.485124942,-2.45020133, 4.399999999999999
-0.461472246,-2.512899745, 4.399999999999999
-0.442576864,-2.612899745, 4.399999999999999
-0.421374941,-2.712899745, 4.399999999999999
-0.385124942,-2.810872716, 4.399999999999999
-0.38396215,-2.812899745, 4.399999999999999
-0.365821143,-2.912899745, 4.399999999999999
-0.351878868,-3.012899745, 4.399999999999999
-0.348874941,-3.112899745, 4.399999999999999
-0.337768113,-3.212899745, 4.399999999999999
-0.32895754,-3.312899745, 4.399999999999999
-0.327170396,-3.412899745, 4.399999999999999
-0.325822615,-3.512899745, 4.399999999999999
-0.324410655,-3.612899745, 4.399999999999999
-0.323231737,-3.712899745, 4.399999999999999
-0.321692105,-3.812899745, 4.399999999999999
-0.320731002,-3.912899745, 4.399999999999999
-0.320731002,-4.012899745, 4.399999999999999
-0.320731002,-4.112899745, 4.399999999999999
-0.320731002,-4.212899745, 4.399999999999999
-0.320731002,-4.312899745, 4.399999999999999
-0.321692105,-4.412899745, 4.399999999999999
-0.326369181,-4.512899745, 4.399999999999999
-0.331864072,-4.612899745, 4.399999999999999
-0.343880701,-4.712899745, 4.399999999999999
-0.366335132,-4.812899745, 4.399999999999999
-0.385124942,-4.848875355, 4.399999999999999
-0.414291608,-4.912899745, 4.399999999999999
-0.443499325,-5.012899745, 4.399999999999999
-0.46193217,-5.112899745, 4.399999999999999
-0.485124942,-5.154297595, 4.399999999999999
-0.515069996,-5.212899745, 4.399999999999999
-0.540597578,-5.312899745, 4.399999999999999
-0.570124941,-5.412899745, 4.399999999999999
-0.585124942,-5.457899747, 4.399999999999999
-0.602866876,-5.512899745, 4.399999999999999
-0.601791608,-5.612899745, 4.399999999999999
-0.608317712,-5.712899745, 4.399999999999999
-0.616206022,-5.812899745, 4.399999999999999
-0.629594987,-5.912899745, 4.399999999999999
-0.642498213,-6.012899745, 4.399999999999999
-0.673666607,-6.112899745, 4.399999999999999
-0.685124942,-6.130641681, 4.399999999999999
-0.722624941,-6.212899745, 4.399999999999999
-0.759686344,-6.312899745, 4.399999999999999
-0.785124942,-6.348555483, 4.399999999999999
-0.825588859,-6.412899745, 4.399999999999999
-0.861017798,-6.512899745, 4.399999999999999
-0.885124942,-6.542247571, 4.399999999999999
-0.93869637,-6.612899745, 4.399999999999999
-0.985124942,-6.673256888, 4.399999999999999
-1.017772,-6.712899745, 4.399999999999999
-1.047690386,-6.812899745, 4.399999999999999
-1.085124942,-6.859939219, 4.399999999999999
-1.131389309,-6.912899745, 4.399999999999999
-1.185124942,-6.982159005, 4.399999999999999
-1.211558062,-7.012899745, 4.399999999999999
-1.266737844,-7.112899745, 4.399999999999999
-1.285124942,-7.137682354, 4.399999999999999
-1.333448963,-7.212899745, 4.399999999999999
-1.385124942,-7.284053591, 4.399999999999999
-1.410292726,-7.312899745, 4.399999999999999
-1.464670395,-7.412899745, 4.399999999999999
-1.485124942,-7.440775852, 4.399999999999999
-1.531170139,-7.512899745, 4.399999999999999
-1.585124942,-7.58750912, 4.399999999999999
-1.606937021,-7.612899745, 4.399999999999999
-1.685124942,-7.712472395, 4.399999999999999
-1.685521766,-7.712899745, 4.399999999999999
-1.774140092,-7.812899745, 4.399999999999999
-1.785124942,-7.824140055, 4.399999999999999
-1.87746365,-7.912899745, 4.399999999999999
-1.885124942,-7.920207438, 4.399999999999999
-1.985124942,-8.002594402, 4.399999999999999
-1.996565619,-8.012899745, 4.399999999999999
-2.085124942,-8.074734065, 4.399999999999999
-2.140728389,-8.112899745, 4.399999999999999
-2.185124942,-8.145087245, 4.399999999999999
-2.285124942,-8.195433992, 4.399999999999999
-2.308519436,-8.212899745, 4.399999999999999
-2.385124942,-8.263814379, 4.399999999999999
-2.458306759,-8.312899745, 4.399999999999999
-2.485124942,-8.332566412, 4.399999999999999
-2.585124942,-8.382107062, 4.399999999999999
-2.628287334,-8.412899745, 4.399999999999999
-2.685124942,-8.453949128, 4.399999999999999
-2.779679396,-8.512899745, 4.399999999999999
-2.785124942,-8.517163311, 4.399999999999999
-2.885124942,-8.592096826, 4.399999999999999
-2.907217964,-8.612899745, 4.399999999999999
-2.985124942,-8.672367201, 4.399999999999999
-3.041272482,-8.712899745, 4.399999999999999
-3.085124942,-8.745521696, 4.399999999999999
-3.185124942,-8.799048394, 4.399999999999999
-3.203593409,-8.812899745, 4.399999999999999
-3.285124942,-8.861295467, 4.399999999999999
-3.385124942,-8.908764407, 4.399999999999999
-3.391038919,-8.912899745, 4.399999999999999
-3.485124942,-8.956003193, 4.399999999999999
-3.585124942,-8.984128795, 4.399999999999999
-3.652888098,-9.012899745, 4.399999999999999
-3.685124942,-9.029018166, 4.399999999999999
-3.785124942,-9.051305542, 4.399999999999999
-3.885124942,-9.060595597, 4.399999999999999
-3.985124942,-9.065690443, 4.399999999999999
-4.085124942,-9.070806722, 4.399999999999999
-4.185124942,-9.074792949, 4.399999999999999
-4.285124942,-9.076332581, 4.399999999999999
-4.385124942,-9.076649745, 4.399999999999999
-4.485124942,-9.07828436, 4.399999999999999
-4.585124942,-9.081081563, 4.399999999999999
-4.685124942,-9.084933643, 4.399999999999999
-4.785124942,-9.089706974, 4.399999999999999
-4.885124942,-9.093088424, 4.399999999999999
-4.985124942,-9.09515781, 4.399999999999999
-5.085124942,-9.09515781, 4.399999999999999
-5.185124942,-9.09515781, 4.399999999999999
-5.285124942,-9.09515781, 4.399999999999999
-5.385124942,-9.09515781, 4.399999999999999
-5.485124942,-9.09515781, 4.399999999999999
-5.585124942,-9.093595948, 4.399999999999999
-5.685124942,-9.091603449, 4.399999999999999
-5.785124942,-9.088343532, 4.399999999999999
-5.885124942,-9.084933643, 4.399999999999999
-5.985124942,-9.077950765, 4.399999999999999
-6.085124942,-9.07098798, 4.399999999999999
-6.185124942,-9.057924621, 4.399999999999999
-6.285124942,-9.0428448, 4.399999999999999
-6.385124942,-9.024968711, 4.399999999999999
-5.674076187,-9.549606248,4
-5.051335014,-9.550911606,4
-4.91449548,-9.593012226,4
-4.801624165,-9.602887186,4
-3.613242692,-9.602887186,4
-3.500371376,-9.593012226,4
-3.172092481,-9.49711747,4
-2.994344566,-9.466193811,4
-2.754197498,-9.379258581,4
-2.44418494,-9.224252302,4
-2.101523203,-9.001252674,4
-1.948699015,-8.916979658,4
-1.810235532,-8.792481478,4
-1.500222973,-8.482468919,4
-1.437774727,-8.410077306,4
-1.334437208,-8.255071027,4
-1.223458428,-8.05519455,4
-1.169231498,-7.905399833,4
-1.078246933,-7.763997598,4
-0.984400236,-7.576484179,4
-0.880238272,-7.417811837,4
-0.807429088,-7.223135871,4
-0.723173121,-7.040016086,4
-0.654424372,-6.81342959,4
-0.613456917,-6.709772927,4
-0.536423164,-6.311863548,4
-0.535114456,-6.052541463,4
-0.495764787,-5.928568332,4
-0.441348427,-5.655620361,4
-0.427662254,-5.412899745,4
-0.35404386,-5.212899745,4
-0.304936262,-4.912899745,4
-0.262868843,-4.712899745,4
-0.244984096,-4.412899745,4
-0.243344119,-4.012899745,4
-0.247018145,-3.512899745,4
-0.25404386,-3.212899745,4
-0.286287731,-2.812899745,4
-0.35404386,-2.412899745,4
-0.435867515,-2.112899745,4
-0.454797072,-2.012899745,4
-0.538951472,-1.812899745,4
-0.553306759,-1.712899745,4
-0.635377466,-1.512899745,4
-0.658400803,-1.412899745,4
-0.718545994,-1.312899745,4
-0.753673328,-1.212899745,4
-0.898390247,-0.912899745,4
-0.98171585,-0.712899745,4
-1.092733636,-0.512899745,4
-1.220988815,-0.212899745,4
-1.296583274,-0.112899745,4
-1.328086106,-0.012899745,4
-1.405437441,0.087100255,4
-1.520124941, 0.28710025549765383,4
-1.685124942, 0.4923383516881277,4
-1.734627429, 0.5871002554976528,4
-1.815069996, 0.6871002554976524,4
-1.927374941, 0.8871002554976535,4
-2.174913673, 1.1871002554976524,4
-2.485124942, 1.5021002561643186,4
-2.585124942, 1.5966747242919794,4
-2.885124942, 1.8506640858168009,4
-3.085124942, 1.9715373422526206,4
-3.185124942, 2.049920768830985,4
-3.385124942, 2.1472417654033134,4
-3.485124942, 2.1744290233058727,4
-3.585124942, 2.2325743938597196,4
-3.685124942, 2.2634475614856786,4
-3.785124942, 2.3296678235156705,4
-3.885124942, 2.353506506018487,4
-4.085124942,2.429667824,4
-4.185124942, 2.439786206324099,4
-4.485124942, 2.4469594108967154,4
-4.985124942, 2.4905093471643216,4
-5.485124942, 2.4851771793438058,4
-5.685124942, 2.4677964586622085,4
-6.085124942, 2.405890065051791,4
-6.385124942, 2.337100256005268,4
-6.485124942,2.328766923,4
-6.685124942, 2.253111492014508,4
-6.785124942, 2.2313199092548768,4
-6.985124942, 2.1242713087871277,4
-7.085124942, 2.036391036348716,4
-7.319522105, 1.7871002554976538,4
-7.485124942, 1.6388754040183624,4
-7.885124942, 1.2379623250378824,4
-8.078324942, 1.0871002554976528,4
-8.170463288, 0.9871002554976531,4
-8.289072311, 0.8871002554976535,4
-8.485124942, 0.7859374655751719,4
-8.585124942,0.748267769,4
-8.685124942, 0.6721002561643186,4
-8.785124942, 0.6236674201742698,4
-9.085124942, 0.4037669228179155,4
-9.287796698, 0.1871002554976524,4
-9.485124942,0.037408898,4
-9.685124942,-0.129443861,4
-9.81184908,-0.312899745,4
-9.901791609,-0.512899745,4
-9.929543547,-0.612899745,4
-9.969006521,-0.912899745,4
-9.965313621,-1.112899745,4
-9.932691314,-1.412899745,4
-9.907852215,-1.512899745,4
-9.862397669,-1.612899745,4
-9.809681155,-1.812899745,4
-9.75330676,-1.912899745,4
-9.708777637,-2.112899745,4
-9.646423019,-2.212899745,4
-9.617305793,-2.312899745,4
-9.550509557,-2.412899745,4
-9.449518881,-2.612899745,4
-9.425545503,-2.712899745,4
-9.362397669,-2.812899745,4
-9.339380261,-2.912899745,4
-9.292733638,-3.412899745,4
-9.292733638,-3.712899745,4
-9.339845972,-4.212899745,4
-9.415831464,-4.412899745,4
-9.450846592,-4.612899745,4
-9.496583276,-4.712899745,4
-9.51268176,-4.812899745,4
-9.521692106,-5.112899745,4
-9.520731003,-5.612899745,4
-9.508777637,-5.812899745,4
-9.443880702,-6.012899745,4
-9.423826865,-6.312899745,4
-9.397796175,-6.412899745,4
-9.344704381,-6.512899745,4
-9.327170397,-6.612899745,4
-9.276851561,-6.712899745,4
-9.217664625,-6.912899745,4
-9.160568729,-7.012899745,4
-9.139609247,-7.112899745,4
-9.085124942,-7.214604291,4
-9.004936263,-7.412899745,4
-8.85330676,-7.612899745,4
-8.808777637,-7.712899745,4
-8.720595572,-7.838602047,4
-8.570427686,-8.087269061,4
-8.46466626,-8.296180752,4
-8.397737843,-8.380979987,4
-8.330861057,-8.499011715,4
-8.258031636,-8.585806439,4
-7.948019077,-8.895818997,4
-7.861224353,-8.968648418,4
-7.76310154,-9.025299651,4
-7.656632049,-9.064051376,4
-7.492781874,-9.08322744,4
-7.349031445,-9.150337312,4
-7.192250689,-9.181824273,4
-6.97435395,-9.273467253,4
-6.767678911,-9.325136013,4
-6.620361972,-9.341813969,4
-6.302660074,-9.428473532,4
-5.674076187,-9.549606248,4
-5.785124942,-9.525570978, 3.799999999999997
-5.822880046,-9.512899745, 3.799999999999997
-5.885124942,-9.493595948, 3.799999999999997
-5.985124942,-9.47828436, 3.799999999999997
-6.085124942,-9.468334528, 3.799999999999997
-6.185124942,-9.458178715, 3.799999999999997
-6.285124942,-9.4428448, 3.799999999999997
-6.367700701,-9.412899745, 3.799999999999997
-6.385124942,-9.404626364, 3.799999999999997
-6.485124942,-9.371927523, 3.799999999999997
-6.585124942,-9.352473205, 3.799999999999997
-6.685124942,-9.326165051, 3.799999999999997
-6.724920862,-9.312899745, 3.799999999999997
-6.785124942,-9.294109936, 3.799999999999997
-6.885124942,-9.263563462, 3.799999999999997
-6.985124942,-9.23655244, 3.799999999999997
-7.023105712,-9.212899745, 3.799999999999997
-7.085124942,-9.179305995, 3.799999999999997
-7.185124942,-9.143980826, 3.799999999999997
-7.251985408,-9.112899745, 3.799999999999997
-7.285124942,-9.094630514, 3.799999999999997
-7.385124942,-9.063642319, 3.799999999999997
-7.485124942,-9.026751097, 3.799999999999997
-7.516185549,-9.012899745, 3.799999999999997
-7.585124942,-8.986599167, 3.799999999999997
-7.685124942,-8.962364986, 3.799999999999997
-7.777624943,-8.912899745, 3.799999999999997
-7.785124942,-8.90734419, 3.799999999999997
-7.885124942,-8.846948825, 3.799999999999997
-7.922373264,-8.812899745, 3.799999999999997
-7.985124942,-8.760665108, 3.799999999999997
-8.041374942,-8.712899745, 3.799999999999997
-8.085124942,-8.676159414, 3.799999999999997
-8.15899591,-8.612899745, 3.799999999999997
-8.185124942,-8.587899745, 3.799999999999997
-8.264536707,-8.512899745, 3.799999999999997
-8.285124942,-8.491615961, 3.799999999999997
-8.344868532,-8.412899745, 3.799999999999997
-8.385124942,-8.359498385, 3.799999999999997
-8.421561112,-8.312899745, 3.799999999999997
-8.485124942,-8.23105043, 3.799999999999997
-8.502332734,-8.212899745, 3.799999999999997
-8.55259806,-8.112899745, 3.799999999999997
-8.585124942,-8.071461389, 3.799999999999997
-8.627662255,-8.012899745, 3.799999999999997
-8.683962152,-7.912899745, 3.799999999999997
-8.685124942,-7.911606642, 3.799999999999997
-8.739909631,-7.812899745, 3.799999999999997
-8.785124942,-7.747274745, 3.799999999999997
-8.813091044,-7.712899745, 3.799999999999997
-8.855179887,-7.612899745, 3.799999999999997
-8.885124942,-7.577510135, 3.799999999999997
-8.934874942,-7.512899745, 3.799999999999997
-8.985124942,-7.447213471, 3.799999999999997
-9.014291609,-7.412899745, 3.799999999999997
-9.049518881,-7.312899745, 3.799999999999997
-9.085124942,-7.247011895, 3.799999999999997
-9.10738104,-7.212899745, 3.799999999999997
-9.144984097,-7.112899745, 3.799999999999997
-9.176196371,-7.012899745, 3.799999999999997
-9.185124942,-7.000763823, 3.799999999999997
-9.226638703,-6.912899745, 3.799999999999997
-9.247018146,-6.812899745, 3.799999999999997
-9.283201865,-6.712899745, 3.799999999999997
-9.285124942,-6.710240171, 3.799999999999997
-9.326905764,-6.612899745, 3.799999999999997
-9.342557374,-6.512899745, 3.799999999999997
-9.385124942,-6.415477065, 3.799999999999997
-9.387048019,-6.412899745, 3.799999999999997
-9.419740327,-6.312899745, 3.799999999999997
-9.42769251,-6.212899745, 3.799999999999997
-9.430168045,-6.112899745, 3.799999999999997
-9.435328194,-6.012899745, 3.799999999999997
-9.454797073,-5.912899745, 3.799999999999997
-9.485124942,-5.81883195, 3.799999999999997
-9.487796698,-5.812899745, 3.799999999999997
-9.502332734,-5.712899745, 3.799999999999997
-9.509232085,-5.612899745, 3.799999999999997
-9.510124942,-5.512899745, 3.799999999999997
-9.510124942,-5.412899745, 3.799999999999997
-9.510124942,-5.312899745, 3.799999999999997
-9.510563539,-5.212899745, 3.799999999999997
-9.510124942,-5.112899745, 3.799999999999997
-9.507852215,-5.012899745, 3.799999999999997
-9.502332734,-4.912899745, 3.799999999999997
-9.49469941,-4.812899745, 3.799999999999997
-9.485124942,-4.779972913, 3.799999999999997
-9.467383007,-4.712899745, 3.799999999999997
-9.437416609,-4.612899745, 3.799999999999997
-9.42292982,-4.512899745, 3.799999999999997
-9.400124942,-4.412899745, 3.799999999999997
-9.385124942,-4.383678964, 3.799999999999997
-9.355179887,-4.312899745, 3.799999999999997
-9.331999942,-4.212899745, 3.799999999999997
-9.32292982,-4.112899745, 3.799999999999997
-9.312267799,-4.012899745, 3.799999999999997
-9.291374942,-3.912899745, 3.799999999999997
-9.285124942,-3.892168035, 3.799999999999997
-9.264812442,-3.812899745, 3.799999999999997
-9.255566931,-3.712899745, 3.799999999999997
-9.254797073,-3.612899745, 3.799999999999997
-9.254797073,-3.512899745, 3.799999999999997
-9.255566931,-3.412899745, 3.799999999999997
-9.264317489,-3.312899745, 3.799999999999997
-9.285124942,-3.229149747, 3.799999999999997
-9.289975689,-3.212899745, 3.799999999999997
-9.312267799,-3.112899745, 3.799999999999997
-9.326369182,-3.012899745, 3.799999999999997
-9.335976006,-2.912899745, 3.799999999999997
-9.360124942,-2.812899745, 3.799999999999997
-9.385124942,-2.781877847, 3.799999999999997
-9.429491139,-2.712899745, 3.799999999999997
-9.457982085,-2.612899745, 3.799999999999997
-9.485124942,-2.570489031, 3.799999999999997
-9.518718692,-2.512899745, 3.799999999999997
-9.557568124,-2.412899745, 3.799999999999997
-9.585124942,-2.37643358, 3.799999999999997
-9.624983433,-2.312899745, 3.799999999999997
-9.649518881,-2.212899745, 3.799999999999997
-9.685124942,-2.156499745, 3.799999999999997
-9.715069997,-2.112899745, 3.799999999999997
-9.738757421,-2.012899745, 3.799999999999997
-9.75715884,-1.912899745, 3.799999999999997
-9.785124942,-1.867486901, 3.799999999999997
-9.816943124,-1.812899745, 3.799999999999997
-9.849195294,-1.712899745, 3.799999999999997
-9.885124942,-1.622393417, 3.799999999999997
-9.890680498,-1.612899745, 3.799999999999997
-9.937580299,-1.512899745, 3.799999999999997
-9.966855711,-1.412899745, 3.799999999999997
-9.985124942,-1.343387552, 3.799999999999997
-9.994053514,-1.312899745, 3.799999999999997
-10.01468295,-1.212899745, 3.799999999999997
-10.02382687,-1.112899745, 3.799999999999997
-10.0266387,-1.012899745, 3.799999999999997
-10.02781901,-0.912899745, 3.799999999999997
-10.02105459,-0.812899745, 3.799999999999997
-10.00877764,-0.712899745, 3.799999999999997
-9.990680498,-0.612899745, 3.799999999999997
-9.985124942,-0.603284359, 3.799999999999997
-9.949518881,-0.512899745, 3.799999999999997
-9.918718692,-0.412899745, 3.799999999999997
-9.885124942,-0.351471172, 3.799999999999997
-9.861017799,-0.312899745, 3.799999999999997
-9.809681155,-0.212899745, 3.799999999999997
-9.785124942,-0.184279054, 3.799999999999997
-9.722015186,-0.112899745, 3.799999999999997
-9.685124942,-0.079839635, 3.799999999999997
-9.585124942,-0.018455299, 3.799999999999997
-9.579569387,-0.012899745, 3.799999999999997
-9.485124942,0.059134154, 3.799999999999997
-9.45359628,0.087100255, 3.799999999999997
-9.385124942, 0.1422284611386786, 3.799999999999997
-9.322175302, 0.1871002554976524, 3.799999999999997
-9.285124942, 0.22166401455805662, 3.799999999999997
-9.221399452, 0.28710025549765383, 3.799999999999997
-9.185124942, 0.32618476324413237, 3.799999999999997
-9.135124942, 0.3871002554976535, 3.799999999999997
-9.085124942,0.443636204, 3.799999999999997
-9.01204802, 0.4871002554976531, 3.799999999999997
-8.985124942, 0.5032186772081797, 3.799999999999997
-8.885124942, 0.5672889353718666, 3.799999999999997
-8.863984003, 0.5871002554976528, 3.799999999999997
-8.785124942, 0.6446982952035363, 3.799999999999997
-8.705767144, 0.6871002554976524, 3.799999999999997
-8.685124942, 0.7021002561643197, 3.799999999999997
-8.585124942, 0.7625440430716175, 3.799999999999997
-8.547737555, 0.7871002554976521, 3.799999999999997
-8.485124942, 0.8223794438225251, 3.799999999999997
-8.385124942, 0.8667877561226529, 3.799999999999997
-8.361910657, 0.8871002554976535, 3.799999999999997
-8.285124942, 0.9433829785343004, 3.799999999999997
-8.234823737, 0.9871002554976531, 3.799999999999997
-8.185124942, 1.0334485706661933, 3.799999999999997
-8.135643077, 1.0871002554976528, 3.799999999999997
-8.085124942, 1.1431347388309856, 3.799999999999997
-8.039316559, 1.1871002554976524, 3.799999999999997
-7.985124942, 1.2376589152741886, 3.799999999999997
-7.931811689, 1.2871002554976538, 3.799999999999997
-7.885124942, 1.333507441725196, 3.799999999999997
-7.833390838, 1.3871002554976535, 3.799999999999997
-7.785124942, 1.4368026370452718, 3.799999999999997
-7.736281011, 1.4871002554976531, 3.799999999999997
-7.685124942, 1.5441970303363615, 3.799999999999997
-7.644327396, 1.5871002554976528, 3.799999999999997
-7.585124942, 1.6570277924541745, 3.799999999999997
-7.55689365, 1.6871002554976524, 3.799999999999997
-7.485124942, 1.7708304150214627, 3.799999999999997
-7.469711408, 1.7871002554976538, 3.799999999999997
-7.392376851, 1.8871002554976535, 3.799999999999997
-7.385124942, 1.8958965527198757, 3.799999999999997
-7.315758745, 1.9871002554976531, 3.799999999999997
-7.285124942, 2.0208211865054064, 3.799999999999997
-7.222257295, 2.0871002554976528, 3.799999999999997
-7.185124942, 2.123694459120843, 3.799999999999997
-7.115124942, 2.1871002554976524, 3.799999999999997
-7.085124942, 2.212785187689432, 3.799999999999997
-6.985124942, 2.2665120208571317, 3.799999999999997
-6.950124943, 2.287100255497654, 3.799999999999997
-6.885124942, 2.3221301962162144, 3.799999999999997
-6.785124942, 2.347597493619201, 3.799999999999997
-6.685124942, 2.358975256065838, 3.799999999999997
-6.599780116, 2.3871002554976535, 3.799999999999997
-6.585124942, 2.3933502562329476, 3.799999999999997
-6.485124942, 2.4189184378505946, 3.799999999999997
-6.385124942, 2.4269517411412167, 3.799999999999997
-6.285124942, 2.4354012268568788, 3.799999999999997
-6.185124942,2.444411577, 3.799999999999997
-6.085124942, 2.4556486431320614, 3.799999999999997
-5.985124942, 2.467288935371867, 3.799999999999997
-5.885124942, 2.4851771793438058, 3.799999999999997
-5.87376131, 2.487100255497653, 3.799999999999997
-5.785124942, 2.500365562300372, 3.799999999999997
-5.685124942, 2.512972349102304, 3.799999999999997
-5.585124942, 2.518918437850594, 3.799999999999997
-5.485124942,2.52366742, 3.799999999999997
-5.385124942, 2.5246002559878473, 3.799999999999997
-5.285124942, 2.5249051340342383, 3.799999999999997
-5.185124942, 2.5255060530821947, 3.799999999999997
-5.085124942, 2.5260954712871264, 3.799999999999997
-4.985124942, 2.5258021790553453, 3.799999999999997
-4.885124942, 2.5199949928660725, 3.799999999999997
-4.785124942, 2.5083965524112326, 3.799999999999997
-4.68655351, 2.487100255497653, 3.799999999999997
-4.685124942, 2.486709631278904, 3.799999999999997
-4.585124942, 2.466292802702622, 3.799999999999997
-4.485124942, 2.452821905497654, 3.799999999999997
-4.385124942, 2.4481050406651175, 3.799999999999997
-4.285124942, 2.4469594108967154, 3.799999999999997
-4.185124942, 2.4445326883805354, 3.799999999999997
-4.085124942, 2.436490499806597, 3.799999999999997
-3.985124942, 2.4138243940034005, 3.799999999999997
-3.931055173, 2.3871002554976535, 3.799999999999997
-3.885124942, 2.3634475614856782, 3.799999999999997
-3.785124942, 2.340753223990804, 3.799999999999997
-3.694039669, 2.287100255497654, 3.799999999999997
-3.685124942, 2.278826874922114, 3.799999999999997
-3.585124942, 2.2443400749546694, 3.799999999999997
-3.485124942,2.20266317, 3.799999999999997
-3.45574994, 2.1871002554976524, 3.799999999999997
-3.385124942, 2.156393734302002, 3.799999999999997
-3.285124942, 2.125506053082196, 3.799999999999997
-3.216590458, 2.0871002554976528, 3.799999999999997
-3.185124942, 2.0648441585464337, 3.799999999999997
-3.085124942, 1.998558589525432, 3.799999999999997
-3.068624941, 1.9871002554976531, 3.799999999999997
-2.985124942, 1.9447144692032374, 3.799999999999997
-2.904053512, 1.8871002554976535, 3.799999999999997
-2.885124942, 1.8698924639392107, 3.799999999999997
-2.785124942, 1.7926558117939493, 3.799999999999997
-2.779569385, 1.7871002554976538, 3.799999999999997
-2.685124942, 1.7150663577575411, 3.799999999999997
-2.647906896, 1.6871002554976524, 3.799999999999997
-2.585124942, 1.6342521548647415, 3.799999999999997
-2.537368531, 1.5871002554976528, 3.799999999999997
-2.485124942, 1.5374051341561898, 3.799999999999997
-2.435124941, 1.4871002554976531, 3.799999999999997
-2.385124942, 1.436795378058628, 3.799999999999997
-2.335124941, 1.3871002554976535, 3.799999999999997
-2.285124942, 1.3364791381063483, 3.799999999999997
-2.236050867, 1.2871002554976538, 3.799999999999997
-2.185124942, 1.2338744496912017, 3.799999999999997
-2.139527457, 1.1871002554976524, 3.799999999999997
-2.085124942, 1.1125312908424814, 3.799999999999997
-2.066335132, 1.0871002554976528, 3.799999999999997
-1.987796696, 0.9871002554976531, 3.799999999999997
-1.985124942, 0.9844285005358202, 3.799999999999997
-1.915069996, 0.8871002554976535, 3.799999999999997
-1.885124942,0.840913816, 3.799999999999997
-1.851878868, 0.7871002554976538, 3.799999999999997
-1.805437441, 0.6871002554976524, 3.799999999999997
-1.785124942, 0.6658584260858884, 3.799999999999997
-1.725471476, 0.5871002554976528, 3.799999999999997
-1.685124942, 0.5258220607608095, 3.799999999999997
-1.656353991, 0.4871002554976531, 3.799999999999997
-1.585124942, 0.3897720119862029, 3.799999999999997
-1.582453185, 0.3871002554976535, 3.799999999999997
-1.508777636, 0.28710025549765383, 3.799999999999997
-1.485124942, 0.2582681394392594, 3.799999999999997
-1.435124941, 0.1871002554976524, 3.799999999999997
-1.385124942,0.089600256, 3.799999999999997
-1.383201864,0.087100255, 3.799999999999997
-1.318371014,-0.012899745, 3.799999999999997
-1.285124942,-0.079741849, 3.799999999999997
-1.26531362,-0.112899745, 3.799999999999997
-1.202332733,-0.212899745, 3.799999999999997
-1.185124942,-0.234983077, 3.799999999999997
-1.141228227,-0.312899745, 3.799999999999997
-1.105932394,-0.412899745, 3.799999999999997
-1.085124942,-0.441289574, 3.799999999999997
-1.042662629,-0.512899745, 3.799999999999997
-0.985124942,-0.606752203, 3.799999999999997
-0.979569385,-0.612899745, 3.799999999999997
-0.929271282,-0.712899745, 3.799999999999997
-0.885124942,-0.790250171, 3.799999999999997
-0.867917149,-0.812899745, 3.799999999999997
-0.832109866,-0.912899745, 3.799999999999997
-0.785124942,-0.992814274, 3.799999999999997
-0.769562027,-1.012899745, 3.799999999999997
-0.734129916,-1.112899745, 3.799999999999997
-0.685124942,-1.211399744, 3.799999999999997
-0.68396215,-1.212899745, 3.799999999999997
-0.639185855,-1.312899745, 3.799999999999997
-0.595964102,-1.412899745, 3.799999999999997
-0.585124942,-1.430715835, 3.799999999999997
-0.548269271,-1.512899745, 3.799999999999997
-0.521980611,-1.612899745, 3.799999999999997
-0.485124942,-1.70456641, 3.799999999999997
-0.480274194,-1.712899745, 3.799999999999997
-0.448645349,-1.812899745, 3.799999999999997
-0.42666723,-1.912899745, 3.799999999999997
-0.387048018,-2.012899745, 3.799999999999997
-0.385124942,-2.016932001, 3.799999999999997
-0.353306759,-2.112899745, 3.799999999999997
-0.337057308,-2.212899745, 3.799999999999997
-0.320404129,-2.312899745, 3.799999999999997
-0.292059247,-2.412899745, 3.799999999999997
-0.285124942,-2.434490651, 3.799999999999997
-0.263828645,-2.512899745, 3.799999999999997
-0.251878868,-2.612899745, 3.799999999999997
-0.243152464,-2.712899745, 3.799999999999997
-0.236918663,-2.812899745, 3.799999999999997
-0.233576269,-2.912899745, 3.799999999999997
-0.230719655,-3.012899745, 3.799999999999997
-0.227432633,-3.112899745, 3.799999999999997
-0.224120156,-3.212899745, 3.799999999999997
-0.222624941,-3.312899745, 3.799999999999997
-0.221374941,-3.412899745, 3.799999999999997
-0.220404129,-3.512899745, 3.799999999999997
-0.219740326,-3.612899745, 3.799999999999997
-0.219403292,-3.712899745, 3.799999999999997
-0.219062765,-3.812899745, 3.799999999999997
-0.218718691,-3.912899745, 3.799999999999997
-0.218371014,-4.012899745, 3.799999999999997
-0.218718691,-4.112899745, 3.799999999999997
-0.218718691,-4.212899745, 3.799999999999997
-0.219062765,-4.312899745, 3.799999999999997
-0.219740326,-4.412899745, 3.799999999999997
-0.222624941,-4.512899745, 3.799999999999997
-0.225822615,-4.612899745, 3.799999999999997
-0.22895754,-4.712899745, 3.799999999999997
-0.236021802,-4.812899745, 3.799999999999997
-0.244427267,-4.912899745, 3.799999999999997
-0.253673328,-5.012899745, 3.799999999999997
-0.262868843,-5.112899745, 3.799999999999997
-0.285124942,-5.199804509, 3.799999999999997
-0.289260279,-5.212899745, 3.799999999999997
-0.322562127,-5.312899745, 3.799999999999997
-0.34308514,-5.412899745, 3.799999999999997
-0.360568728,-5.512899745, 3.799999999999997
-0.379569385,-5.612899745, 3.799999999999997
-0.385124942,-5.630341607, 3.799999999999997
-0.406904082,-5.712899745, 3.799999999999997
-0.426097163,-5.812899745, 3.799999999999997
-0.439443123,-5.912899745, 3.799999999999997
-0.46685571,-6.012899745, 3.799999999999997
-0.485124942,-6.068782099, 3.799999999999997
-0.500124941,-6.112899745, 3.799999999999997
-0.513895891,-6.212899745, 3.799999999999997
-0.522929819,-6.312899745, 3.799999999999997
-0.535335025,-6.412899745, 3.799999999999997
-0.553673328,-6.512899745, 3.799999999999997
-0.576851559,-6.612899745, 3.799999999999997
-0.585124942,-6.629566413, 3.799999999999997
-0.616206022,-6.712899745, 3.799999999999997
-0.641228227,-6.812899745, 3.799999999999997
-0.676196369,-6.912899745, 3.799999999999997
-0.685124942,-6.927434629, 3.799999999999997
-0.721692105,-7.012899745, 3.799999999999997
-0.749996736,-7.112899745, 3.799999999999997
-0.785124942,-7.169047286, 3.799999999999997
-0.814682952,-7.212899745, 3.799999999999997
-0.845551481,-7.312899745, 3.799999999999997
-0.885124942,-7.393967707, 3.799999999999997
-0.898390247,-7.412899745, 3.799999999999997
-0.945839227,-7.512899745, 3.799999999999997
-0.985124942,-7.571410384, 3.799999999999997
-1.016576554,-7.612899745, 3.799999999999997
-1.057982084,-7.712899745, 3.799999999999997
-1.085124942,-7.749438207, 3.799999999999997
-1.129242588,-7.812899745, 3.799999999999997
-1.182453185,-7.912899745, 3.799999999999997
-1.185124942,-7.916170773, 3.799999999999997
-1.231124941,-8.012899745, 3.799999999999997
-1.276851559,-8.112899745, 3.799999999999997
-1.285124942,-8.121418264, 3.799999999999997
-1.35569637,-8.212899745, 3.799999999999997
-1.385124942,-8.255816412, 3.799999999999997
-1.422970245,-8.312899745, 3.799999999999997
-1.485124942,-8.388913259, 3.799999999999997
-1.507736406,-8.412899745, 3.799999999999997
-1.585124942,-8.493363321, 3.799999999999997
-1.604532836,-8.512899745, 3.799999999999997
-1.685124942,-8.5924452, 3.799999999999997
-1.705713176,-8.612899745, 3.799999999999997
-1.785124942,-8.689314839, 3.799999999999997
-1.809634745,-8.712899745, 3.799999999999997
-1.885124942,-8.777424885, 3.799999999999997
-1.928618092,-8.812899745, 3.799999999999997
-1.985124942,-8.857981712, 3.799999999999997
-2.085124942,-8.91250912, 3.799999999999997
-2.085610377,-8.912899745, 3.799999999999997
-2.185124942,-8.967132549, 3.799999999999997
-2.250655244,-9.012899745, 3.799999999999997
-2.285124942,-9.039822822, 3.799999999999997
-2.385124942,-9.084774745, 3.799999999999997
-2.419740325,-9.112899745, 3.799999999999997
-2.485124942,-9.163440286, 3.799999999999997
-2.569069895,-9.212899745, 3.799999999999997
-2.585124942,-9.224968711, 3.799999999999997
-2.685124942,-9.269149745, 3.799999999999997
-2.776270774,-9.312899745, 3.799999999999997
-2.785124942,-9.319149745, 3.799999999999997
-2.885124942,-9.358242882, 3.799999999999997
-2.985124942,-9.378621395, 3.799999999999997
-3.085124942,-9.403971174, 3.799999999999997
-3.118019676,-9.412899745, 3.799999999999997
-3.185124942,-9.429566412, 3.799999999999997
-3.285124942,-9.450839443, 3.799999999999997
-3.385124942,-9.462118495, 3.799999999999997
-3.485124942,-9.474996519, 3.799999999999997
-3.585124942,-9.488792602, 3.799999999999997
-3.685124942,-9.502060584, 3.799999999999997
-3.776301406,-9.512899745, 3.799999999999997
-3.785124942,-9.514062536, 3.799999999999997
-3.885124942,-9.530641681, 3.799999999999997
-3.985124942,-9.537006888, 3.799999999999997
-4.085124942,-9.543980826, 3.799999999999997
-4.185124942,-9.549149745, 3.799999999999997
-4.285124942,-9.551305542, 3.799999999999997
-4.385124942,-9.552185459, 3.799999999999997
-4.485124942,-9.55585429, 3.799999999999997
-4.585124942,-9.561351072, 3.799999999999997
-4.685124942,-9.565701469, 3.799999999999997
-4.785124942,-9.569566412, 3.799999999999997
-4.885124942,-9.568334528, 3.799999999999997
-4.985124942,-9.556732344, 3.799999999999997
-5.085124942,-9.55189496, 3.799999999999997
-5.185124942,-9.551601668, 3.799999999999997
-5.285124942,-9.551601668, 3.799999999999997
-5.385124942,-9.551305542, 3.799999999999997
-5.485124942,-9.551305542, 3.799999999999997
-5.585124942,-9.550399745, 3.799999999999997
-5.685124942,-9.545439428, 3.799999999999997
-5.785124942,-9.525570978, 3.799999999999997
-6.185124942,-9.526751097,3
-6.226961678,-9.512899745,3
-6.285124942,-9.494630514,3
-6.385124942,-9.475399745,3
-6.485124942,-9.451305542,3
-6.571537986,-9.412899745,3
-6.585124942,-9.403971174,3
-6.685124942,-9.369490654,3
-6.785124942,-9.332203543,3
-6.825256522,-9.312899745,3
-6.885124942,-9.286599167,3
-6.985124942,-9.233707199,3
-7.012583959,-9.212899745,3
-7.085124942,-9.170555247,3
-7.177109675,-9.112899745,3
-7.185124942,-9.10529105,3
-7.285124942,-9.039623883,3
-7.332094639,-9.012899745,3
-7.385124942,-8.983733078,3
-7.485124942,-8.920508441,3
-7.496295155,-8.912899745,3
-7.585124942,-8.870513958,3
-7.655621837,-8.812899745,3
-7.685124942,-8.785756888,3
-7.785124942,-8.722474213,3
-7.795124942,-8.712899745,3
-7.885124942,-8.643072159,3
-7.916943124,-8.612899745,3
-7.985124942,-8.556081563,3
-8.081192358,-8.512899745,3
-8.085124942,-8.51022799,3
-8.185124942,-8.442066412,3
-8.218778788,-8.412899745,3
-8.285124942,-8.35954923,3
-8.34098914,-8.312899745,3
-8.385124942,-8.273177523,3
-8.447481264,-8.212899745,3
-8.485124942,-8.177107395,3
-8.556337063,-8.112899745,3
-8.585124942,-8.085283466,3
-8.652422239,-8.012899745,3
-8.685124942,-7.975783181,3
-8.737689045,-7.912899745,3
-8.785124942,-7.817538921,3
-8.788534033,-7.812899745,3
-8.861932171,-7.712899745,3
-8.885124942,-7.687233079,3
-8.945722768,-7.612899745,3
-8.985124942,-7.541117567,3
-9.003394173,-7.512899745,3
-9.061017799,-7.412899745,3
-9.085124942,-7.379703024,3
-9.124120157,-7.312899745,3
-9.152944091,-7.212899745,3
-9.185124942,-7.151788634,3
-9.208317713,-7.112899745,3
-9.23977096,-7.012899745,3
-9.247320064,-6.912899745,3
-9.267383007,-6.812899745,3
-9.285124942,-6.77245857,3
-9.309232085,-6.712899745,3
-9.325822616,-6.612899745,3
-9.331777662,-6.512899745,3
-9.341292343,-6.412899745,3
-9.35715884,-6.312899745,3
-9.376851561,-6.212899745,3
-9.385124942,-6.124438214,3
-9.386287733,-6.112899745,3
-9.392059249,-6.012899745,3
-9.40738104,-5.912899745,3
-9.416576555,-5.812899745,3
-9.420073922,-5.712899745,3
-9.42200613,-5.612899745,3
-9.42200613,-5.512899745,3
-9.421692106,-5.412899745,3
-9.420073922,-5.312899745,3
-9.414682953,-5.212899745,3
-9.409681155,-5.112899745,3
-9.401243363,-5.012899745,3
-9.385124942,-4.922159,3
-9.383201865,-4.912899745,3
-9.361932171,-4.812899745,3
-9.341715851,-4.712899745,3
-9.32200613,-4.612899745,3
-9.294053514,-4.512899745,3
-9.285124942,-4.489314837,3
-9.261017799,-4.412899745,3
-9.231746564,-4.312899745,3
-9.209232085,-4.212899745,3
-9.185124942,-4.131899743,3
-9.178190636,-4.112899745,3
-9.156353992,-4.012899745,3
-9.135124942,-3.912899745,3
-9.12231706,-3.812899745,3
-9.12040413,-3.712899745,3
-9.126905764,-3.612899745,3
-9.140258871,-3.512899745,3
-9.165821145,-3.412899745,3
-9.185124942,-3.373289356,3
-9.21184908,-3.312899745,3
-9.242367933,-3.212899745,3
-9.285124942,-3.132636587,3
-9.300124942,-3.112899745,3
-9.348874942,-3.012899745,3
-9.385124942,-2.919951028,3
-9.389260281,-2.912899745,3
-9.456839228,-2.812899745,3
-9.485124942,-2.765756888,3
-9.515452811,-2.712899745,3
-9.568458275,-2.612899745,3
-9.585124942,-2.587899745,3
-9.622809671,-2.512899745,3
-9.661472248,-2.412899745,3
-9.685124942,-2.356471175,3
-9.70442874,-2.312899745,3
-9.735124942,-2.212899745,3
-9.758400804,-2.112899745,3
-9.785124942,-2.013963576,3
-9.785515567,-2.012899745,3
-9.82105459,-1.912899745,3
-9.842044585,-1.812899745,3
-9.885124942,-1.720994984,3
-9.891374942,-1.712899745,3
-9.927097419,-1.612899745,3
-9.967383007,-1.512899745,3
-9.985124942,-1.474167352,3
-10.01056354,-1.412899745,3
-10.0255455,-1.312899745,3
-10.03620253,-1.212899745,3
-10.0408018,-1.112899745,3
-10.04204458,-1.012899745,3
-10.03956939,-0.912899745,3
-10.02994476,-0.812899745,3
-10.01429161,-0.712899745,3
-9.985124942,-0.622382501,3
-9.980989604,-0.612899745,3
-9.959252849,-0.512899745,3
-9.930977477,-0.412899745,3
-9.890680498,-0.312899745,3
-9.885124942,-0.305399744,3
-9.840002991,-0.212899745,3
-9.785124942,-0.125690441,3
-9.773666609,-0.112899745,3
-9.685124942,-0.036092515,3
-9.655509558,-0.012899745,3
-9.585124942,0.035006015,3
-9.528590851,0.087100255,3
-9.485124942, 0.12867634299765385,3
-9.416653605, 0.1871002554976524,3
-9.385124942, 0.22123818722179145,3
-9.322295995, 0.28710025549765383,3
-9.285124942, 0.3274573990690808,3
-9.240232469, 0.3871002554976535,3
-9.185124942, 0.4540937202035362,3
-9.155243285, 0.4871002554976531,3
-9.085124942, 0.5522101461569928,3
-9.027917735, 0.5871002554976528,3
-8.985124942, 0.6142431132119395,3
-8.885124942, 0.6726707259674516,3
-8.869984097, 0.6871002554976524,3
-8.785124942,0.751538759,3
-8.726275385, 0.7871002554976538,3
-8.685124942, 0.8138243940034009,3
-8.585124942, 0.8688310253694471,3
-8.565868185, 0.8871002554976535,3
-8.485124942, 0.9510039993479218,3
-8.433988579, 0.9871002554976531,3
-8.385124942, 1.030388846772821,3
-8.32724823, 1.0871002554976528,3
-8.285124942, 1.1295140492907567,3
-8.240710048, 1.1871002554976524,3
-8.185124942, 1.2475048803531443,3
-8.147487579, 1.2871002554976538,3
-8.085124942, 1.3508643010032717,3
-8.049091423, 1.3871002554976535,3
-7.985124942, 1.450359924558425,3
-7.947974104, 1.4871002554976513,3
-7.885124942, 1.5492549521827357,3
-7.847693248, 1.5871002554976528,3
-7.785124942, 1.658662756122654,3
-7.758824364, 1.6871002554976524,3
-7.69469941, 1.7871002554976538,3
-7.685124942, 1.7966747242919787,3
-7.608317713, 1.8871002554976535,3
-7.585124942, 1.9136519803252376,3
-7.531607354, 1.9871002554976531,3
-7.485124942, 2.046017453586824,3
-7.447841705, 2.0871002554976528,3
-7.385124942, 2.1524617018831957,3
-7.34778728, 2.1871002554976524,3
-7.285124942, 2.2378897297081792,3
-7.185124942, 2.2693583206589434,3
-7.163807113, 2.287100255497654,3
-7.085124942, 2.341670148508406,3
-6.994264728, 2.3871002554976535,3
-6.985124942, 2.3933502562329476,3
-6.885124942, 2.430350255997654,3
-6.785124942,2.442897357,3
-6.685124942, 2.451494195396645,3
-6.585124942, 2.4591341543677103,3
-6.485124942, 2.4677964586622085,3
-6.385124942, 2.4768889885962455,3
-6.285124942, 2.4851771793438058,3
-6.253874954, 2.487100255497653,3
-6.185124942, 2.4912355945953966,3
-6.085124942, 2.494708951874463,3
-5.985124942, 2.495373637512042,3
-5.885124942, 2.495373637512042,3
-5.785124942, 2.495373637512042,3
-5.685124942, 2.495373637512042,3
-5.585124942, 2.495373637512042,3
-5.485124942, 2.494708951874463,3
-5.385124942, 2.494708951874463,3
-5.285124942, 2.494708951874463,3
-5.185124942, 2.494708951874463,3
-5.085124942, 2.493350256232949,3
-4.985124942, 2.489772011986201,3
-4.958201857, 2.487100255497653,3
-4.885124942, 2.480165949658236,3
-4.785124942, 2.4625440430716186,3
-4.685124942, 2.4404786343264835,3
-4.585124942, 2.425207052099596,3
-4.485124942, 2.4107529507072325,3
-4.385124942,2.396674724,3
-4.285124942,2.388263047,3
-4.274410649, 2.3871002554976535,3
-4.185124942, 2.378171684783366,3
-4.085124942, 2.3607996780410065,3
-3.985124942, 2.3366351396836986,3
-3.885124942, 2.2973115238075135,3
-3.8536032, 2.287100255497654,3
-3.785124942, 2.2672889353718677,3
-3.685124942,2.232859185,3
-3.585124942,2.20266317,3
-3.554996735, 2.1871002554976524,3
-3.485124942,2.157155201,3
-3.385124942, 2.1275208167126056,3
-3.285124942, 2.089772011986204,3
-3.282107699, 2.0871002554976528,3
-3.185124942, 2.0337827204265633,3
-3.11106479, 1.9871002554976531,3
-3.085124942, 1.9658039598186416,3
-2.985124942, 1.911207398950033,3
-2.950211148, 1.8871002554976535,3
-2.885124942, 1.847981085031332,3
-2.803527719, 1.7871002554976538,3
-2.785124942, 1.7698924639392128,3
-2.685124942, 1.6890233331899598,3
-2.683201864, 1.6871002554976524,3
-2.585124942, 1.6037669228179148,3
-2.568458274, 1.5871002554976528,3
-2.485124942, 1.5102930271843995,3
-2.461649331, 1.4871002554976531,3
-2.385124942, 1.4119505554976524,3
-2.360124941, 1.3871002554976553,3
-2.285124942, 1.3121002561000648,3
-2.260274642, 1.2871002554976538,3
-2.185124942, 1.2086627561226528,3
-2.163828645, 1.1871002554976524,3
-2.085124942, 1.0991692217045497,3
-2.073055975, 1.0871002554976528,3
-1.992059247, 0.9871002554976531,3
-1.985124942, 0.9794389659815241,3
-1.931620268, 0.8871002554976535,3
-1.885124942, 0.8139384915270664,3
-1.862868843, 0.7871002554976521,3
-1.812267798, 0.6871002554976524,3
-1.785124942, 0.6508407142762778,3
-1.741860692, 0.5871002554976528,3
-1.685124942, 0.5207366197400756,3
-1.654797072, 0.4871002554976531,3
-1.585124942, 0.4088793972154434,3
-1.5633458, 0.3871002554976535,3
-1.502332733, 0.28710025549765383,3
-1.485124942, 0.2644506837027816,3
-1.440322961, 0.1871002554976524,3
-1.385124942, 0.11784559773367675,3
-1.357158839,0.087100255,3
-1.298390247,-0.012899745,3
-1.285124942,-0.029425167,3
-1.2375404,-0.112899745,3
-1.185124942,-0.18157063,3
-1.157158839,-0.212899745,3
-1.104428738,-0.312899745,3
-1.085124942,-0.33965413,3
-1.04459096,-0.412899745,3
-0.985124942,-0.484958567,3
-0.957982084,-0.512899745,3
-0.885124942,-0.605291048,3
-0.877516245,-0.612899745,3
-0.82903357,-0.712899745,3
-0.785124942,-0.772969188,3
-0.75404386,-0.812899745,3
-0.718019678,-0.912899745,3
-0.685124942,-0.959892225,3
-0.64951888,-1.012899745,3
-0.610997034,-1.112899745,3
-0.585124942,-1.14878684,3
-0.546719144,-1.212899745,3
-0.513495727,-1.312899745,3
-0.485124942,-1.356434226,3
-0.451187117,-1.412899745,3
-0.425545502,-1.512899745,3
-0.385124942,-1.589448416,3
-0.367917149,-1.612899745,3
-0.347624941,-1.712899745,3
-0.335329859,-1.812899745,3
-0.317664624,-1.912899745,3
-0.285124942,-2.00334092,3
-0.280274194,-2.012899745,3
-0.259252848,-2.112899745,3
-0.25404386,-2.212899745,3
-0.242817249,-2.312899745,3
-0.233185286,-2.412899745,3
-0.225545502,-2.512899745,3
-0.219740326,-2.612899745,3
-0.218371014,-2.712899745,3
-0.218718691,-2.812899745,3
-0.218718691,-2.912899745,3
-0.219403292,-3.012899745,3
-0.219403292,-3.112899745,3
-0.219740326,-3.212899745,3
-0.220073921,-3.312899745,3
-0.220404129,-3.412899745,3
-0.220404129,-3.512899745,3
-0.220731002,-3.612899745,3
-0.221054589,-3.712899745,3
-0.221374941,-3.812899745,3
-0.221374941,-3.912899745,3
-0.222006129,-4.012899745,3
-0.222006129,-4.112899745,3
-0.222317059,-4.212899745,3
-0.223231737,-4.312899745,3
-0.226638703,-4.412899745,3
-0.230081081,-4.512899745,3
-0.233803355,-4.612899745,3
-0.23556547,-4.712899745,3
-0.238001047,-4.812899745,3
-0.241851398,-4.912899745,3
-0.245551481,-5.012899745,3
-0.248243753,-5.112899745,3
-0.258824363,-5.212899745,3
-0.285124942,-5.300399746,3
-0.289975687,-5.312899745,3
-0.311425519,-5.412899745,3
-0.340911978,-5.512899745,3
-0.36685571,-5.612899745,3
-0.385124942,-5.674856268,3
-0.397193906,-5.712899745,3
-0.420404129,-5.812899745,3
-0.441636569,-5.912899745,3
-0.477516245,-6.012899745,3
-0.485124942,-6.039149747,3
-0.50391475,-6.112899745,3
-0.532434358,-6.212899745,3
-0.55294409,-6.312899745,3
-0.585124942,-6.408931492,3
-0.587048018,-6.412899745,3
-0.625545502,-6.512899745,3
-0.646719144,-6.612899745,3
-0.678874941,-6.712899745,3
-0.685124942,-6.723524746,3
-0.721054589,-6.812899745,3
-0.747932823,-6.912899745,3
-0.785124942,-7.003863601,3
-0.790680496,-7.012899745,3
-0.841964564,-7.112899745,3
-0.885124942,-7.189149745,3
-0.903394172,-7.212899745,3
-0.958824363,-7.312899745,3
-0.985124942,-7.37609419,3
-1.002332733,-7.412899745,3
-1.057931958,-7.512899745,3
-1.085124942,-7.562367831,3
-1.112267798,-7.612899745,3
-1.17428578,-7.712899745,3
-1.185124942,-7.72464217,3
-1.240601132,-7.812899745,3
-1.285124942,-7.883733079,3
-1.308317712,-7.912899745,3
-1.376196369,-8.012899745,3
-1.385124942,-8.021957716,3
-1.469922238,-8.112899745,3
-1.485124942,-8.128744816,3
-1.568111052,-8.212899745,3
-1.585124942,-8.230153266,3
-1.665604393,-8.312899745,3
-1.685124942,-8.332829815,3
-1.762489806,-8.412899745,3
-1.785124942,-8.43553488,3
-1.862489806,-8.512899745,3
-1.885124942,-8.533707199,3
-1.978190634,-8.612899745,3
-1.985124942,-8.619834052,3
-2.085124942,-8.686175607,3
-2.127397668,-8.712899745,3
-2.185124942,-8.746145818,3
-2.279569385,-8.812899745,3
-2.285124942,-8.818455301,3
-2.385124942,-8.876018557,3
-2.436861052,-8.912899745,3
-2.485124942,-8.948178933,3
-2.571273589,-9.012899745,3
-2.585124942,-9.026751097,3
-2.685124942,-9.076332581,3
-2.750169188,-9.112899745,3
-2.785124942,-9.13655244,3
-2.885124942,-9.163321686,3
-2.985124942,-9.191120604,3
-3.045294431,-9.212899745,3
-3.085124942,-9.228462659,3
-3.185124942,-9.244717927,3
-3.285124942,-9.253320306,3
-3.385124942,-9.260430609,3
-3.485124942,-9.267620775,3
-3.585124942,-9.28295469,3
-3.651588355,-9.312899745,3
-3.685124942,-9.330641681,3
-3.785124942,-9.354680567,3
-3.885124942,-9.369315674,3
-3.985124942,-9.381818664,3
-4.079387235,-9.412899745,3
-4.085124942,-9.415571501,3
-4.185124942,-9.449466909,3
-4.285124942,-9.462488222,3
-4.385124942,-9.46809455,3
-4.485124942,-9.481081563,3
-4.582665923,-9.512899745,3
-4.585124942,-9.514062536,3
-4.685124942,-9.552185459,3
-4.785124942,-9.567155064,3
-4.885124942,-9.575399745,3
-4.985124942,-9.584128795,3
-5.085124942,-9.588792602,3
-5.185124942,-9.593088424,3
-5.285124942,-9.596781324,3
-5.385124942,-9.597899745,3
-5.485124942,-9.597899745,3
-5.585124942,-9.595691953,3
-5.685124942,-9.588343532,3
-5.785124942,-9.57828436,3
-5.885124942,-9.565956513,3
-5.985124942,-9.555724857,3
-6.085124942,-9.545439428,3
-6.185124942,-9.526751097,3
-5.785124942,-9.621173127, 2.799999999999997
-5.819973429,-9.612899745, 2.799999999999997
-5.885124942,-9.598470215, 2.799999999999997
-5.985124942,-9.581818664, 2.799999999999997
-6.085124942,-9.571118923, 2.799999999999997
-6.185124942,-9.560098021, 2.799999999999997
-6.285124942,-9.537455958, 2.799999999999997
-6.368124944,-9.512899745, 2.799999999999997
-6.385124942,-9.506649745, 2.799999999999997
-6.485124942,-9.486599167, 2.799999999999997
-6.585124942,-9.450091863, 2.799999999999997
-6.669956403,-9.412899745, 2.799999999999997
-6.685124942,-9.403325277, 2.799999999999997
-6.785124942,-9.366278123, 2.799999999999997
-6.885124942,-9.324358079, 2.799999999999997
-6.900124942,-9.312899745, 2.799999999999997
-6.985124942,-9.269003031, 2.799999999999997
-7.079966212,-9.212899745, 2.799999999999997
-7.085124942,-9.208048999, 2.799999999999997
-7.185124942,-9.151930357, 2.799999999999997
-7.250509558,-9.112899745, 2.799999999999997
-7.285124942,-9.088792602, 2.799999999999997
-7.385124942,-9.014062536, 2.799999999999997
-7.38633462,-9.012899745, 2.799999999999997
-7.485124942,-8.951954471, 2.799999999999997
-7.543707032,-8.912899745, 2.799999999999997
-7.585124942,-8.882571876, 2.799999999999997
-7.669562028,-8.812899745, 2.799999999999997
-7.685124942,-8.797336831, 2.799999999999997
-7.785124942,-8.730107537, 2.799999999999997
-7.803030348,-8.712899745, 2.799999999999997
-7.885124942,-8.638814379, 2.799999999999997
-7.910124942,-8.612899745, 2.799999999999997
-7.985124942,-8.545439428, 2.799999999999997
-8.038603203,-8.512899745, 2.799999999999997
-8.085124942,-8.483341734, 2.799999999999997
-8.185124942,-8.432203543, 2.799999999999997
-8.204676224,-8.412899745, 2.799999999999997
-8.285124942,-8.347535162, 2.799999999999997
-8.32721355,-8.312899745, 2.799999999999997
-8.385124942,-8.263440286, 2.799999999999997
-8.438553514,-8.212899745, 2.799999999999997
-8.485124942,-8.170671766, 2.799999999999997
-8.55352985,-8.112899745, 2.799999999999997
-8.585124942,-8.084128795, 2.799999999999997
-8.658824364,-8.012899745, 2.799999999999997
-8.685124942,-7.985490107, 2.799999999999997
-8.747885359,-7.912899745, 2.799999999999997
-8.785124942,-7.859541536, 2.799999999999997
-8.818019679,-7.812899745, 2.799999999999997
-8.885124942,-7.719149745, 2.799999999999997
-8.891374942,-7.712899745, 2.799999999999997
-8.963345801,-7.612899745, 2.799999999999997
-8.985124942,-7.586987336, 2.799999999999997
-9.031471974,-7.512899745, 2.799999999999997
-9.082453187,-7.412899745, 2.799999999999997
-9.085124942,-7.410121968, 2.799999999999997
-9.143737382,-7.312899745, 2.799999999999997
-9.164317489,-7.212899745, 2.799999999999997
-9.185124942,-7.183769311, 2.799999999999997
-9.224120157,-7.112899745, 2.799999999999997
-9.243611181,-7.012899745, 2.799999999999997
-9.251187118,-6.912899745, 2.799999999999997
-9.272453709,-6.812899745, 2.799999999999997
-9.285124942,-6.78755728, 2.799999999999997
-9.315069997,-6.712899745, 2.799999999999997
-9.326905764,-6.612899745, 2.799999999999997
-9.330637762,-6.512899745, 2.799999999999997
-9.335324942,-6.412899745, 2.799999999999997
-9.342557374,-6.312899745, 2.799999999999997
-9.353673329,-6.212899745, 2.799999999999997
-9.362397669,-6.112899745, 2.799999999999997
-9.369562028,-6.012899745, 2.799999999999997
-9.385124942,-5.922515133, 2.799999999999997
-9.387048019,-5.912899745, 2.799999999999997
-9.398976294,-5.812899745, 2.799999999999997
-9.402332734,-5.712899745, 2.799999999999997
-9.403914751,-5.612899745, 2.799999999999997
-9.403394173,-5.512899745, 2.799999999999997
-9.402332734,-5.412899745, 2.799999999999997
-9.397796175,-5.312899745, 2.799999999999997
-9.385124942,-5.224804502, 2.799999999999997
-9.383201865,-5.212899745, 2.799999999999997
-9.369562028,-5.112899745, 2.799999999999997
-9.354797073,-5.012899745, 2.799999999999997
-9.339124942,-4.912899745, 2.799999999999997
-9.324698402,-4.812899745, 2.799999999999997
-9.301791609,-4.712899745, 2.799999999999997
-9.285124942,-4.654945197, 2.799999999999997
-9.272453709,-4.612899745, 2.799999999999997
-9.242959043,-4.512899745, 2.799999999999997
-9.22231706,-4.412899745, 2.799999999999997
-9.185124942,-4.314847795, 2.799999999999997
-9.183962152,-4.312899745, 2.799999999999997
-9.150846592,-4.212899745, 2.799999999999997
-9.130308428,-4.112899745, 2.799999999999997
-9.11142552,-4.012899745, 2.799999999999997
-9.086287733,-3.912899745, 2.799999999999997
-9.085124942,-3.90539974, 2.799999999999997
-9.072453709,-3.812899745, 2.799999999999997
-9.070695412,-3.712899745, 2.799999999999997
-9.085124942,-3.623316415, 2.799999999999997
-9.087048019,-3.612899745, 2.799999999999997
-9.11142552,-3.512899745, 2.799999999999997
-9.145551482,-3.412899745, 2.799999999999997
-9.185124942,-3.345013566, 2.799999999999997
-9.208777637,-3.312899745, 2.799999999999997
-9.245368844,-3.212899745, 2.799999999999997
-9.285124942,-3.155906738, 2.799999999999997
-9.317664625,-3.112899745, 2.799999999999997
-9.363828646,-3.012899745, 2.799999999999997
-9.385124942,-2.984850965, 2.799999999999997
-9.428507295,-2.912899745, 2.799999999999997
-9.485124942,-2.820499745, 2.799999999999997
-9.492059249,-2.812899745, 2.799999999999997
-9.560124942,-2.712899745, 2.799999999999997
-9.585124942,-2.668162903, 2.799999999999997
-9.614291609,-2.612899745, 2.799999999999997
-9.661472248,-2.512899745, 2.799999999999997
-9.685124942,-2.453051261, 2.799999999999997
-9.702332734,-2.412899745, 2.799999999999997
-9.734907551,-2.312899745, 2.799999999999997
-9.755958275,-2.212899745, 2.799999999999997
-9.780274196,-2.112899745, 2.799999999999997
-9.785124942,-2.101081565, 2.799999999999997
-9.81268176,-2.012899745, 2.799999999999997
-9.832438992,-1.912899745, 2.799999999999997
-9.844984097,-1.812899745, 2.799999999999997
-9.885124942,-1.715740655, 2.799999999999997
-9.887048019,-1.712899745, 2.799999999999997
-9.92292982,-1.612899745, 2.799999999999997
-9.94334412,-1.512899745, 2.799999999999997
-9.976196371,-1.412899745, 2.799999999999997
-9.985124942,-1.378177525, 2.799999999999997
-10.00068786,-1.312899745, 2.799999999999997
-10.00968116,-1.212899745, 2.799999999999997
-10.01268176,-1.112899745, 2.799999999999997
-10.01012494,-1.012899745, 2.799999999999997
-9.99533621,-0.912899745, 2.799999999999997
-9.985124942,-0.861114027, 2.799999999999997
-9.975550474,-0.812899745, 2.799999999999997
-9.951878869,-0.712899745, 2.799999999999997
-9.932143291,-0.612899745, 2.799999999999997
-9.915452811,-0.512899745, 2.799999999999997
-9.885124942,-0.426180993, 2.799999999999997
-9.878874942,-0.412899745, 2.799999999999997
-9.839564194,-0.312899745, 2.799999999999997
-9.795964103,-0.212899745, 2.799999999999997
-9.785124942,-0.200695019, 2.799999999999997
-9.720299361,-0.112899745, 2.799999999999997
-9.685124942,-0.075322104, 2.799999999999997
-9.627366321,-0.012899745, 2.799999999999997
-9.585124942,0.02862568, 2.799999999999997
-9.528567565,0.087100255, 2.799999999999997
-9.485124942, 0.13201551029991343, 2.799999999999997
-9.43326324, 0.1871002554976524, 2.799999999999997
-9.385124942, 0.2409693037119407, 2.799999999999997
-9.344760359, 0.28710025549765383, 2.799999999999997
-9.285124942, 0.3552550179976528, 2.799999999999997
-9.255566931, 0.3871002554976535, 2.799999999999997
-9.185124942, 0.47564192285876317, 2.799999999999997
-9.173666609, 0.4871002554976531, 2.799999999999997
-9.085124942, 0.5698924639392118, 2.799999999999997
-9.066722164, 0.5871002554976545, 2.799999999999997
-8.985124942,0.647981085, 2.799999999999997
-8.917714228, 0.6871002554976524, 2.799999999999997
-8.885124942, 0.7093563536683831, 2.799999999999997
-8.785124942, 0.7709818351029156, 2.799999999999997
-8.767749056, 0.7871002554976538, 2.799999999999997
-8.685124942, 0.8474629503163058, 2.799999999999997
-8.609382368, 0.8871002554976535, 2.799999999999997
-8.585124942, 0.9032186772081783, 2.799999999999997
-8.485124942, 0.9709818351029167, 2.799999999999997
-8.468899777, 0.9871002554976531, 2.799999999999997
-8.385124942, 1.0558502560411327, 2.799999999999997
-8.352821571, 1.0871002554976528, 2.799999999999997
-8.285124942, 1.1559573989262244, 2.799999999999997
-8.254678015, 1.1871002554976524, 2.799999999999997
-8.185124942, 1.2612073989500328, 2.799999999999997
-8.159686346, 1.2871002554976538, 2.799999999999997
-8.085124942, 1.3625440430716171, 2.799999999999997
-8.060568729, 1.3871002554976535, 2.799999999999997
-7.985124942, 1.4607996780410062, 2.799999999999997
-7.958360236, 1.4871002554976531, 2.799999999999997
-7.885124942, 1.5547632995193919, 2.799999999999997
-7.85092954, 1.5871002554976528, 2.799999999999997
-7.785124942, 1.6529048537735136, 2.799999999999997
-7.750731879, 1.6871002554976524, 2.799999999999997
-7.685124942, 1.777179621370669, 2.799999999999997
-7.676196371, 1.787100255497652, 2.799999999999997
-7.585124942, 1.882964917903669, 2.799999999999997
-7.580989604, 1.8871002554976535, 2.799999999999997
-7.487048019, 1.9871002554976531, 2.799999999999997
-7.485124942, 1.9890233331899605, 2.799999999999997
-7.385124942, 2.0801659496582356, 2.799999999999997
-7.37781725, 2.0871002554976528, 2.799999999999997
-7.285124942, 2.1559573989262244, 2.799999999999997
-7.232212321, 2.1871002554976524, 2.799999999999997
-7.185124942, 2.2146570742476523, 2.799999999999997
-7.085124942, 2.2554786344165727, 2.799999999999997
-7.03242224, 2.287100255497654, 2.799999999999997
-6.985124942, 2.3162669227198744, 2.799999999999997
-6.885124942, 2.3449285388309864, 2.799999999999997
-6.785124942, 2.358729469542597, 2.799999999999997
-6.685124942, 2.3859374655751733, 2.799999999999997
-6.68083923, 2.3871002554976535, 2.799999999999997
-6.585124942, 2.4079077095349213, 2.799999999999997
-6.485124942, 2.4213786065285827, 2.799999999999997
-6.385124942, 2.431019174867023, 2.799999999999997
-6.285124942, 2.4368770416583683, 2.799999999999997
-6.185124942, 2.441544700386542, 2.799999999999997
-6.085124942, 2.4440198988012227, 2.799999999999997
-5.985124942, 2.4447925636424497, 2.799999999999997
-5.885124942, 2.4447925636424497, 2.799999999999997
-5.785124942, 2.4447925636424497, 2.799999999999997
-5.685124942, 2.4447925636424497, 2.799999999999997
-5.585124942, 2.4447925636424497, 2.799999999999997
-5.485124942, 2.4445326883805354, 2.799999999999997
-5.385124942, 2.4445326883805354, 2.799999999999997
-5.285124942, 2.4445326883805354, 2.799999999999997
-5.185124942, 2.4445326883805354, 2.799999999999997
-5.085124942,2.443516185, 2.799999999999997
-4.985124942, 2.4406558114976544, 2.799999999999997
-4.885124942, 2.434644898801226, 2.799999999999997
-4.785124942, 2.4233502559976525, 2.799999999999997
-4.685124942, 2.397939417036115, 2.799999999999997
-4.631676662, 2.3871002554976535, 2.799999999999997
-4.585124942, 2.3775257881217655, 2.799999999999997
-4.485124942, 2.3595434378840157, 2.799999999999997
-4.385124942, 2.346959410896714, 2.799999999999997
-4.285124942, 2.340211367053211, 2.799999999999997
-4.185124942, 2.333752041658368, 2.799999999999997
-4.085124942, 2.3213786065285813, 2.799999999999997
-3.987330822, 2.287100255497654, 2.799999999999997
-3.985124942, 2.285937465575172, 2.799999999999997
-3.885124942, 2.2469594108967144, 2.799999999999997
-3.785124942,2.227241101, 2.799999999999997
-3.685124942, 2.196674724291979, 2.799999999999997
-3.666631789, 2.1871002554976524, 2.799999999999997
-3.585124942, 2.1552820742142327, 2.799999999999997
-3.485124942,2.126958747, 2.799999999999997
-3.385124942, 2.0933502562329487, 2.799999999999997
-3.376709099, 2.0871002554976528, 2.799999999999997
-3.285124942, 2.0432613934123474, 2.799999999999997
-3.185124942, 1.994034562796923, 2.799999999999997
-3.177703066, 1.9871002554976531, 2.799999999999997
-3.085124942, 1.9309391185308282, 2.799999999999997
-3.00673511, 1.8871002554976535, 2.799999999999997
-2.985124942, 1.8704335894845823, 2.799999999999997
-2.885124942, 1.8064040535989179, 2.799999999999997
-2.86423453, 1.7871002554976538, 2.799999999999997
-2.785124942, 1.716241360405629, 2.799999999999997
-2.747723366, 1.6871002554976542, 2.799999999999997
-2.685124942, 1.6459085461712295, 2.799999999999997
-2.609959378, 1.5871002554976528, 2.799999999999997
-2.585124942, 1.5643729833764404, 2.799999999999997
-2.496583274, 1.4871002554976531, 2.799999999999997
-2.485124942, 1.475641922858765, 2.799999999999997
-2.394053512, 1.3871002554976535, 2.799999999999997
-2.385124942, 1.378171684783366, 2.799999999999997
-2.293398322, 1.2871002554976538, 2.799999999999997
-2.285124942, 1.2788268749221139, 2.799999999999997
-2.197796174, 1.1871002554976524, 2.799999999999997
-2.185124942, 1.1744290233058727, 2.799999999999997
-2.108317712, 1.0871002554976528, 2.799999999999997
-2.085124942, 1.062261546465395, 2.799999999999997
-2.027164742, 0.9871002554976531, 2.799999999999997
-1.985124942, 0.9240405547513841, 2.799999999999997
-1.957158839, 0.8871002554976535, 2.799999999999997
-1.890680496, 0.7871002554976538, 2.799999999999997
-1.885124942, 0.7794471952935726, 2.799999999999997
-1.837493362, 0.6871002554976524, 2.799999999999997
-1.785124942, 0.6224898665366165, 2.799999999999997
-1.755179886,0.587100255, 2.799999999999997
-1.685124942, 0.5069115768813006, 2.799999999999997
-1.66531362, 0.4871002554976531, 2.799999999999997
-1.585124942, 0.3947089518744651, 2.799999999999997
-1.577516245, 0.3871002554976535, 2.799999999999997
-1.523905429, 0.28710025549765383, 2.799999999999997
-1.485124942, 0.23301862352486324, 2.799999999999997
-1.450509556, 0.1871002554976542, 2.799999999999997
-1.385124942, 0.10484219162668573, 2.799999999999997
-1.367383005,0.087100255, 2.799999999999997
-1.312267798,-0.012899745, 2.799999999999997
-1.285124942,-0.048614029, 2.799999999999997
-1.244410655,-0.112899745, 2.799999999999997
-1.185124942,-0.193222325, 2.799999999999997
-1.165821143,-0.212899745, 2.799999999999997
-1.121374941,-0.312899745, 2.799999999999997
-1.085124942,-0.365435976, 2.799999999999997
-1.051187117,-0.412899745, 2.799999999999997
-0.985124942,-0.492587244, 2.799999999999997
-0.964812441,-0.512899745, 2.799999999999997
-0.894699409,-0.612899745, 2.799999999999997
-0.885124942,-0.624537675, 2.799999999999997
-0.837227745,-0.712899745, 2.799999999999997
-0.785124942,-0.786255007, 2.799999999999997
-0.761017798,-0.812899745, 2.799999999999997
-0.726079715,-0.912899745, 2.799999999999997
-0.685124942,-0.97029411, 2.799999999999997
-0.65294409,-1.012899745, 2.799999999999997
-0.619403292,-1.112899745, 2.799999999999997
-0.585124942,-1.162526609, 2.799999999999997
-0.550509556,-1.212899745, 2.799999999999997
-0.521692105,-1.312899745, 2.799999999999997
-0.485124942,-1.373145645, 2.799999999999997
-0.457568123,-1.412899745, 2.799999999999997
-0.436918663,-1.512899745, 2.799999999999997
-0.387048018,-1.612899745, 2.799999999999997
-0.385124942,-1.617137031, 2.799999999999997
-0.354418419,-1.712899745, 2.799999999999997
-0.34470438,-1.812899745, 2.799999999999997
-0.33367866,-1.912899745, 2.799999999999997
-0.314291608,-2.012899745, 2.799999999999997
-0.292059247,-2.112899745, 2.799999999999997
-0.285124942,-2.172274738, 2.799999999999997
-0.280274194,-2.212899745, 2.799999999999997
-0.267917149,-2.312899745, 2.799999999999997
-0.260568728,-2.412899745, 2.799999999999997
-0.252230204,-2.512899745, 2.799999999999997
-0.248557777,-2.612899745, 2.799999999999997
-0.247320063,-2.712899745, 2.799999999999997
-0.247320063,-2.812899745, 2.799999999999997
-0.247320063,-2.912899745, 2.799999999999997
-0.247932823,-3.012899745, 2.799999999999997
-0.247932823,-3.112899745, 2.799999999999997
-0.248243753,-3.212899745, 2.799999999999997
-0.248557777,-3.312899745, 2.799999999999997
-0.248557777,-3.412899745, 2.799999999999997
-0.248874941,-3.512899745, 2.799999999999997
-0.248874941,-3.612899745, 2.799999999999997
-0.249195293,-3.712899745, 2.799999999999997
-0.24951888,-3.812899745, 2.799999999999997
-0.24951888,-3.912899745, 2.799999999999997
-0.249845753,-4.012899745, 2.799999999999997
-0.250175961,-4.112899745, 2.799999999999997
-0.250509556,-4.212899745, 2.799999999999997
-0.251531191,-4.312899745, 2.799999999999997
-0.256754154,-4.412899745, 2.799999999999997
-0.262397668,-4.512899745, 2.799999999999997
-0.270695411,-4.612899745, 2.799999999999997
-0.276196369,-4.712899745, 2.799999999999997
-0.28396215,-4.812899745, 2.799999999999997
-0.285124942,-4.821233083, 2.799999999999997
-0.296583274,-4.912899745, 2.799999999999997
-0.304936262,-5.012899745, 2.799999999999997
-0.310124941,-5.112899745, 2.799999999999997
-0.322006129,-5.212899745, 2.799999999999997
-0.338565308,-5.312899745, 2.799999999999997
-0.359686344,-5.412899745, 2.799999999999997
-0.385124942,-5.475042603, 2.799999999999997
-0.402332733,-5.512899745, 2.799999999999997
-0.426287732,-5.612899745, 2.799999999999997
-0.443152464,-5.712899745, 2.799999999999997
-0.464317487,-5.812899745, 2.799999999999997
-0.485124942,-5.874936783, 2.799999999999997
-0.498976292,-5.912899745, 2.799999999999997
-0.528534032,-6.012899745, 2.799999999999997
-0.54526645,-6.112899745, 2.799999999999997
-0.573666607,-6.212899745, 2.799999999999997
-0.585124942,-6.245252688, 2.799999999999997
-0.606421237,-6.312899745, 2.799999999999997
-0.635124941,-6.412899745, 2.799999999999997
-0.673055975,-6.512899745, 2.799999999999997
-0.685124942,-6.558952379, 2.799999999999997
-0.698976292,-6.612899745, 2.799999999999997
-0.728732247,-6.712899745, 2.799999999999997
-0.752230204,-6.812899745, 2.799999999999997
-0.785124942,-6.907596716, 2.799999999999997
-0.787796696,-6.912899745, 2.799999999999997
-0.833519436,-7.012899745, 2.799999999999997
-0.879569385,-7.112899745, 2.799999999999997
-0.885124942,-7.118948132, 2.799999999999997
-0.939310988,-7.212899745, 2.799999999999997
-0.985124942,-7.300067887, 2.799999999999997
-0.995336208,-7.312899745, 2.799999999999997
-1.04024122,-7.412899745, 2.799999999999997
-1.085124942,-7.49906046, 2.799999999999997
-1.095964102,-7.512899745, 2.799999999999997
-1.159252848,-7.612899745, 2.799999999999997
-1.185124942,-7.652280276, 2.799999999999997
-1.220802024,-7.712899745, 2.799999999999997
-1.280989602,-7.812899745, 2.799999999999997
-1.285124942,-7.817130515, 2.799999999999997
-1.360579486,-7.912899745, 2.799999999999997
-1.385124942,-7.945299745, 2.799999999999997
-1.430071749,-8.012899745, 2.799999999999997
-1.485124942,-8.073782098, 2.799999999999997
-1.523124941,-8.112899745, 2.799999999999997
-1.585124942,-8.176723275, 2.799999999999997
-1.620674074,-8.212899745, 2.799999999999997
-1.685124942,-8.280475503, 2.799999999999997
-1.716411491,-8.312899745, 2.799999999999997
-1.785124942,-8.385881112, 2.799999999999997
-1.811488577,-8.412899745, 2.799999999999997
-1.885124942,-8.486985111, 2.799999999999997
-1.912195005,-8.512899745, 2.799999999999997
-1.985124942,-8.574129692, 2.799999999999997
-2.042664623,-8.612899745, 2.799999999999997
-2.085124942,-8.643297472, 2.799999999999997
-2.171392546,-8.712899745, 2.799999999999997
-2.185124942,-8.726165051, 2.799999999999997
-2.285124942,-8.788343532, 2.799999999999997
-2.319141334,-8.812899745, 2.799999999999997
-2.385124942,-8.852949496, 2.799999999999997
-2.460437441,-8.912899745, 2.799999999999997
-2.485124942,-8.93655244, 2.799999999999997
-2.585124942,-8.996233078, 2.799999999999997
-2.609410655,-9.012899745, 2.799999999999997
-2.685124942,-9.051870333, 2.799999999999997
-2.785124942,-9.108764407, 2.799999999999997
-2.792267797,-9.112899745, 2.799999999999997
-2.885124942,-9.148829393, 2.799999999999997
-2.985124942,-9.167856641, 2.799999999999997
-3.085124942,-9.195691953, 2.799999999999997
-3.136086478,-9.212899745, 2.799999999999997
-3.185124942,-9.229566412, 2.799999999999997
-3.285124942,-9.245439428, 2.799999999999997
-3.385124942,-9.256732344, 2.799999999999997
-3.485124942,-9.266697213, 2.799999999999997
-3.585124942,-9.284528959, 2.799999999999997
-3.634634744,-9.312899745, 2.799999999999997
-3.685124942,-9.341670695, 2.799999999999997
-3.785124942,-9.361070477, 2.799999999999997
-3.885124942,-9.372202071, 2.799999999999997
-3.985124942,-9.387027652, 2.799999999999997
-4.045260075,-9.412899745, 2.799999999999997
-4.085124942,-9.431689554, 2.799999999999997
-4.185124942,-9.458412565, 2.799999999999997
-4.285124942,-9.472479184, 2.799999999999997
-4.385124942,-9.479653672, 2.799999999999997
-4.485124942,-9.503325277, 2.799999999999997
-4.502213548,-9.512899745, 2.799999999999997
-4.585124942,-9.546837569, 2.799999999999997
-4.685124942,-9.56809455, 2.799999999999997
-4.785124942,-9.582571876, 2.799999999999997
-4.885124942,-9.596781324, 2.799999999999997
-4.969607697,-9.612899745, 2.799999999999997
-4.985124942,-9.616308836, 2.799999999999997
-5.085124942,-9.629566412, 2.799999999999997
-5.185124942,-9.637899745, 2.799999999999997
-5.285124942,-9.643227614, 2.799999999999997
-5.385124942,-9.645080596, 2.799999999999997
-5.485124942,-9.644717927, 2.799999999999997
-5.585124942,-9.6428448, 2.799999999999997
-5.685124942,-9.635627018, 2.799999999999997
-5.785124942,-9.621173127, 2.799999999999997
-6.185124942,-9.621173127, 2.3999999999999986
-6.210124944,-9.612899745, 2.3999999999999986
-6.285124942,-9.591603449, 2.3999999999999986
-6.385124942,-9.575707627, 2.3999999999999986
-6.485124942,-9.556872959, 2.3999999999999986
-6.585124942,-9.524968711, 2.3999999999999986
-6.61429161,-9.512899745, 2.3999999999999986
-6.685124942,-9.487899745, 2.3999999999999986
-6.785124942,-9.449331906, 2.3999999999999986
-6.852881952,-9.412899745, 2.3999999999999986
-6.885124942,-9.391603449, 2.3999999999999986
-6.985124942,-9.351649745, 2.3999999999999986
-7.052516247,-9.312899745, 2.3999999999999986
-7.085124942,-9.290172472, 2.3999999999999986
-7.185124942,-9.242457756, 2.3999999999999986
-7.222800999,-9.212899745, 2.3999999999999986
-7.285124942,-9.168427383, 2.3999999999999986
-7.360809874,-9.112899745, 2.3999999999999986
-7.385124942,-9.091120604, 2.3999999999999986
-7.479569387,-9.012899745, 2.3999999999999986
-7.485124942,-9.00734419, 2.3999999999999986
-7.585124942,-8.926751097, 2.3999999999999986
-7.59907052,-8.912899745, 2.3999999999999986
-7.685124942,-8.840614031, 2.3999999999999986
-7.715437442,-8.812899745, 2.3999999999999986
-7.785124942,-8.746923414, 2.3999999999999986
-7.817428313,-8.712899745, 2.3999999999999986
-7.885124942,-8.627438752, 2.3999999999999986
-7.898976294,-8.612899745, 2.3999999999999986
-7.985124942,-8.514822822, 2.3999999999999986
-7.987048019,-8.512899745, 2.3999999999999986
-8.085124942,-8.450704623, 2.3999999999999986
-8.151935287,-8.412899745, 2.3999999999999986
-8.185124942,-8.389706974, 2.3999999999999986
-8.285124942,-8.337006888, 2.3999999999999986
-8.31159553,-8.312899745, 2.3999999999999986
-8.385124942,-8.25305932, 2.3999999999999986
-8.429276989,-8.212899745, 2.3999999999999986
-8.485124942,-8.166314379, 2.3999999999999986
-8.562237618,-8.112899745, 2.3999999999999986
-8.585124942,-8.092587245, 2.3999999999999986
-8.685124942,-8.045787446, 2.3999999999999986
-8.721301413,-8.012899745, 2.3999999999999986
-8.785124942,-7.952621967, 2.3999999999999986
-8.824627704,-7.912899745, 2.3999999999999986
-8.885124942,-7.847721174, 2.3999999999999986
-8.918745632,-7.812899745, 2.3999999999999986
-8.985124942,-7.749438207, 2.3999999999999986
-9.022484493,-7.712899745, 2.3999999999999986
-9.085124942,-7.634927717, 2.3999999999999986
-9.104936263,-7.612899745, 2.3999999999999986
-9.163345801,-7.512899745, 2.3999999999999986
-9.185124942,-7.480627018, 2.3999999999999986
-9.225178705,-7.412899745, 2.3999999999999986
-9.285124942,-7.329065159, 2.3999999999999986
-9.299554472,-7.312899745, 2.3999999999999986
-9.354080986,-7.212899745, 2.3999999999999986
-9.385124942,-7.162899745, 2.3999999999999986
-9.415999259,-7.112899745, 2.3999999999999986
-9.444355711,-7.012899745, 2.3999999999999986
-9.473055977,-6.912899745, 2.3999999999999986
-9.485124942,-6.889251097, 2.3999999999999986
-9.516513831,-6.812899745, 2.3999999999999986
-9.53455997,-6.712899745, 2.3999999999999986
-9.545982085,-6.612899745, 2.3999999999999986
-9.554200087,-6.512899745, 2.3999999999999986
-9.574913675,-6.412899745, 2.3999999999999986
-9.585124942,-6.364566415, 2.3999999999999986
-9.595964103,-6.312899745, 2.3999999999999986
-9.602866878,-6.212899745, 2.3999999999999986
-9.603394173,-6.112899745, 2.3999999999999986
-9.602332734,-6.012899745, 2.3999999999999986
-9.601243363,-5.912899745, 2.3999999999999986
-9.599554472,-5.812899745, 2.3999999999999986
-9.597796175,-5.712899745, 2.3999999999999986
-9.590680498,-5.612899745, 2.3999999999999986
-9.585124942,-5.587899741, 2.3999999999999986
-9.570124942,-5.512899745, 2.3999999999999986
-9.545795674,-5.412899745, 2.3999999999999986
-9.520799099,-5.312899745, 2.3999999999999986
-9.492059249,-5.212899745, 2.3999999999999986
-9.485124942,-5.199131627, 2.3999999999999986
-9.452069387,-5.112899745, 2.3999999999999986
-9.429660461,-5.012899745, 2.3999999999999986
-9.398976294,-4.912899745, 2.3999999999999986
-9.385124942,-4.886950376, 2.3999999999999986
-9.352982085,-4.812899745, 2.3999999999999986
-9.334335468,-4.712899745, 2.3999999999999986
-9.318368185,-4.612899745, 2.3999999999999986
-9.285124942,-4.533029613, 2.3999999999999986
-9.274285781,-4.512899745, 2.3999999999999986
-9.232596852,-4.412899745, 2.3999999999999986
-9.185124942,-4.340677521, 2.3999999999999986
-9.162711149,-4.312899745, 2.3999999999999986
-9.085124942,-4.233674392, 2.3999999999999986
-9.066335133,-4.212899745, 2.3999999999999986
-9.026398527,-4.112899745, 2.3999999999999986
-9.007852215,-4.012899745, 2.3999999999999986
-9.000124942,-3.912899745, 2.3999999999999986
-8.990680498,-3.812899745, 2.3999999999999986
-8.989260281,-3.712899745, 2.3999999999999986
-9.004936263,-3.612899745, 2.3999999999999986
-9.037076162,-3.512899745, 2.3999999999999986
-9.085124942,-3.436543156, 2.3999999999999986
-9.10442874,-3.412899745, 2.3999999999999986
-9.185124942,-3.314062536, 2.3999999999999986
-9.186287733,-3.312899745, 2.3999999999999986
-9.254506965,-3.212899745, 2.3999999999999986
-9.285124942,-3.181756888, 2.3999999999999986
-9.350971937,-3.112899745, 2.3999999999999986
-9.385124942,-3.072835643, 2.3999999999999986
-9.430294024,-3.012899745, 2.3999999999999986
-9.485124942,-2.933529116, 2.3999999999999986
-9.503914751,-2.912899745, 2.3999999999999986
-9.564317489,-2.812899745, 2.3999999999999986
-9.585124942,-2.789308196, 2.3999999999999986
-9.636304187,-2.712899745, 2.3999999999999986
-9.685124942,-2.627362555, 2.3999999999999986
-9.697193908,-2.612899745, 2.3999999999999986
-9.735573372,-2.512899745, 2.3999999999999986
-9.762397669,-2.412899745, 2.3999999999999986
-9.785124942,-2.349340424, 2.3999999999999986
-9.799554472,-2.312899745, 2.3999999999999986
-9.82231706,-2.212899745, 2.3999999999999986
-9.834295066,-2.112899745, 2.3999999999999986
-9.83892241,-2.012899745, 2.3999999999999986
-9.84415272,-1.912899745, 2.3999999999999986
-9.850846592,-1.812899745, 2.3999999999999986
-9.876196371,-1.712899745, 2.3999999999999986
-9.885124942,-1.689751598, 2.3999999999999986
-9.909681155,-1.612899745, 2.3999999999999986
-9.919403293,-1.512899745, 2.3999999999999986
-9.925822616,-1.412899745, 2.3999999999999986
-9.930869623,-1.312899745, 2.3999999999999986
-9.934483916,-1.212899745, 2.3999999999999986
-9.931030114,-1.112899745, 2.3999999999999986
-9.924698402,-1.012899745, 2.3999999999999986
-9.90738104,-0.912899745, 2.3999999999999986
-9.885124942,-0.844031818, 2.3999999999999986
-9.873666609,-0.812899745, 2.3999999999999986
-9.84404513,-0.712899745, 2.3999999999999986
-9.828275627,-0.612899745, 2.3999999999999986
-9.813895892,-0.512899745, 2.3999999999999986
-9.785515567,-0.412899745, 2.3999999999999986
-9.785124942,-0.412214812, 2.3999999999999986
-9.748874942,-0.312899745, 2.3999999999999986
-9.710997035,-0.212899745, 2.3999999999999986
-9.685124942,-0.170518791, 2.3999999999999986
-9.652944091,-0.112899745, 2.3999999999999986
-9.60442874,-0.012899745, 2.3999999999999986
-9.585124942,0.008579129, 2.3999999999999986
-9.528525957,0.087100255, 2.3999999999999986
-9.485124942, 0.14020584618088172, 2.3999999999999986
-9.447374942, 0.1871002554976524, 2.3999999999999986
-9.385124942,0.271794134, 2.3999999999999986
-9.370124942, 0.28710025549765383, 2.3999999999999986
-9.300687856, 0.3871002554976535, 2.3999999999999986
-9.285124942, 0.4080823992476521, 2.3999999999999986
-9.233066119, 0.4871002554976531, 2.3999999999999986
-9.185124942, 0.5400223340690822, 2.3999999999999986
-9.138946598, 0.5871002554976528, 2.3999999999999986
-9.085124942, 0.6299936570204938, 2.3999999999999986
-9.000538476, 0.6871002554976524, 2.3999999999999986
-8.985124942, 0.7009516075246793, 2.3999999999999986
-8.885124942, 0.7688310253694493, 2.3999999999999986
-8.863534033, 0.7871002554976538, 2.3999999999999986
-8.785124942, 0.8341457104976531, 2.3999999999999986
-8.686396129, 0.8871002554976535, 2.3999999999999986
-8.685124942, 0.8882630469705202, 2.3999999999999986
-8.585124942,0.957155201, 2.3999999999999986
-8.549504027, 0.9871002554976531, 2.3999999999999986
-8.485124942, 1.0421281890172054, 2.3999999999999986
-8.409891298, 1.0871002554976528, 2.3999999999999986
-8.385124942, 1.1043080483547971, 2.3999999999999986
-8.29469941, 1.1871002554976524, 2.3999999999999986
-8.285124942, 1.196674724291979, 2.3999999999999986
-8.191374942, 1.2871002554976538, 2.3999999999999986
-8.185124942, 1.293350256232948, 2.3999999999999986
-8.089975689, 1.3871002554976535, 2.3999999999999986
-8.085124942, 1.3919510025125774, 2.3999999999999986
-7.985124942, 1.4851771793438058, 2.3999999999999986
-7.983201865, 1.4871002554976513, 2.3999999999999986
-7.885124942, 1.5643729833764404, 2.3999999999999986
-7.860615138, 1.5871002554976528, 2.3999999999999986
-7.785124942, 1.6475714602096954, 2.3999999999999986
-7.740184466, 1.6871002554976524, 2.3999999999999986
-7.685124942, 1.7376467041315333, 2.3999999999999986
-7.62227772, 1.7871002554976538, 2.3999999999999986
-7.585124942, 1.8166582670998643, 2.3999999999999986
-7.498390248, 1.8871002554976535, 2.3999999999999986
-7.485124942, 1.9003655623003741, 2.3999999999999986
-7.385124942, 1.9643729833764407, 2.3999999999999986
-7.356929454, 1.9871002554976531, 2.3999999999999986
-7.285124942, 2.0332355216812275, 2.3999999999999986
-7.185124942, 2.0704335894845816, 2.3999999999999986
-7.154402051, 2.0871002554976528, 2.3999999999999986
-7.085124942, 2.1181813371192746, 2.3999999999999986
-6.985124942,2.148968943, 2.3999999999999986
-6.885124942, 2.182964917903668, 2.3999999999999986
-6.877888101, 2.1871002554976524, 2.3999999999999986
-6.785124942,2.223069644, 2.3999999999999986
-6.685124942, 2.248238869854088, 2.3999999999999986
-6.585124942, 2.270433589484581, 2.3999999999999986
-6.541904604, 2.287100255497654, 2.3999999999999986
-6.485124942, 2.3079077095349216, 2.3999999999999986
-6.385124942, 2.327520816712605, 2.3999999999999986
-6.285124942, 2.338216327372651, 2.3999999999999986
-6.185124942, 2.3472417654033126, 2.3999999999999986
-6.085124942,2.352484871, 2.3999999999999986
-5.985124942, 2.354919404965738, 2.3999999999999986
-5.885124942, 2.354919404965738, 2.3999999999999986
-5.785124942, 2.354919404965738, 2.3999999999999986
-5.685124942, 2.354919404965738, 2.3999999999999986
-5.585124942, 2.354919404965738, 2.3999999999999986
-5.485124942, 2.354919404965738, 2.3999999999999986
-5.385124942, 2.354919404965738, 2.3999999999999986
-5.285124942, 2.354919404965738, 2.3999999999999986
-5.185124942, 2.3545605734870705, 2.3999999999999986
-5.085124942, 2.351821068188009, 2.3999999999999986
-4.985124942, 2.3472417654033126, 2.3999999999999986
-4.885124942, 2.3379891448309866, 2.3999999999999986
-4.785124942, 2.3283444955898194, 2.3999999999999986
-4.685124942, 2.312972349102303, 2.3999999999999986
-4.585124942, 2.2960288276405105, 2.3999999999999986
-4.538828642, 2.287100255497654, 2.3999999999999986
-4.485124942, 2.276888988596246, 2.3999999999999986
-4.385124942, 2.2575422450004154, 2.3999999999999986
-4.285124942, 2.2464025815441655, 2.3999999999999986
-4.185124942, 2.238216327372653, 2.3999999999999986
-4.085124942, 2.2255060530821957, 2.3999999999999986
-3.985124942, 2.1890233331899616, 2.3999999999999986
-3.981919812, 2.1871002554976524, 2.3999999999999986
-3.885124942, 2.1499081377636617, 2.3999999999999986
-3.785124942, 2.1355515833737595, 2.3999999999999986
-3.685124942, 2.120346329319643, 2.3999999999999986
-3.585124942, 2.0882630469705212, 2.3999999999999986
-3.583494506, 2.0871002554976528, 2.3999999999999986
-3.485124942, 2.045202107812468, 2.3999999999999986
-3.385124942, 2.012972349102304, 2.3999999999999986
-3.336223842, 1.9871002554976531, 2.3999999999999986
-3.285124942, 1.9603761181413315, 2.3999999999999986
-3.185124942, 1.912100256085889, 2.3999999999999986
-3.147178512, 1.8871002554976535, 2.3999999999999986
-3.085124942, 1.8514592303694482, 2.3999999999999986
-2.985124942, 1.800951607524679, 2.3999999999999986
-2.970789276, 1.7871002554976538, 2.3999999999999986
-2.885124942, 1.7137469626832829, 2.3999999999999986
-2.85400606, 1.6871002554976524, 2.3999999999999986
-2.785124942, 1.6383378797550776, 2.3999999999999986
-2.715661854, 1.5871002554976528, 2.3999999999999986
-2.685124942, 1.5607996780410058, 2.3999999999999986
-2.585124942, 1.4919510025125788, 2.3999999999999986
-2.580274194, 1.4871002554976531, 2.3999999999999986
-2.485124942, 1.3979394170361132, 2.3999999999999986
-2.47428578, 1.3871002554976517, 2.3999999999999986
-2.385124942, 1.298558589525431, 2.3999999999999986
-2.373666607, 1.2871002554976538, 2.3999999999999986
-2.285124942, 1.1979394170361157, 2.3999999999999986
-2.27428578, 1.1871002554976524, 2.3999999999999986
-2.185124942, 1.0947089518744644, 2.3999999999999986
-2.177516245, 1.0871002554976528, 2.3999999999999986
-2.086287731, 0.9871002554976531, 2.3999999999999986
-2.085124942, 0.9858807441155388, 2.3999999999999986
-2.022496075, 0.8871002554976535, 2.3999999999999986
-1.985124942, 0.8356818164905615, 2.3999999999999986
-1.949072309, 0.7871002554976538, 2.3999999999999986
-1.885124942, 0.7102015219533495, 2.3999999999999986
-1.862868843, 0.6871002554976524, 2.3999999999999986
-1.791374941, 0.5871002554976528, 2.3999999999999986
-1.785124942, 0.5808502562329476, 2.3999999999999986
-1.709681154, 0.4871002554976531, 2.3999999999999986
-1.685124942, 0.45702779245417524, 2.3999999999999986
-1.62902029, 0.3871002554976535, 2.3999999999999986
-1.585124942, 0.32765143738741465, 2.3999999999999986
-1.556353991, 0.28710025549765383, 2.3999999999999986
-1.485124942, 0.19470895187446402, 2.3999999999999986
-1.477516245, 0.1871002554976524, 2.3999999999999986
-1.407381038,0.087100255, 2.3999999999999986
-1.385124942,0.060650981, 2.3999999999999986
-1.334374941,-0.012899745, 2.3999999999999986
-1.285124942,-0.078566411, 2.3999999999999986
-1.256353991,-0.112899745, 2.3999999999999986
-1.202866876,-0.212899745, 2.3999999999999986
-1.185124942,-0.237453315, 2.3999999999999986
-1.144886846,-0.312899745, 2.3999999999999986
-1.085124942,-0.395465533, 2.3999999999999986
-1.067917149,-0.412899745, 2.3999999999999986
-0.992733636,-0.512899745, 2.3999999999999986
-0.985124942,-0.521299744, 2.3999999999999986
-0.923894994,-0.612899745, 2.3999999999999986
-0.885124942,-0.662219472, 2.3999999999999986
-0.848243753,-0.712899745, 2.3999999999999986
-0.794053512,-0.812899745, 2.3999999999999986
-0.785124942,-0.823583504, 2.3999999999999986
-0.735363036,-0.912899745, 2.3999999999999986
-0.685124942,-0.989907043, 2.3999999999999986
-0.66531362,-1.012899745, 2.3999999999999986
-0.63026383,-1.112899745, 2.3999999999999986
-0.585124942,-1.18459092, 2.3999999999999986
-0.56193217,-1.212899745, 2.3999999999999986
-0.532647464,-1.312899745, 2.3999999999999986
-0.485124942,-1.409688734, 2.3999999999999986
-0.482453185,-1.412899745, 2.3999999999999986
-0.444984096,-1.512899745, 2.3999999999999986
-0.423231737,-1.612899745, 2.3999999999999986
-0.386287731,-1.712899745, 2.3999999999999986
-0.385124942,-1.716953796, 2.3999999999999986
-0.3633458,-1.812899745, 2.3999999999999986
-0.35404386,-1.912899745, 2.3999999999999986
-0.349195293,-2.012899745, 2.3999999999999986
-0.344427267,-2.112899745, 2.3999999999999986
-0.340801797,-2.212899745, 2.3999999999999986
-0.33745545,-2.312899745, 2.3999999999999986
-0.334483915,-2.412899745, 2.3999999999999986
-0.331892182,-2.512899745, 2.3999999999999986
-0.330363036,-2.612899745, 2.3999999999999986
-0.329203888,-2.712899745, 2.3999999999999986
-0.329203888,-2.812899745, 2.3999999999999986
-0.329448085,-2.912899745, 2.3999999999999986
-0.329690158,-3.012899745, 2.3999999999999986
-0.329930136,-3.112899745, 2.3999999999999986
-0.330124941,-3.212899745, 2.3999999999999986
-0.330363036,-3.312899745, 2.3999999999999986
-0.330559724,-3.412899745, 2.3999999999999986
-0.330795937,-3.512899745, 2.3999999999999986
-0.330994506,-3.612899745, 2.3999999999999986
-0.331228837,-3.712899745, 2.3999999999999986
-0.331661738,-3.812899745, 2.3999999999999986
-0.331661738,-3.912899745, 2.3999999999999986
-0.331661738,-4.012899745, 2.3999999999999986
-0.332094638,-4.112899745, 2.3999999999999986
-0.332527538,-4.212899745, 2.3999999999999986
-0.33382624,-4.312899745, 2.3999999999999986
-0.339928435,-4.412899745, 2.3999999999999986
-0.346719144,-4.512899745, 2.3999999999999986
-0.357568123,-4.612899745, 2.3999999999999986
-0.363828645,-4.712899745, 2.3999999999999986
-0.377516245,-4.812899745, 2.3999999999999986
-0.385124942,-4.853284364, 2.3999999999999986
-0.395964102,-4.912899745, 2.3999999999999986
-0.408317712,-5.012899745, 2.3999999999999986
-0.415831463,-5.112899745, 2.3999999999999986
-0.431261305,-5.212899745, 2.3999999999999986
-0.446423018,-5.312899745, 2.3999999999999986
-0.484734316,-5.412899745, 2.3999999999999986
-0.485124942,-5.413941413, 2.3999999999999986
-0.512267798,-5.512899745, 2.3999999999999986
-0.53010211,-5.612899745, 2.3999999999999986
-0.544152719,-5.712899745, 2.3999999999999986
-0.564812441,-5.812899745, 2.3999999999999986
-0.585124942,-5.871990655, 2.3999999999999986
-0.600124941,-5.912899745, 2.3999999999999986
-0.625545502,-6.012899745, 2.3999999999999986
-0.639124941,-6.112899745, 2.3999999999999986
-0.656754154,-6.212899745, 2.3999999999999986
-0.685124942,-6.291805996, 2.3999999999999986
-0.694699409,-6.312899745, 2.3999999999999986
-0.732385215,-6.412899745, 2.3999999999999986
-0.757982084,-6.512899745, 2.3999999999999986
-0.785124942,-6.600862709, 2.3999999999999986
-0.789975687,-6.612899745, 2.3999999999999986
-0.819403292,-6.712899745, 2.3999999999999986
-0.838001047,-6.812899745, 2.3999999999999986
-0.862868843,-6.912899745, 2.3999999999999986
-0.885124942,-6.949038359, 2.3999999999999986
-0.918718691,-7.012899745, 2.3999999999999986
-0.961472246,-7.112899745, 2.3999999999999986
-0.985124942,-7.148167603, 2.3999999999999986
-1.021374941,-7.212899745, 2.3999999999999986
-1.062868843,-7.312899745, 2.3999999999999986
-1.085124942,-7.347333708, 2.3999999999999986
-1.120404129,-7.412899745, 2.3999999999999986
-1.16531362,-7.512899745, 2.3999999999999986
-1.185124942,-7.535240171, 2.3999999999999986
-1.238023492,-7.612899745, 2.3999999999999986
-1.285124942,-7.68304363, 2.3999999999999986
-1.309681154,-7.712899745, 2.3999999999999986
-1.366335132,-7.812899745, 2.3999999999999986
-1.385124942,-7.832967772, 2.3999999999999986
-1.45721083,-7.912899745, 2.3999999999999986
-1.485124942,-7.943233079, 2.3999999999999986
-1.554330239,-8.012899745, 2.3999999999999986
-1.585124942,-8.045878469, 2.3999999999999986
-1.636764285,-8.112899745, 2.3999999999999986
-1.685124942,-8.164958569, 2.3999999999999986
-1.728942145,-8.212899745, 2.3999999999999986
-1.785124942,-8.275102126, 2.3999999999999986
-1.820799098,-8.312899745, 2.3999999999999986
-1.885124942,-8.384017758, 2.3999999999999986
-1.912803512,-8.412899745, 2.3999999999999986
-1.985124942,-8.48353928, 2.3999999999999986
-2.016687441,-8.512899745, 2.3999999999999986
-2.085124942,-8.569343044, 2.3999999999999986
-2.142219535,-8.612899745, 2.3999999999999986
-2.185124942,-8.648573902, 2.3999999999999986
-2.25537034,-8.712899745, 2.3999999999999986
-2.285124942,-8.740456563, 2.3999999999999986
-2.376851559,-8.812899745, 2.3999999999999986
-2.385124942,-8.821173127, 2.3999999999999986
-2.485124942,-8.890643648, 2.3999999999999986
-2.516057144,-8.912899745, 2.3999999999999986
-2.585124942,-8.953047528, 2.3999999999999986
-2.676478324,-9.012899745, 2.3999999999999986
-2.685124942,-9.021173127, 2.3999999999999986
-2.785124942,-9.063328929, 2.3999999999999986
-2.885124942,-9.10529105, 2.3999999999999986
-2.904569384,-9.112899745, 2.3999999999999986
-2.985124942,-9.138338342, 2.3999999999999986
-3.085124942,-9.150704623, 2.3999999999999986
-3.185124942,-9.174792949, 2.3999999999999986
-3.282038521,-9.212899745, 2.3999999999999986
-3.285124942,-9.214822822, 2.3999999999999986
-3.385124942,-9.249149745, 2.3999999999999986
-3.485124942,-9.266829876, 2.3999999999999986
-3.585124942,-9.294630514, 2.3999999999999986
-3.609277483,-9.312899745, 2.3999999999999986
-3.685124942,-9.354143985, 2.3999999999999986
-3.785124942,-9.369067146, 2.3999999999999986
-3.885124942,-9.383341734, 2.3999999999999986
-3.982397667,-9.412899745, 2.3999999999999986
-3.985124942,-9.414062536, 2.3999999999999986
-4.085124942,-9.453871967, 2.3999999999999986
-4.185124942,-9.469067146, 2.3999999999999986
-4.285124942,-9.491120604, 2.3999999999999986
-4.35086568,-9.512899745, 2.3999999999999986
-4.385124942,-9.525570978, 2.3999999999999986
-4.485124942,-9.562041376, 2.3999999999999986
-4.585124942,-9.581448132, 2.3999999999999986
-4.685124942,-9.60734419, 2.3999999999999986
-4.697420022,-9.612899745, 2.3999999999999986
-4.785124942,-9.642457756, 2.3999999999999986
-4.885124942,-9.660346553, 2.3999999999999986
-4.985124942,-9.673614031, 2.3999999999999986
-5.085124942,-9.684128795, 2.3999999999999986
-5.185124942,-9.697336831, 2.3999999999999986
-5.285124942,-9.708048999, 2.3999999999999986
-5.385124942,-9.71022799, 2.3999999999999986
-5.485124942,-9.708764407, 2.3999999999999986
-5.585124942,-9.708048999, 2.3999999999999986
-5.685124942,-9.702060584, 2.3999999999999986
-5.785124942,-9.688792602, 2.3999999999999986
-5.885124942,-9.675094867, 2.3999999999999986
-5.985124942,-9.660716339, 2.3999999999999986
-6.085124942,-9.643980826, 2.3999999999999986
-6.185124942,-9.621173127, 2.3999999999999986
-5.885124942,-9.719149745, 2.1999999999999993
-5.90321005,-9.712899745, 2.1999999999999993
-5.985124942,-9.689706974, 2.1999999999999993
-6.085124942,-9.670592053, 2.1999999999999993
-6.185124942,-9.657417289, 2.1999999999999993
-6.285124942,-9.635627018, 2.1999999999999993
-6.383809155,-9.612899745, 2.1999999999999993
-6.385124942,-9.61250912, 2.1999999999999993
-6.485124942,-9.585756888, 2.1999999999999993
-6.585124942,-9.56179355, 2.1999999999999993
-6.685124942,-9.531168976, 2.1999999999999993
-6.724708276,-9.512899745, 2.1999999999999993
-6.785124942,-9.487461149, 2.1999999999999993
-6.885124942,-9.43655244, 2.1999999999999993
-6.935765968,-9.412899745, 2.1999999999999993
-6.985124942,-9.389706974, 2.1999999999999993
-7.085124942,-9.335627018, 2.1999999999999993
-7.132593297,-9.312899745, 2.1999999999999993
-7.185124942,-9.288343532, 2.1999999999999993
-7.285124942,-9.216308836, 2.1999999999999993
-7.288560057,-9.212899745, 2.1999999999999993
-7.385124942,-9.134813325, 2.1999999999999993
-7.409274602,-9.112899745, 2.1999999999999993
-7.485124942,-9.046530697, 2.1999999999999993
-7.526976794,-9.012899745, 2.1999999999999993
-7.585124942,-8.962254584, 2.1999999999999993
-7.633851057,-8.912899745, 2.1999999999999993
-7.685124942,-8.864696152, 2.1999999999999993
-7.730892138,-8.812899745, 2.1999999999999993
-7.785124942,-8.751152757, 2.1999999999999993
-7.819264727,-8.712899745, 2.1999999999999993
-7.879569387,-8.612899745, 2.1999999999999993
-7.885124942,-8.60734419, 2.1999999999999993
-7.959252849,-8.512899745, 2.1999999999999993
-7.985124942,-8.487027652, 2.1999999999999993
-8.085124942,-8.438771838, 2.1999999999999993
-8.120724942,-8.412899745, 2.1999999999999993
-8.185124942,-8.374197822, 2.1999999999999993
-8.285124942,-8.326751097, 2.1999999999999993
-8.299980015,-8.312899745, 2.1999999999999993
-8.385124942,-8.250399745, 2.1999999999999993
-8.426353012,-8.212899745, 2.1999999999999993
-8.485124942,-8.165494085, 2.1999999999999993
-8.567110236,-8.112899745, 2.1999999999999993
-8.585124942,-8.096781324, 2.1999999999999993
-8.685124942,-8.047026729, 2.1999999999999993
-8.722624942,-8.012899745, 2.1999999999999993
-8.785124942,-7.953177523, 2.1999999999999993
-8.82540272,-7.912899745, 2.1999999999999993
-8.885124942,-7.853177523, 2.1999999999999993
-8.925180191,-7.812899745, 2.1999999999999993
-8.985124942,-7.750899745, 2.1999999999999993
-9.021070888,-7.712899745, 2.1999999999999993
-9.085124942,-7.62103928, 2.1999999999999993
-9.092733638,-7.612899745, 2.1999999999999993
-9.144170168,-7.512899745, 2.1999999999999993
-9.185124942,-7.44203018, 2.1999999999999993
-9.205932396,-7.412899745, 2.1999999999999993
-9.248243754,-7.312899745, 2.1999999999999993
-9.285124942,-7.226271839, 2.1999999999999993
-9.293398324,-7.212899745, 2.1999999999999993
-9.337374942,-7.112899745, 2.1999999999999993
-9.354797073,-7.012899745, 2.1999999999999993
-9.385124942,-6.915531325, 2.1999999999999993
-9.386287733,-6.912899745, 2.1999999999999993
-9.416168898,-6.812899745, 2.1999999999999993
-9.424410656,-6.712899745, 2.1999999999999993
-9.428979691,-6.612899745, 2.1999999999999993
-9.432839228,-6.512899745, 2.1999999999999993
-9.439266954,-6.412899745, 2.1999999999999993
-9.446781384,-6.312899745, 2.1999999999999993
-9.450652892,-6.212899745, 2.1999999999999993
-9.45127401,-6.112899745, 2.1999999999999993
-9.450652892,-6.012899745, 2.1999999999999993
-9.449187442,-5.912899745, 2.1999999999999993
-9.447937442,-5.812899745, 2.1999999999999993
-9.445437442,-5.712899745, 2.1999999999999993
-9.440093886,-5.612899745, 2.1999999999999993
-9.43060687,-5.512899745, 2.1999999999999993
-9.419305733,-5.412899745, 2.1999999999999993
-9.407852215,-5.312899745, 2.1999999999999993
-9.385124942,-5.256081561, 2.1999999999999993
-9.366855711,-5.212899745, 2.1999999999999993
-9.342151969,-5.112899745, 2.1999999999999993
-9.324742428,-5.012899745, 2.1999999999999993
-9.286287733,-4.912899745, 2.1999999999999993
-9.285124942,-4.910844949, 2.1999999999999993
-9.246684082,-4.812899745, 2.1999999999999993
-9.234335468,-4.712899745, 2.1999999999999993
-9.212998505,-4.612899745, 2.1999999999999993
-9.185124942,-4.561303999, 2.1999999999999993
-9.158516755,-4.512899745, 2.1999999999999993
-9.128567565,-4.412899745, 2.1999999999999993
-9.085124942,-4.353125308, 2.1999999999999993
-9.055566931,-4.312899745, 2.1999999999999993
-9.013895892,-4.212899745, 2.1999999999999993
-8.985124942,-4.158689217, 2.1999999999999993
-8.959686346,-4.112899745, 2.1999999999999993
-8.945551482,-4.012899745, 2.1999999999999993
-8.942364761,-3.912899745, 2.1999999999999993
-8.939812442,-3.812899745, 2.1999999999999993
-8.939812442,-3.712899745, 2.1999999999999993
-8.947932824,-3.612899745, 2.1999999999999993
-8.985124942,-3.514847798, 2.1999999999999993
-8.986287733,-3.512899745, 2.1999999999999993
-9.069562028,-3.412899745, 2.1999999999999993
-9.085124942,-3.397336831, 2.1999999999999993
-9.166855711,-3.312899745, 2.1999999999999993
-9.185124942,-3.294149745, 2.1999999999999993
-9.260891813,-3.212899745, 2.1999999999999993
-9.285124942,-3.18924705, 2.1999999999999993
-9.366335133,-3.112899745, 2.1999999999999993
-9.385124942,-3.094109936, 2.1999999999999993
-9.45715884,-3.012899745, 2.1999999999999993
-9.485124942,-2.981962245, 2.1999999999999993
-9.540374942,-2.912899745, 2.1999999999999993
-9.585124942,-2.8435199, 2.1999999999999993
-9.608777637,-2.812899745, 2.1999999999999993
-9.677516247,-2.712899745, 2.1999999999999993
-9.685124942,-2.703925386, 2.1999999999999993
-9.733314987,-2.612899745, 2.1999999999999993
-9.769006521,-2.512899745, 2.1999999999999993
-9.785124942,-2.470658367, 2.1999999999999993
-9.805932396,-2.412899745, 2.1999999999999993
-9.831461149,-2.312899745, 2.1999999999999993
-9.841045995,-2.212899745, 2.1999999999999993
-9.848243754,-2.112899745, 2.1999999999999993
-9.849845754,-2.012899745, 2.1999999999999993
-9.851878869,-1.912899745, 2.1999999999999993
-9.855958275,-1.812899745, 2.1999999999999993
-9.870124942,-1.712899745, 2.1999999999999993
-9.885124942,-1.652088936, 2.1999999999999993
-9.89533621,-1.612899745, 2.1999999999999993
-9.903394173,-1.512899745, 2.1999999999999993
-9.90738104,-1.412899745, 2.1999999999999993
-9.910124942,-1.312899745, 2.1999999999999993
-9.910563539,-1.212899745, 2.1999999999999993
-9.899554472,-1.112899745, 2.1999999999999993
-9.885124942,-1.041233075, 2.1999999999999993
-9.878874942,-1.012899745, 2.1999999999999993
-9.850509557,-0.912899745, 2.1999999999999993
-9.829188869,-0.812899745, 2.1999999999999993
-9.800124942,-0.712899745, 2.1999999999999993
-9.785124942,-0.667899743, 2.1999999999999993
-9.767383007,-0.612899745, 2.1999999999999993
-9.754043861,-0.512899745, 2.1999999999999993
-9.737602419,-0.412899745, 2.1999999999999993
-9.713895892,-0.312899745, 2.1999999999999993
-9.685124942,-0.243305149, 2.1999999999999993
-9.670124942,-0.212899745, 2.1999999999999993
-9.627613205,-0.112899745, 2.1999999999999993
-9.587048019,-0.012899745, 2.1999999999999993
-9.585124942,-0.0107811, 2.1999999999999993
-9.527946724,0.087100255, 2.1999999999999993
-9.485124942, 0.14363620386366627, 2.1999999999999993
-9.450846592, 0.1871002554976524, 2.1999999999999993
-9.393398324, 0.28710025549765383, 2.1999999999999993
-9.385124942, 0.29668358966431896, 2.1999999999999993
-9.326791609, 0.3871002554976535, 2.1999999999999993
-9.285124942, 0.44366959929327265, 2.1999999999999993
-9.252611281, 0.4871002554976531, 2.1999999999999993
-9.185124942, 0.5672950613418077, 2.1999999999999993
-9.165698191, 0.5871002554976528, 2.1999999999999993
-9.085124942, 0.6602216433589252, 2.1999999999999993
-9.047924942, 0.6871002554976524, 2.1999999999999993
-8.985124942, 0.7286346475611438, 2.1999999999999993
-8.904468008, 0.7871002554976538, 2.1999999999999993
-8.885124942, 0.8043080483547964, 2.1999999999999993
-8.785124942, 0.8552820742142302, 2.1999999999999993
-8.736750959, 0.8871002554976535, 2.1999999999999993
-8.685124942, 0.9203463293196403, 2.1999999999999993
-8.585124942, 0.9822495099752668, 2.1999999999999993
-8.580274196, 0.9871002554976531, 2.1999999999999993
-8.485124942, 1.0616616595912198, 2.1999999999999993
-8.451918835, 1.0871002554976545, 2.1999999999999993
-8.385124942, 1.1376782907577692, 2.1999999999999993
-8.328502426, 1.1871002554976524, 2.1999999999999993
-8.285124942, 1.2254043496496987, 2.1999999999999993
-8.219596992, 1.2871002554976538, 2.1999999999999993
-8.185124942, 1.321359515374196, 2.1999999999999993
-8.117290547, 1.3871002554976535, 2.1999999999999993
-8.085124942, 1.4190622814470206, 2.1999999999999993
-8.008339228, 1.4871002554976531, 2.1999999999999993
-7.985124942, 1.507412756122653, 2.1999999999999993
-7.885124942, 1.5732489048219769, 2.1999999999999993
-7.87026987, 1.5871002554976545, 2.1999999999999993
-7.785124942, 1.6470492355996935, 2.1999999999999993
-7.734804429, 1.6871002554976524, 2.1999999999999993
-7.685124942, 1.7278897297081777, 2.1999999999999993
-7.59791564, 1.7871002554976538, 2.1999999999999993
-7.585124942, 1.798558589525431, 2.1999999999999993
-7.485124942, 1.8639074850157247, 2.1999999999999993
-7.448458276, 1.8871002554976535, 2.1999999999999993
-7.385124942, 1.9224725964550995, 2.1999999999999993
-7.285124942, 1.9781716847833675, 2.1999999999999993
-7.26988104, 1.9871002554976531, 2.1999999999999993
-7.185124942, 2.022379443822528, 2.1999999999999993
-7.085124942, 2.0470517122937704, 2.1999999999999993
-6.985124942, 2.071537342252622, 2.1999999999999993
-6.956112597, 2.0871002554976528, 2.1999999999999993
-6.885124942, 2.1181813371192746, 2.1999999999999993
-6.785124942, 2.1409267866201045, 2.1999999999999993
-6.685124942, 2.1698924639392114, 2.1999999999999993
-6.654665173, 2.1871002554976524, 2.1999999999999993
-6.585124942, 2.219281107093396, 2.1999999999999993
-6.485124942, 2.2425247842712377, 2.1999999999999993
-6.385124942, 2.2658039598186424, 2.1999999999999993
-6.298874944, 2.287100255497654, 2.1999999999999993
-6.285124942, 2.2912355945953973, 2.1999999999999993
-6.185124942, 2.311656469107122, 2.1999999999999993
-6.085124942, 2.3192811070933956, 2.1999999999999993
-5.985124942, 2.3213786065285813, 2.1999999999999993
-5.885124942, 2.3213786065285813, 2.1999999999999993
-5.785124942, 2.3213786065285813, 2.1999999999999993
-5.685124942, 2.3213786065285813, 2.1999999999999993
-5.585124942, 2.3213786065285813, 2.1999999999999993
-5.485124942, 2.3213786065285813, 2.1999999999999993
-5.385124942, 2.3213786065285813, 2.1999999999999993
-5.285124942, 2.3213786065285813, 2.1999999999999993
-5.185124942, 2.3210380798499823, 2.1999999999999993
-5.085124942, 2.318918437850595, 2.1999999999999993
-4.985124942, 2.3121002560858894, 2.1999999999999993
-4.885124942, 2.2979394170361154, 2.1999999999999993
-4.825509553, 2.287100255497654, 2.1999999999999993
-4.785124942, 2.279491560570115, 2.1999999999999993
-4.685124942, 2.256772387191642, 2.1999999999999993
-4.585124942, 2.2458560163271457, 2.1999999999999993
-4.485124942, 2.237100255934335, 2.1999999999999993
-4.385124942, 2.223667420174271, 2.1999999999999993
-4.285124942, 2.210752950707233, 2.1999999999999993
-4.185124942, 2.196028827640511, 2.1999999999999993
-4.144802358, 2.1871002554976524, 2.1999999999999993
-4.085124942, 2.1744290233058727, 2.1999999999999993
-3.985124942, 2.1398399819816714, 2.1999999999999993
-3.885124942, 2.1158712057769815, 2.1999999999999993
-3.785124942, 2.0991692217045497, 2.1999999999999993
-3.740253144, 2.0871002554976528, 2.1999999999999993
-3.685124942, 2.072670725967452, 2.1999999999999993
-3.585124942, 2.045319434036468, 2.1999999999999993
-3.485124942,2.015066358, 2.1999999999999993
-3.419993361, 1.9871002554976531, 2.1999999999999993
-3.385124942, 1.9698924639392104, 2.1999999999999993
-3.285124942, 1.919639938566437, 2.1999999999999993
-3.216791607, 1.8871002554976535, 2.1999999999999993
-3.185124942, 1.8688310253694471, 2.1999999999999993
-3.085124942, 1.813824394003401, 2.1999999999999993
-3.037186796, 1.7871002554976538, 2.1999999999999993
-2.985124942, 1.757568092339758, 2.1999999999999993
-2.902590694, 1.6871002554976524, 2.1999999999999993
-2.885124942, 1.6704335894845812, 2.1999999999999993
-2.785124942, 1.5985585895254317, 2.1999999999999993
-2.773081145, 1.5871002554976528, 2.1999999999999993
-2.685124942, 1.5230045113487165, 2.1999999999999993
-2.631124941, 1.4871002554976531, 2.1999999999999993
-2.585124942, 1.4549773510283792, 2.1999999999999993
-2.510124941, 1.3871002554976535, 2.1999999999999993
-2.485124942, 1.3627026657386168, 2.1999999999999993
-2.408600551, 1.2871002554976538, 2.1999999999999993
-2.385124942, 1.2637669227703796, 2.1999999999999993
-2.309376438, 1.1871002554976524, 2.1999999999999993
-2.285124942, 1.1625548015582599, 2.1999999999999993
-2.211889647, 1.0871002554976528, 2.1999999999999993
-2.185124942, 1.0593563536683845, 2.1999999999999993
-2.121415264, 0.9871002554976531, 2.1999999999999993
-2.085124942, 0.9331002562976547, 2.1999999999999993
-2.05404386, 0.8871002554976535, 2.1999999999999993
-1.985124942, 0.8026631700671896, 2.1999999999999993
-1.969562027, 0.7871002554976538, 2.1999999999999993
-1.887048018, 0.6871002554976524, 2.1999999999999993
-1.885124942, 0.6851771793438086, 2.1999999999999993
-1.816206022, 0.5871002554976528, 2.1999999999999993
-1.785124942, 0.5495185568048431, 2.1999999999999993
-1.732939149, 0.4871002554976531, 2.1999999999999993
-1.685124942, 0.4320688095857026, 2.1999999999999993
-1.645839227, 0.3871002554976535, 2.1999999999999993
-1.585124942, 0.3000923822693071, 2.1999999999999993
-1.573666607, 0.28710025549765383, 2.1999999999999993
-1.501791608, 0.1871002554976524, 2.1999999999999993
-1.485124942, 0.16835025623294797, 2.1999999999999993
-1.425716339,0.087100255, 2.1999999999999993
-1.385124942,0.040205846, 2.1999999999999993
-1.341502492,-0.012899745, 2.1999999999999993
-1.285124942,-0.08910664, 2.1999999999999993
-1.263828645,-0.112899745, 2.1999999999999993
-1.218019678,-0.212899745, 2.1999999999999993
-1.185124942,-0.262502918, 2.1999999999999993
-1.151878868,-0.312899745, 2.1999999999999993
-1.091374941,-0.412899745, 2.1999999999999993
-1.085124942,-0.419149744, 2.1999999999999993
-1.012267798,-0.512899745, 2.1999999999999993
-0.985124942,-0.543945495, 2.1999999999999993
-0.931571642,-0.612899745, 2.1999999999999993
-0.885124942,-0.673899744, 2.1999999999999993
-0.853673328,-0.712899745, 2.1999999999999993
-0.808777636,-0.812899745, 2.1999999999999993
-0.785124942,-0.842159003, 2.1999999999999993
-0.739431161,-0.912899745, 2.1999999999999993
-0.685124942,-1.004432002, 2.1999999999999993
-0.677516245,-1.012899745, 2.1999999999999993
-0.633534032,-1.112899745, 2.1999999999999993
-0.585124942,-1.198099744, 2.1999999999999993
-0.572453708,-1.212899745, 2.1999999999999993
-0.536231136,-1.312899745, 2.1999999999999993
-0.502866876,-1.412899745, 2.1999999999999993
-0.485124942,-1.442791048, 2.1999999999999993
-0.451531191,-1.512899745, 2.1999999999999993
-0.431691465,-1.612899745, 2.1999999999999993
-0.411849079,-1.712899745, 2.1999999999999993
-0.387796696,-1.812899745, 2.1999999999999993
-0.385124942,-1.827483074, 2.1999999999999993
-0.371273589,-1.912899745, 2.1999999999999993
-0.36685571,-2.012899745, 2.1999999999999993
-0.363828645,-2.112899745, 2.1999999999999993
-0.36193217,-2.212899745, 2.1999999999999993
-0.360124941,-2.312899745, 2.1999999999999993
-0.359252848,-2.412899745, 2.1999999999999993
-0.357158839,-2.512899745, 2.1999999999999993
-0.356353991,-2.612899745, 2.1999999999999993
-0.355958274,-2.712899745, 2.1999999999999993
-0.356353991,-2.812899745, 2.1999999999999993
-0.356353991,-2.912899745, 2.1999999999999993
-0.356754154,-3.012899745, 2.1999999999999993
-0.357158839,-3.112899745, 2.1999999999999993
-0.357158839,-3.212899745, 2.1999999999999993
-0.357568123,-3.312899745, 2.1999999999999993
-0.357982084,-3.412899745, 2.1999999999999993
-0.357982084,-3.512899745, 2.1999999999999993
-0.358400803,-3.612899745, 2.1999999999999993
-0.358824363,-3.712899745, 2.1999999999999993
-0.359252848,-3.812899745, 2.1999999999999993
-0.359252848,-3.912899745, 2.1999999999999993
-0.359252848,-4.012899745, 2.1999999999999993
-0.359686344,-4.112899745, 2.1999999999999993
-0.360568728,-4.212899745, 2.1999999999999993
-0.3633458,-4.312899745, 2.1999999999999993
-0.378190634,-4.412899745, 2.1999999999999993
-0.385124942,-4.452483082, 2.1999999999999993
-0.395336208,-4.512899745, 2.1999999999999993
-0.413895891,-4.612899745, 2.1999999999999993
-0.419403292,-4.712899745, 2.1999999999999993
-0.429098155,-4.812899745, 2.1999999999999993
-0.440057676,-4.912899745, 2.1999999999999993
-0.44951888,-5.012899745, 2.1999999999999993
-0.456353991,-5.112899745, 2.1999999999999993
-0.480274194,-5.212899745, 2.1999999999999993
-0.485124942,-5.227344191, 2.1999999999999993
-0.508317712,-5.312899745, 2.1999999999999993
-0.535585771,-5.412899745, 2.1999999999999993
-0.557158839,-5.512899745, 2.1999999999999993
-0.58396215,-5.612899745, 2.1999999999999993
-0.585124942,-5.616745901, 2.1999999999999993
-0.607852214,-5.712899745, 2.1999999999999993
-0.626287732,-5.812899745, 2.1999999999999993
-0.641459783,-5.912899745, 2.1999999999999993
-0.659686344,-6.012899745, 2.1999999999999993
-0.68396215,-6.112899745, 2.1999999999999993
-0.685124942,-6.115960971, 2.1999999999999993
-0.712267798,-6.212899745, 2.1999999999999993
-0.736701518,-6.312899745, 2.1999999999999993
-0.77428578,-6.412899745, 2.1999999999999993
-0.785124942,-6.435042603, 2.1999999999999993
-0.815069996,-6.512899745, 2.1999999999999993
-0.834455298,-6.612899745, 2.1999999999999993
-0.848557777,-6.712899745, 2.1999999999999993
-0.871859635,-6.812899745, 2.1999999999999993
-0.885124942,-6.845399746, 2.1999999999999993
-0.909232084,-6.912899745, 2.1999999999999993
-0.955958274,-7.012899745, 2.1999999999999993
-0.985124942,-7.073946257, 2.1999999999999993
-1.005932394,-7.112899745, 2.1999999999999993
-1.058400803,-7.212899745, 2.1999999999999993
-1.085124942,-7.268923842, 2.1999999999999993
-1.107381038,-7.312899745, 2.1999999999999993
-1.157982084,-7.412899745, 2.1999999999999993
-1.185124942,-7.466877018, 2.1999999999999993
-1.209232084,-7.512899745, 2.1999999999999993
-1.280274194,-7.612899745, 2.1999999999999993
-1.285124942,-7.617861577, 2.1999999999999993
-1.356676665,-7.712899745, 2.1999999999999993
-1.385124942,-7.76555932, 2.1999999999999993
-1.412094638,-7.812899745, 2.1999999999999993
-1.485124942,-7.894872534, 2.1999999999999993
-1.502332733,-7.912899745, 2.1999999999999993
-1.585124942,-7.997899745, 2.1999999999999993
-1.600124941,-8.012899745, 2.1999999999999993
-1.685124942,-8.100228512, 2.1999999999999993
-1.697796174,-8.112899745, 2.1999999999999993
-1.78396215,-8.212899745, 2.1999999999999993
-1.785124942,-8.214062536, 2.1999999999999993
-1.868458274,-8.312899745, 2.1999999999999993
-1.885124942,-8.329787162, 2.1999999999999993
-1.960274642,-8.412899745, 2.1999999999999993
-1.985124942,-8.437750045, 2.1999999999999993
-2.06769073,-8.512899745, 2.1999999999999993
-2.085124942,-8.530107537, 2.1999999999999993
-2.176851559,-8.612899745, 2.1999999999999993
-2.185124942,-8.621173127, 2.1999999999999993
-2.278874941,-8.712899745, 2.1999999999999993
-2.285124942,-8.719149745, 2.1999999999999993
-2.385124942,-8.792092292, 2.1999999999999993
-2.410124941,-8.812899745, 2.1999999999999993
-2.485124942,-8.866357192, 2.1999999999999993
-2.550423448,-8.912899745, 2.1999999999999993
-2.585124942,-8.939623883, 2.1999999999999993
-2.685124942,-8.988343532, 2.1999999999999993
-2.723198335,-9.012899745, 2.1999999999999993
-2.785124942,-9.04751513, 2.1999999999999993
-2.885124942,-9.077620557, 2.1999999999999993
-2.985124942,-9.109490654, 2.1999999999999993
-2.995352212,-9.112899745, 2.1999999999999993
-3.085124942,-9.13655244, 2.1999999999999993
-3.185124942,-9.155137188, 2.1999999999999993
-3.285124942,-9.186175607, 2.1999999999999993
-3.33257392,-9.212899745, 2.1999999999999993
-3.385124942,-9.241670695, 2.1999999999999993
-3.485124942,-9.265750622, 2.1999999999999993
-3.585124942,-9.304626364, 2.1999999999999993
-3.59521266,-9.312899745, 2.1999999999999993
-3.685124942,-9.357464962, 2.1999999999999993
-3.785124942,-9.372202071, 2.1999999999999993
-3.885124942,-9.392092292, 2.1999999999999993
-3.932982083,-9.412899745, 2.1999999999999993
-3.985124942,-9.435155843, 2.1999999999999993
-4.085124942,-9.458874321, 2.1999999999999993
-4.185124942,-9.47390453, 2.1999999999999993
-4.276697974,-9.512899745, 2.1999999999999993
-4.285124942,-9.518455301, 2.1999999999999993
-4.385124942,-9.551006541, 2.1999999999999993
-4.485124942,-9.580005008, 2.1999999999999993
-4.585124942,-9.608048999, 2.1999999999999993
-4.595780678,-9.612899745, 2.1999999999999993
-4.685124942,-9.6428448, 2.1999999999999993
-4.785124942,-9.663959067, 2.1999999999999993
-4.885124942,-9.681081563, 2.1999999999999993
-4.985124942,-9.702688478, 2.1999999999999993
-5.021374939,-9.712899745, 2.1999999999999993
-5.085124942,-9.729566412, 2.1999999999999993
-5.185124942,-9.746145818, 2.1999999999999993
-5.285124942,-9.753871967, 2.1999999999999993
-5.385124942,-9.755724857, 2.1999999999999993
-5.485124942,-9.755467313, 2.1999999999999993
-5.585124942,-9.7549452, 2.1999999999999993
-5.685124942,-9.751006541, 2.1999999999999993
-5.785124942,-9.740865847, 2.1999999999999993
-5.885124942,-9.719149745, 2.1999999999999993
-8.960124942,-3.512899745, 1.5999999999999979
-8.929203889,-3.712899745, 1.5999999999999979
-8.92231706,-4.112899745, 1.5999999999999979
-8.943611181,-4.312899745, 1.5999999999999979
-9.016206023,-4.612899745, 1.5999999999999979
-9.066335133,-4.912899745, 1.5999999999999979
-9.09533621,-5.012899745, 1.5999999999999979
-9.166855711,-5.412899745, 1.5999999999999979
-9.193398324,-5.612899745, 1.5999999999999979
-9.200687856,-5.812899745, 1.5999999999999979
-9.20442874,-6.512899745, 1.5999999999999979
-9.198390248,-6.812899745, 1.5999999999999979
-9.163828646,-7.012899745, 1.5999999999999979
-9.110563539,-7.212899745, 1.5999999999999979
-9.034109714,-7.412899745, 1.5999999999999979
-8.929355711,-7.612899745, 1.5999999999999979
-8.685124942,-7.903844627, 1.5999999999999979
-8.571621293,-8.012899745, 1.5999999999999979
-8.239137288,-8.312899745, 1.5999999999999979
-8.085124942,-8.440456563, 1.5999999999999979
-7.985124942,-8.509490654, 1.5999999999999979
-7.828166179,-8.712899745, 1.5999999999999979
-7.644956403,-8.912899745, 1.5999999999999979
-7.385124942,-9.149968711, 1.5999999999999979
-7.285124942,-9.227899745, 1.5999999999999979
-7.085124942,-9.342457756, 1.5999999999999979
-6.985124942,-9.380718894, 1.5999999999999979
-6.885124942,-9.439623883, 1.5999999999999979
-6.685124942,-9.518455301, 1.5999999999999979
-6.385124942,-9.58924705, 1.5999999999999979
-6.185124942,-9.648829393, 1.5999999999999979
-5.985124942,-9.686599167, 1.5999999999999979
-5.885124942,-9.726165051, 1.5999999999999979
-5.685124942,-9.762899745, 1.5999999999999979
-5.385124942,-9.782193223, 1.5999999999999979
-5.085124942,-9.818455301, 1.5999999999999979
-4.585124942,-9.799634439, 1.5999999999999979
-4.185124942,-9.774506888, 1.5999999999999979
-4.085124942,-9.757804204, 1.5999999999999979
-3.785124942,-9.654414897, 1.5999999999999979
-3.585124942,-9.56170214, 1.5999999999999979
-3.485124942,-9.493743901, 1.5999999999999979
-3.385124942,-9.452506487, 1.5999999999999979
-3.285124942,-9.386536109, 1.5999999999999979
-3.185124942,-9.354932712, 1.5999999999999979
-2.985124942,-9.266285162, 1.5999999999999979
-2.885124942,-9.256910162, 1.5999999999999979
-2.685124942,-9.164761447, 1.5999999999999979
-2.585124942,-9.133212245, 1.5999999999999979
-2.485124942,-9.079283926, 1.5999999999999979
-2.385124942,-9.052614031, 1.5999999999999979
-2.185124942,-8.95954404, 1.5999999999999979
-1.985124942,-8.84532162, 1.5999999999999979
-1.392966488,-8.332715276, 1.5999999999999979
-1.254552337,-8.156871215, 1.5999999999999979
-1.134263174,-7.985813507, 1.5999999999999979
-1.042826024,-7.783829434, 1.5999999999999979
-0.952633214,-7.647598664, 1.5999999999999979
-0.887819745,-7.473816876, 1.5999999999999979
-0.787222139,-7.28834351, 1.5999999999999979
-0.681144706,-7.008798039, 1.5999999999999979
-0.631558144,-6.909624916, 1.5999999999999979
-0.43784579,-6.295964094, 1.5999999999999979
-0.406398617,-6.112232393, 1.5999999999999979
-0.367526816,-5.99561699, 1.5999999999999979
-0.336416954,-5.84006768, 1.5999999999999979
-0.334804775,-5.703672218, 1.5999999999999979
-0.284748194,-5.462730389, 1.5999999999999979
-0.283136015,-5.238653381, 1.5999999999999979
-0.262868843,-5.112899745, 1.5999999999999979
-0.301243362,-4.912899745, 1.5999999999999979
-0.314291608,-4.612899745, 1.5999999999999979
-0.308317712,-4.312899745, 1.5999999999999979
-0.325545502,-3.912899745, 1.5999999999999979
-0.3633458,-3.512899745, 1.5999999999999979
-0.416206022,-3.312899745, 1.5999999999999979
-0.447320063,-3.012899745, 1.5999999999999979
-0.513091043,-2.712899745, 1.5999999999999979
-0.538303736,-2.547525115, 1.5999999999999979
-0.664742416,-2.183152674, 1.5999999999999979
-0.688223311,-2.090475941, 1.5999999999999979
-0.695679947,-1.973499813, 1.5999999999999979
-0.778636391,-1.712899745, 1.5999999999999979
-0.877141747,-1.512899745, 1.5999999999999979
-0.985124942,-1.320870758, 1.5999999999999979
-1.194438666,-1.012899745, 1.5999999999999979
-1.339013829,-0.812899745, 1.5999999999999979
-1.580388098,-0.512899745, 1.5999999999999979
-1.649242587,-0.412899745, 1.5999999999999979
-1.885124942,-0.112241848, 1.5999999999999979
-1.984467045,-0.012899745, 1.5999999999999979
-2.287151967, 0.3871002554976535, 1.5999999999999979
-2.384522531, 0.4871002554976531, 1.5999999999999979
-2.585124942, 0.7452969784484722, 1.5999999999999979
-2.685124942, 0.8571002570361159, 1.5999999999999979
-2.822246152, 0.9871002554976531, 1.5999999999999979
-3.185124942, 1.2853355507917712, 1.5999999999999979
-3.485124942, 1.4875466849619396, 1.5999999999999979
-3.685124942, 1.5772871723200836, 1.5999999999999979
-3.985124942,1.665979567, 1.5999999999999979
-4.585124942, 1.8291457108006846, 1.5999999999999979
-4.985124942, 1.914530811747655, 1.5999999999999979
-5.185124942,1.931583015, 1.5999999999999979
-5.685124942, 1.956905450952199, 1.5999999999999979
-6.085124942, 1.9577454174331361, 1.5999999999999979
-6.185124942, 1.9496002561386785, 1.5999999999999979
-6.485124942, 1.8973115238075131, 1.5999999999999979
-6.585124942, 1.866787756122653, 1.5999999999999979
-6.785124942, 1.8360073598692388, 1.5999999999999979
-6.985124942, 1.8179745729839922, 1.5999999999999979
-7.185124942, 1.7552820742142305, 1.5999999999999979
-7.385124942, 1.7219406815614828, 1.5999999999999979
-7.485124942, 1.6667877561226518, 1.5999999999999979
-7.585124942, 1.6348502559976534, 1.5999999999999979
-7.881107085, 1.4871002554976531, 1.5999999999999979
-8.085124942, 1.3586519802102952, 1.5999999999999979
-8.185124942, 1.2709818351029174, 1.5999999999999979
-8.585124942, 0.9563937343020008, 1.5999999999999979
-8.785124942, 0.8508502559976527, 1.5999999999999979
-8.885124942, 0.8242923742168653, 1.5999999999999979
-8.985124942, 0.7538555751785037, 1.5999999999999979
-9.085124942, 0.7093563536683831, 1.5999999999999979
-9.219499942, 0.5871002554976528, 1.5999999999999979
-9.309681155, 0.4871002554976531, 1.5999999999999979
-9.517305793, 0.1871002554976524, 1.5999999999999979
-9.619062766,-0.012899745, 1.5999999999999979
-9.648243754,-0.112899745, 1.5999999999999979
-9.730403912,-0.312899745, 1.5999999999999979
-9.778190636,-0.612899745, 1.5999999999999979
-9.822624942,-0.812899745, 1.5999999999999979
-9.840319747,-1.012899745, 1.5999999999999979
-9.84415272,-1.212899745, 1.5999999999999979
-9.833492289,-1.512899745, 1.5999999999999979
-9.813895892,-1.712899745, 1.5999999999999979
-9.794053514,-1.812899745, 1.5999999999999979
-9.758400804,-2.112899745, 1.5999999999999979
-9.722374942,-2.312899745, 1.5999999999999979
-9.640360544,-2.512899745, 1.5999999999999979
-9.614291609,-2.612899745, 1.5999999999999979
-9.547294254,-2.712899745, 1.5999999999999979
-9.50442874,-2.812899745, 1.5999999999999979
-9.385124942,-2.996367487, 1.5999999999999979
-9.183201865,-3.212899745, 1.5999999999999979
-8.960124942,-3.512899745, 1.5999999999999979
-0.784609477,-6.312899745, 0.3999999999999986
-0.983874939,-6.512899745, 0.3999999999999986
-1.085124942,-6.713792603, 0.3999999999999986
-1.180814595,-6.812899745, 0.3999999999999986
-1.211737843,-6.912899745, 0.3999999999999986
-1.361098966,-7.112899745, 0.3999999999999986
-1.484598625,-7.312899745, 0.3999999999999986
-1.685124942,-7.557017393, 0.3999999999999986
-1.869499941,-7.812899745, 0.3999999999999986
-2.024272228,-8.012899745, 0.3999999999999986
-2.155450144,-8.212899745, 0.3999999999999986
-2.423614149,-8.512899745, 0.3999999999999986
-2.614740325,-8.712899745, 0.3999999999999986
-2.885124942,-8.938228693, 0.3999999999999986
-3.085124942,-9.060371655, 0.3999999999999986
-3.285124942,-9.152848199, 0.3999999999999986
-3.385124942,-9.171738129, 0.3999999999999986
-3.585124942,-9.243227614, 0.3999999999999986
-3.685124942,-9.263614031, 0.3999999999999986
-3.985124942,-9.346493495, 0.3999999999999986
-4.285124942,-9.371655505, 0.3999999999999986
-4.485124942,-9.403971174, 0.3999999999999986
-4.585124942,-9.409490654, 0.3999999999999986
-5.185124942,-9.408764407, 0.3999999999999986
-5.585124942,-9.443980826, 0.3999999999999986
-5.885124942,-9.424968711, 0.3999999999999986
-6.185124942,-9.342066412, 0.3999999999999986
-6.285124942,-9.298470215, 0.3999999999999986
-6.485124942,-9.238338342, 0.3999999999999986
-6.585124942,-9.181684275, 0.3999999999999986
-6.685124942,-9.152730254, 0.3999999999999986
-6.785124942,-9.076073398, 0.3999999999999986
-6.985124942,-8.942899745, 0.3999999999999986
-7.13963622,-8.812899745, 0.3999999999999986
-7.33963622,-8.612899745, 0.3999999999999986
-7.605203682,-8.312899745, 0.3999999999999986
-7.655124942,-8.212899745, 0.3999999999999986
-7.793108136,-8.012899745, 0.3999999999999986
-7.961712244,-7.712899745, 0.3999999999999986
-8.311547707,-7.212899745, 0.3999999999999986
-8.420894173,-7.012899745, 0.3999999999999986
-8.506657789,-6.812899745, 0.3999999999999986
-8.599554472,-6.512899745, 0.3999999999999986
-8.65447018,-6.212899745, 0.3999999999999986
-8.700124942,-6.012899745, 0.3999999999999986
-8.717267799,-5.812899745, 0.3999999999999986
-8.713895892,-5.612899745, 0.3999999999999986
-8.650846592,-5.312899745, 0.3999999999999986
-8.638140017,-4.712899745, 0.3999999999999986
-8.63864253,-4.212899745, 0.3999999999999986
-8.650668983,-3.712899745, 0.3999999999999986
-8.702866878,-3.312899745, 0.3999999999999986
-8.723066119,-3.112899745, 0.3999999999999986
-8.761086481,-2.912899745, 0.3999999999999986
-8.79533621,-2.812899745, 0.3999999999999986
-8.869545232,-2.412899745, 0.3999999999999986
-8.975582958,-2.112899745, 0.3999999999999986
-9.019355712,-2.012899745, 0.3999999999999986
-9.09791564,-1.712899745, 0.3999999999999986
-9.166904603,-1.312899745, 0.3999999999999986
-9.185528168,-1.112899745, 0.3999999999999986
-9.191821371,-0.912899745, 0.3999999999999986
-9.18554511,-0.612899745, 0.3999999999999986
-9.138365683,-0.412899745, 0.3999999999999986
-9.058060722,-0.212899745, 0.3999999999999986
-8.950321021,-0.012899745, 0.3999999999999986
-8.783529198, 0.1871002554976524, 0.3999999999999986
-8.66864767, 0.28710025549765383, 0.3999999999999986
-8.485124942, 0.4173241368409375, 0.3999999999999986
-8.385124942, 0.4644383857134802, 0.3999999999999986
-8.185124942, 0.6287033096961263, 0.3999999999999986
-7.885124942, 0.8110288276405111, 0.3999999999999986
-7.685124942, 0.9049324240291217, 0.3999999999999986
-7.585124942, 0.9364009554976533, 0.3999999999999986
-7.385124942, 0.9681002561643197, 0.3999999999999986
-7.285124942, 1.005503033969875, 0.3999999999999986
-7.183762633, 1.0185252749463896, 0.3999999999999986
-7.073922601, 1.0674712241902249, 0.3999999999999986
-6.82623959, 1.1426208796225574, 0.3999999999999986
-6.248349437, 1.1524958401646224, 0.3999999999999986
-5.369980522, 1.1524958401646224, 0.3999999999999986
-5.26312118, 1.1436518906555158, 0.3999999999999986
-4.953108622, 1.0919831309482837, 0.3999999999999986
-4.699413636, 1.015802464482992, 0.3999999999999986
-4.510935328, 0.9288672351928707, 0.3999999999999986
-4.104383813, 0.6628821763188768, 0.3999999999999986
-4.069147852, 0.6304703577667012, 0.3999999999999986
-3.701592769, 0.4453872361377156, 0.3999999999999986
-3.579697897,0.354471754, 0.3999999999999986
-3.428902192, 0.1523502021106463, 0.3999999999999986
-3.331546765, 0.054994775559554426, 0.3999999999999986
-3.166347819,-0.058878323, 0.3999999999999986
-3.091175038,-0.14365156, 0.3999999999999986
-3.010421128,-0.266130862, 0.3999999999999986
-2.785784496,-0.490767493, 0.3999999999999986
-2.672061651,-0.566786882, 0.3999999999999986
-2.533598167,-0.691285063, 0.3999999999999986
-2.479214863,-0.765478176, 0.3999999999999986
-2.378591888,-0.846291342, 0.3999999999999986
-2.236944889,-0.991436323, 0.3999999999999986
-2.136600849,-1.159748642, 0.3999999999999986
-1.785124942,-1.612142167, 0.3999999999999986
-1.665713176,-1.812899745, 0.3999999999999986
-1.586849078,-1.912899745, 0.3999999999999986
-1.458905428,-2.112899745, 0.3999999999999986
-1.385124942,-2.212080071, 0.3999999999999986
-1.097230204,-2.812899745, 0.3999999999999986
-1.067902718,-2.912899745, 0.3999999999999986
-1.01328586,-3.012899745, 0.3999999999999986
-0.984634744,-3.112899745, 0.3999999999999986
-0.94762494,-3.412899745, 0.3999999999999986
-0.900642182,-3.612899745, 0.3999999999999986
-0.884678512,-4.012899745, 0.3999999999999986
-0.883226206,-4.312899745, 0.3999999999999986
-0.824410654,-4.612899745, 0.3999999999999986
-0.825566117,-4.912899745, 0.3999999999999986
-0.784701212,-5.112899745, 0.3999999999999986
-0.784609477,-6.312899745, 0.3999999999999986
-8.404222164,-6.612899745, 0.1999999999999993
-8.524346499,-6.212899745, 0.1999999999999993
-8.606904083,-5.812899745, 0.1999999999999993
-8.606904083,-5.612899745, 0.1999999999999993
-8.55330676,-5.312899745, 0.1999999999999993
-8.546180218,-4.712899745, 0.1999999999999993
-8.550509557,-3.712899745, 0.1999999999999993
-8.571273591,-3.312899745, 0.1999999999999993
-8.669390676,-2.512899745, 0.1999999999999993
-8.747257295,-2.212899745, 0.1999999999999993
-8.824140094,-2.012899745, 0.1999999999999993
-8.903063874,-1.712899745, 0.1999999999999993
-8.953874942,-1.312899745, 0.1999999999999993
-8.969037986,-1.112899745, 0.1999999999999993
-8.97317804,-0.912899745, 0.1999999999999993
-8.959678514,-0.612899745, 0.1999999999999993
-8.866983349,-0.312899745, 0.1999999999999993
-8.764291609,-0.112899745, 0.1999999999999993
-8.609436869,0.087100255, 0.1999999999999993
-8.485124942, 0.2125312908424828, 0.1999999999999993
-8.285124942, 0.3541372932754303, 0.1999999999999993
-8.085124942, 0.5149988069469291, 0.1999999999999993
-7.985124942, 0.5606918054976529, 0.1999999999999993
-7.885124942, 0.6283411321399885, 0.1999999999999993
-7.785124942, 0.6659197006365414, 0.1999999999999993
-7.685124942, 0.7257527384763769, 0.1999999999999993
-7.385124942, 0.8125969449016264, 0.1999999999999993
-7.085124942, 0.8677571905341495, 0.1999999999999993
-6.985124942, 0.8953033812789037, 0.1999999999999993
-6.785124942, 0.9278565588589966, 0.1999999999999993
-6.385124942, 0.9332209460148952, 0.1999999999999993
-5.985124942,0.917474088, 0.1999999999999993
-5.585124942, 0.8876053070128034, 0.1999999999999993
-5.385124942, 0.8875204244052153, 0.1999999999999993
-5.285124942,0.872311525, 0.1999999999999993
-5.085124942, 0.8012793614678024, 0.1999999999999993
-4.885124942, 0.7875134794645966, 0.1999999999999993
-4.785124942, 0.7207068145140472, 0.1999999999999993
-4.585124942, 0.6443583216266848, 0.1999999999999993
-4.385124942, 0.5278145426405096, 0.1999999999999993
-4.284355709, 0.4871002554976531, 0.1999999999999993
-4.185124942,0.403334023, 0.1999999999999993
-4.085124942, 0.3639752567476524, 0.1999999999999993
-3.985124942, 0.2877412824207308, 0.1999999999999993
-3.785124942, 0.18626692383098487, 0.1999999999999993
-3.485124942,-0.103640484, 0.1999999999999993
-3.285124942,-0.259992767, 0.1999999999999993
-3.023145774,-0.512899745, 0.1999999999999993
-2.700550472,-0.812899745, 0.1999999999999993
-2.505651256,-1.012899745, 0.1999999999999993
-2.418979107,-1.112899745, 0.1999999999999993
-2.141103201,-1.512899745, 0.1999999999999993
-1.995008661,-1.712899745, 0.1999999999999993
-1.878729592,-1.912899745, 0.1999999999999993
-1.798497033,-2.012899745, 0.1999999999999993
-1.676196369,-2.212899745, 0.1999999999999993
-1.594784031,-2.312899745, 0.1999999999999993
-1.485124942,-2.512006886, 0.1999999999999993
-1.387624941,-2.712899745, 0.1999999999999993
-1.312165757,-2.912899745, 0.1999999999999993
-1.231754154,-3.212899745, 0.1999999999999993
-1.188929288,-3.412899745, 0.1999999999999993
-1.164040603,-4.012899745, 0.1999999999999993
-1.161344452,-4.312899745, 0.1999999999999993
-1.107267797,-4.612899745, 0.1999999999999993
-1.098893056,-4.712899745, 0.1999999999999993
-1.104355709,-4.912899745, 0.1999999999999993
-1.084704773,-5.112899745, 0.1999999999999993
-1.08473124,-5.512899745, 0.1999999999999993
-1.138350745,-5.812899745, 0.1999999999999993
-1.152366317,-6.012899745, 0.1999999999999993
-1.183273086,-6.112899745, 0.1999999999999993
-1.190482081,-6.312899745, 0.1999999999999993
-1.284367364,-6.412899745, 0.1999999999999993
-1.31212494,-6.512899745, 0.1999999999999993
-1.384430496,-6.612899745, 0.1999999999999993
-1.418201863,-6.712899745, 0.1999999999999993
-1.484529702,-6.812899745, 0.1999999999999993
-1.526034031,-6.912899745, 0.1999999999999993
-1.68981244,-7.212899745, 0.1999999999999993
-1.950802907,-7.612899745, 0.1999999999999993
-2.09394847,-7.812899745, 0.1999999999999993
-2.350894172,-8.212899745, 0.1999999999999993
-2.585124942,-8.488916005, 0.1999999999999993
-2.685124942,-8.597046087, 0.1999999999999993
-2.917014705,-8.812899745, 0.1999999999999993
-3.085124942,-8.949290278, 0.1999999999999993
-3.285124942,-9.05862167, 0.1999999999999993
-3.385124942,-9.076745899, 0.1999999999999993
-3.485124942,-9.132711066, 0.1999999999999993
-3.685124942,-9.190643648, 0.1999999999999993
-3.785124942,-9.240456563, 0.1999999999999993
-3.953889733,-9.282735369, 0.1999999999999993
-4.135329718,-9.464175354, 0.1999999999999993
-4.269949126,-9.567472458, 0.1999999999999993
-4.372636033,-9.615356149, 0.1999999999999993
-4.482077811,-9.644680985, 0.1999999999999993
-4.594949126,-9.654555946, 0.1999999999999993
-4.960152266,-9.645711996, 0.1999999999999993
-5.270164825,-9.594043237, 0.1999999999999993
-5.428723951,-9.549574523, 0.1999999999999993
-5.586189357,-9.541343466, 0.1999999999999993
-5.899774933,-9.444226289, 0.1999999999999993
-6.108981212,-9.408681111, 0.1999999999999993
-6.245295415,-9.338526602, 0.1999999999999993
-6.354328833,-9.325136013, 0.1999999999999993
-6.561003872,-9.273467253, 0.1999999999999993
-6.668110103,-9.236511819, 0.1999999999999993
-6.797382072,-9.172583542, 0.1999999999999993
-6.905505561,-9.103000924, 0.1999999999999993
-6.988070144,-9.07696841, 0.1999999999999993
-7.086192958,-9.020317178, 0.1999999999999993
-7.202599646,-8.917875793, 0.1999999999999993
-7.307271107,-8.854929724, 0.1999999999999993
-7.449944714,-8.722199484, 0.1999999999999993
-7.627379208,-8.596193518, 0.1999999999999993
-7.731178846,-8.463405221, 0.1999999999999993
-7.831957023,-8.391513023, 0.1999999999999993
-7.907129804,-8.306739786, 0.1999999999999993
-7.972824822,-8.197430833, 0.1999999999999993
-8.102984942,-8.037836953, 0.1999999999999993
-8.266428777,-7.691479361, 0.1999999999999993
-8.310149794,-7.51920519, 0.1999999999999993
-8.369766296,-7.381466803, 0.1999999999999993
-8.392481216,-7.270464636, 0.1999999999999993
-8.391361585,-7.128786316, 0.1999999999999993
-8.404222164,-6.612899745, 0.1999999999999993
-5.485124942,-9.419834052,0
-5.510124944,-9.412899745,0
-5.585124942,-9.394630514,0
-5.685124942,-9.375399745,0
-5.785124942,-9.35629055,0
-5.885124942,-9.332711066,0
-5.932139868,-9.312899745,0
-5.985124942,-9.291120604,0
-6.085124942,-9.266580727,0
-6.185124942,-9.238792602,0
-6.24554161,-9.212899745,0
-6.285124942,-9.194630514,0
-6.385124942,-9.166770713,0
-6.485124942,-9.136886232,0
-6.528417626,-9.112899745,0
-6.585124942,-9.076853234,0
-6.685124942,-9.018551919,0
-6.693249943,-9.012899745,0
-6.785124942,-8.942899745,0
-6.830777117,-8.912899745,0
-6.885124942,-8.870286109,0
-6.967911828,-8.812899745,0
-6.985124942,-8.798316413,0
-7.085124942,-8.713449196,0
-7.085706338,-8.712899745,0
-7.185124942,-8.613481141,0
-7.18568674,-8.612899745,0
-7.281715853,-8.512899745,0
-7.285124942,-8.506899749,0
-7.358562445,-8.412899745,0
-7.385124942,-8.352185466,0
-7.407124946,-8.312899745,0
-7.485124942,-8.21539975,0
-7.486406995,-8.212899745,0
-7.585124942,-8.114181798,0
-7.585882519,-8.112899745,0
-7.685124942,-8.013657322,0
-7.685629993,-8.012899745,0
-7.686737848,-7.912899745,0
-7.785124942,-7.814512651,0
-7.785800619,-7.812899745,0
-7.787902725,-7.712899745,0
-7.885124942,-7.615677528,0
-7.885774293,-7.612899745,0
-7.887208279,-7.512899745,0
-7.985124942,-7.414983082,0
-7.98568674,-7.412899745,0
-7.986640096,-7.312899745,0
-8.085124942,-7.214414899,0
-8.085610379,-7.212899745,0
-8.085800619,-7.112899745,0
-8.123732538,-7.012899745,0
-8.159581464,-6.912899745,0
-8.185124942,-6.814983082,0
-8.185534778,-6.812899745,0
-8.206324942,-6.712899745,0
-8.232205234,-6.612899745,0
-8.261166609,-6.512899745,0
-8.285124942,-6.466899746,0
-8.312124942,-6.412899745,0
-8.342866878,-6.312899745,0
-8.383201865,-6.212899745,0
-8.385124942,-6.208589401,0
-8.417392384,-6.112899745,0
-8.439696371,-6.012899745,0
-8.456028897,-5.912899745,0
-8.482453187,-5.812899745,0
-8.485124942,-5.793455306,0
-8.49533621,-5.712899745,0
-8.49533621,-5.612899745,0
-8.485124942,-5.54039974,0
-8.480989604,-5.512899745,0
-8.467383007,-5.412899745,0
-8.458824364,-5.312899745,0
-8.45715884,-5.212899745,0
-8.456353992,-5.112899745,0
-8.455958275,-5.012899745,0
-8.455179887,-4.912899745,0
-8.45441842,-4.812899745,0
-8.454043861,-4.712899745,0
-8.45441842,-4.612899745,0
-8.45441842,-4.512899745,0
-8.45441842,-4.412899745,0
-8.454797073,-4.312899745,0
-8.455179887,-4.212899745,0
-8.455566931,-4.112899745,0
-8.455566931,-4.012899745,0
-8.455958275,-3.912899745,0
-8.455179887,-3.812899745,0
-8.45258526,-3.712899745,0
-8.451531192,-3.612899745,0
-8.449028685,-3.512899745,0
-8.446727152,-3.412899745,0
-8.445636306,-3.312899745,0
-8.449575809,-3.212899745,0
-8.454651569,-3.112899745,0
-8.459367366,-3.012899745,0
-8.465313621,-2.912899745,0
-8.473666609,-2.812899745,0
-8.484734317,-2.712899745,0
-8.485124942,-2.709774751,0
-8.495964103,-2.612899745,0
-8.502711149,-2.512899745,0
-8.513227132,-2.412899745,0
-8.534005539,-2.312899745,0
-8.555268827,-2.212899745,0
-8.585124942,-2.142560763,0
-8.598184644,-2.112899745,0
-8.632117423,-2.012899745,0
-8.660492589,-1.912899745,0
-8.685124942,-1.829149747,0
-8.69001216,-1.812899745,0
-8.711064792,-1.712899745,0
-8.722624942,-1.612899745,0
-8.730046817,-1.512899745,0
-8.733550139,-1.412899745,0
-8.741736513,-1.312899745,0
-8.74656562,-1.212899745,0
-8.749907551,-1.112899745,0
-8.751054146,-1.012899745,0
-8.749857085,-0.912899745,0
-8.746629367,-0.812899745,0
-8.742204588,-0.712899745,0
-8.731646682,-0.612899745,0
-8.707774515,-0.512899745,0
-8.685124942,-0.430087241,0
-8.680463925,-0.412899745,0
-8.642328332,-0.312899745,0
-8.594023247,-0.212899745,0
-8.585124942,-0.198899743,0
-8.532685918,-0.112899745,0
-8.485124942,-0.047169406,0
-8.458603203,-0.012899745,0
-8.385124942,0.064623192,0
-8.362852215,0.087100255,0
-8.285124942, 0.15442309093072382,0
-8.249037986, 0.1871002554976524,0
-8.185124942, 0.2423634141442701,0
-8.134701214, 0.28710025549765383,0
-8.085124942, 0.3301149621153012,0
-8.000885812, 0.3871002554976535,0
-7.985124942, 0.39784099697913433,0
-7.885124942, 0.44531454192622455,0
-7.81864767, 0.4871002554976531,0
-7.785124942, 0.5074450837735149,0
-7.685124942, 0.5466072984554007,0
-7.602982086, 0.5871002554976528,0
-7.585124942, 0.5960288276405095,0
-7.485124942,0.621664015,0
-7.385124942, 0.6438116655647672,0
-7.285124942, 0.6599190481151034,0
-7.185124942, 0.6723742287853245,0
-7.105495316, 0.6871002554976524,0
-7.085124942, 0.6912355945953959,0
-6.985124942, 0.7025137900841205,0
-6.885124942, 0.7095412011669442,0
-6.785124942, 0.7153789448419143,0
-6.685124942, 0.7166835896643207,0
-6.585124942, 0.7160918529766445,0
-6.485124942, 0.7154900868535847,0
-6.385124942, 0.7133933598079985,0
-6.285124942, 0.7009395421047966,0
-6.185124942,0.687563219,0
-6.085124942, 0.6875350389759145,0
-5.985124942, 0.6875169229976521,0
-5.972624917, 0.6871002554976524,0
-5.885124942, 0.6837983696485974,0
-5.785124942, 0.6697735238144862,0
-5.685124942, 0.6493342991146758,0
-5.585124942, 0.6218061390270648,0
-5.485124942, 0.5943370989187056,0
-5.385124942, 0.5876558121643196,0
-5.285124942, 0.5875134794645955,0
-5.283609787, 0.5871002554976528,0
-5.185124942,0.539306139,0
-5.085124942, 0.4965205468020013,0
-4.985124942, 0.4876684384522001,0
-4.978874929, 0.4871002554976531,0
-4.885124942, 0.4748051751697844,0
-4.785124942, 0.39997904489159275,0
-4.685124942, 0.3875764469262233,0
-4.683842888, 0.3871002554976535,0
-4.585124942, 0.3343605308401205,0
-4.485124942, 0.28763217145509934,0
-4.483874939, 0.28710025549765383,0
-4.385124942, 0.2344335901643202,0
-4.285124942,0.187590453,0
-4.284262871, 0.1871002554976524,0
-4.185124942, 0.11782314826873908,0
-4.11620602,0.087100255,0
-4.085124942,0.072543295,0
-3.985124942,-0.012258718,0
-3.984083273,-0.012899745,0
-3.885124942,-0.088296568,0
-3.850680495,-0.112899745,0
-3.785124942,-0.158284358,0
-3.707951026,-0.212899745,0
-3.685124942,-0.225862706,0
-3.585124942,-0.310058834,0
-3.581092682,-0.312899745,0
-3.485124942,-0.376878238,0
-3.438597162,-0.412899745,0
-3.385124942,-0.453426059,0
-3.31449994,-0.512899745,0
-3.285124942,-0.535715278,0
-3.196791607,-0.612899745,0
-3.185124942,-0.622805404,0
-3.085124942,-0.707507587,0
-3.079395774,-0.712899745,0
-2.985124942,-0.800763821,0
-2.972748703,-0.812899745,0
-2.885124942,-0.900523506,0
-2.872748703,-0.912899745,0
-2.785124942,-1.002293683,0
-2.774830823,-1.012899745,0
-2.687600188,-1.112899745,0
-2.685124942,-1.115773307,0
-2.603086106,-1.212899745,0
-2.585124942,-1.237899743,0
-2.530174445,-1.312899745,0
-2.485124942,-1.382899743,0
-2.466728714,-1.412899745,0
-2.399886845,-1.512899745,0
-2.385124942,-1.538733076,0
-2.338282835,-1.612899745,0
-2.285124942,-1.708182761,0
-2.282315952,-1.712899745,0
-2.205473778,-1.812899745,0
-2.185124942,-1.846553589,0
-2.146360895,-1.912899745,0
-2.085124942,-2.011990652,0
-2.084639504,-2.012899745,0
-2.022056759,-2.112899745,0
-1.985124942,-2.174220497,0
-1.960426145,-2.212899745,0
-1.885124942,-2.312106092,0
-1.884629891,-2.312899745,0
-1.813776626,-2.412899745,0
-1.785124942,-2.454703022,0
-1.747358983,-2.512899745,0
-1.685124942,-2.612052285,0
-1.684661978,-2.612899745,0
-1.637575921,-2.712899745,0
-1.588522999,-2.812899745,0
-1.585124942,-2.828117131,0
-1.56581801,-2.912899745,0
-1.532154643,-3.012899745,0
-1.503166178,-3.112899745,0
-1.485124942,-3.210121961,0
-1.484704773,-3.212899745,0
-1.484581462,-3.312899745,0
-1.46012494,-3.412899745,0
-1.44501505,-3.512899745,0
-1.436755375,-3.612899745,0
-1.432927138,-3.712899745,0
-1.43012494,-3.812899745,0
-1.427738577,-3.912899745,0
-1.425241219,-4.012899745,0
-1.424078429,-4.112899745,0
-1.424078429,-4.212899745,0
-1.42262494,-4.312899745,0
-1.411074307,-4.412899745,0
-1.396611427,-4.512899745,0
-1.385124942,-4.607344178,0
-1.384715105,-4.612899745,0
-1.384686344,-4.712899745,0
-1.38469759,-4.812899745,0
-1.384721715,-4.912899745,0
-1.384724941,-5.012899745,0
-1.384724941,-5.112899745,0
-1.384734316,-5.212899745,0
-1.385124942,-5.229566445,0
-1.391374939,-5.312899745,0
-1.412267796,-5.412899745,0
-1.460124938,-5.512899745,0
-1.484013828,-5.612899745,0
-1.484389646,-5.712899745,0
-1.484543545,-5.812899745,0
-1.484598625,-5.912899745,0
-1.484657651,-6.012899745,0
-1.485124942,-6.02539977,0
-1.494099298,-6.112899745,0
-1.561374939,-6.212899745,0
-1.584449264,-6.312899745,0
-1.585124942,-6.362899845,0
-1.585987009,-6.412899745,0
-1.654527925,-6.512899745,0
-1.684587306,-6.612899745,0
-1.685124942,-6.614822825,0
-1.717403421,-6.712899745,0
-1.777293615,-6.812899745,0
-1.785124942,-6.849010861,0
-1.797902718,-6.912899745,0
-1.85340451,-7.012899745,0
-1.885124942,-7.102293687,0
-1.888624941,-7.112899745,0
-1.941666997,-7.212899745,0
-1.985124942,-7.294478694,0
-1.994335467,-7.312899745,0
-2.042324941,-7.412899745,0
-2.085124942,-7.480621265,0
-2.106553512,-7.512899745,0
-2.168599517,-7.612899745,0
-2.185124942,-7.635840922,0
-2.237524941,-7.712899745,0
-2.285124942,-7.787274746,0
-2.300894172,-7.812899745,0
-2.348458274,-7.912899745,0
-2.385124942,-7.965005009,0
-2.418580823,-8.012899745,0
-2.464169058,-8.112899745,0
-2.485124942,-8.141117567,0
-2.537283214,-8.212899745,0
-2.585124942,-8.276233079,0
-2.61062163,-8.312899745,0
-2.683915263,-8.412899745,0
-2.685124942,-8.414215535,0
-2.773015566,-8.512899745,0
-2.785124942,-8.525299745,0
-2.86935571,-8.612899745,0
-2.885124942,-8.628668976,0
-2.972724941,-8.712899745,0
-2.985124942,-8.724731806,0
-3.084693906,-8.812899745,0
-3.085124942,-8.813293446,0
-3.185124942,-8.88501513,0
-3.218586479,-8.912899745,0
-3.285124942,-8.959910615,0
-3.385124942,-8.992092292,0
-3.415035655,-9.012899745,0
-3.485124942,-9.053156155,0
-3.585124942,-9.076656359,0
-3.650990325,-9.112899745,0
-3.685124942,-9.134678886,0
-3.785124942,-9.169796297,0
-3.881278787,-9.212899745,0
-3.885124942,-9.215571501,0
-3.985124942,-9.260305405,0
-4.082931958,-9.312899745,0
-4.085124942,-9.314822822,0
-4.185124942,-9.368614031,0
-4.272203592,-9.412899745,0
-4.285124942,-9.421173127,0
-4.385124942,-9.458383616,0
-4.485124942,-9.476144778,0
-4.585124942,-9.484566412,0
-4.685124942,-9.484939219,0
-4.785124942,-9.484091798,0
-4.885124942,-9.482507588,0
-4.985124942,-9.479028777,0
-5.085124942,-9.471962245,0
-5.185124942,-9.464717927,0
-5.285124942,-9.453673555,0
-5.385124942,-9.440198596,0
-5.485124942,-9.419834052,0
-8.08169357,-6.012899745,-0.4
-7.785541609,-6.712899745,-0.4
-7.626412821,-7.012899745,-0.4
-7.483201865,-7.212899745,-0.4
-7.334187442,-7.512899745,-0.4
-7.26981882,-7.612899745,-0.4
-7.089260281,-8.012899745,-0.4
-6.821768778,-8.412899745,-0.4
-6.735865683,-8.512899745,-0.4
-6.485124942,-8.761034074,-0.4
-6.385124942,-8.844941999,-0.4
-6.185124942,-8.953604873,-0.4
-5.985124942,-9.028462659,-0.4
-5.785124942,-9.091471174,-0.4
-5.685124942,-9.136092516,-0.4
-5.385124942,-9.182236762,-0.4
-5.185124942,-9.223111013,-0.4
-4.985124942,-9.233707199,-0.4
-4.585124942,-9.237899745,-0.4
-4.385124942,-9.221173127,-0.4
-4.285124942,-9.191120604,-0.4
-4.085124942,-9.154091455,-0.4
-3.785124942,-9.022474213,-0.4
-3.685124942,-8.96390477,-0.4
-3.585124942,-8.927899745,-0.4
-3.385124942,-8.833212245,-0.4
-3.285124942,-8.762075569,-0.4
-2.985124942,-8.478640486,-0.4
-2.832731324,-8.312899745,-0.4
-2.760568728,-8.212899745,-0.4
-2.533473998,-7.812899745,-0.4
-2.435124941,-7.612899745,-0.4
-2.250509556,-7.312899745,-0.4
-2.144323054,-7.012899745,-0.4
-2.097193906,-6.812899745,-0.4
-2.054418419,-6.712899745,-0.4
-2.015831463,-6.512899745,-0.4
-1.945469769,-6.212899745,-0.4
-1.933134891,-6.012899745,-0.4
-1.935643076,-5.712899745,-0.4
-1.894699409,-5.312899745,-0.4
-1.903874941,-5.012899745,-0.4
-1.877404353,-4.812899745,-0.4
-1.913106592,-4.312899745,-0.4
-1.946791607,-4.012899745,-0.4
-1.979355709,-3.812899745,-0.4
-1.984690158,-3.512899745,-0.4
-2.084181543,-3.312899745,-0.4
-2.085124942,-3.110518787,-0.4
-2.182743984,-3.012899745,-0.4
-2.185124942,-2.911114027,-0.4
-2.376791592,-2.712899745,-0.4
-2.384563143,-2.612899745,-0.4
-2.583842888,-2.412899745,-0.4
-2.672624917,-2.312899745,-0.4
-2.68447559,-2.212899745,-0.4
-2.881791602,-2.012899745,-0.4
-2.884515184,-1.912899745,-0.4
-3.080124932,-1.712899745,-0.4
-3.084536705,-1.612899745,-0.4
-3.268585284,-1.428830639,-0.4
-3.293309708,-1.417567939,-0.4
-3.612071731,-1.369087998,-0.4
-3.76469534,-1.310775926,-0.4
-3.91748526,-1.212591271,-0.4
-4.11299043,-1.134389203,-0.4
-4.281615343,-1.032806628,-0.4
-4.420901752,-0.973112453,-0.4
-4.597591003,-0.95479694,-0.4
-4.943438335,-0.868335107,-0.4
-5.103645383,-0.863835773,-0.4
-5.213847252,-0.837510939,-0.4
-5.43708717,-0.763097633,-0.4
-5.621056876,-0.714916951,-0.4
-5.725744946,-0.714248338,-0.4
-5.966686775,-0.664191757,-0.4
-6.754405144,-0.664191757,-0.4
-6.981363076,-0.719791837,-0.4
-7.278905556,-0.867761524,-0.4
-7.389911242,-0.906281241,-0.4
-7.493839514,-1.114223153,-0.4
-7.638025892,-1.331457226,-0.4
-7.676680807,-1.373480263,-0.4
-7.704299622,-1.476555083,-0.4
-7.795099825,-1.64424199,-0.4
-7.924804211,-1.812194558,-0.4
-7.941910018,-1.924764905,-0.4
-7.976516502,-2.02706375,-0.4
-7.890680508,-2.112899745,-0.4
-7.886737848,-2.212899745,-0.4
-7.888971103,-2.712899745,-0.4
-7.901791642,-2.812899745,-0.4
-7.985124942,-2.896233045,-0.4
-7.985882519,-3.412899745,-0.4
-7.993079489,-3.512899745,-0.4
-8.052833277,-3.612899745,-0.4
-8.085531446,-3.712899745,-0.4
-8.085757854,-4.212899745,-0.4
-8.107538736,-4.412899745,-0.4
-8.129970303,-4.712899745,-0.4
-8.149143634,-5.212899745,-0.4
-8.15040272,-5.612899745,-0.4
-8.14314381,-5.712899745,-0.4
-8.08169357,-6.012899745,-0.4
-2.98461989,-2.912899745,-0.8
-3.585124942,-2.312356265,-0.8
-3.685124942,-2.309566405,-0.8
-3.884083273,-2.112899745,-0.8
-3.985124942,-2.11168023,-0.8
-4.083905427,-2.012899745,-0.8
-4.285124942,-2.01039974,-0.8
-4.382624937,-1.912899745,-0.8
-4.485124942,-1.911899743,-0.8
-4.585124942,-1.812468709,-0.8
-4.885124942,-1.807899735,-0.8
-4.980124932,-1.712899745,-0.8
-5.185124942,-1.710518787,-0.8
-5.282743984,-1.612899745,-0.8
-5.50082988,-1.612293786,-0.8
-5.664355026,-1.521810701,-0.8
-5.773796803,-1.492485865,-0.8
-5.886668119,-1.482610905,-0.8
-6.248349437,-1.482610905,-0.8
-6.416581816,-1.504759118,-0.8
-6.523051307,-1.543510843,-0.8
-6.635596501,-1.61226389,-0.8
-6.685124942,-1.612318348,-0.8
-6.687669291,-1.65595815,-0.8
-6.860841335,-1.831891722,-0.8
-7.017940988,-2.065954703,-0.8
-7.065824679,-2.16864161,-0.8
-7.146818275,-2.484758427,-0.8
-7.156693235,-2.700967262,-0.8
-7.156693235,-2.957168101,-0.8
-7.198487034,-3.104783543,-0.8
-7.208361995,-3.395980001,-0.8
-7.250155794,-3.569802381,-0.8
-7.260030755,-3.887205775,-0.8
-7.301824554,-4.034821218,-0.8
-7.311638978,-4.26019116,-0.8
-7.353493314,-4.396502536,-0.8
-7.363368274,-4.518378235,-0.8
-7.405162073,-4.654846334,-0.8
-7.414976498,-4.880216276,-0.8
-7.456830833,-5.016527652,-0.8
-7.466245323,-5.137702412,-0.8
-7.514112301,-5.313427487,-0.8
-7.5171645,-5.588644687,-0.8
-7.560168352,-5.739890288,-0.8
-7.570043313,-5.852761604,-0.8
-7.570043313,-6.57612424,-0.8
-7.543066141,-6.761441687,-0.8
-7.418742087,-7.032170876,-0.8
-7.346414708,-7.228494395,-0.8
-7.296828147,-7.327667518,-0.8
-7.220830958,-7.573468728,-0.8
-7.088070909,-7.848519511,-0.8
-6.996349071,-7.980294429,-0.8
-6.914603469,-8.141174473,-0.8
-6.798581829,-8.288175503,-0.8
-6.740006677,-8.333024591,-0.8
-6.677460746,-8.447342955,-0.8
-6.539603286,-8.647336497,-0.8
-6.377233432,-8.803260964,-0.8
-6.280694475,-8.862570984,-0.8
-6.005643693,-8.995331033,-0.8
-5.741195636,-9.076324629,-0.8
-5.58373023,-9.084555686,-0.8
-5.431183077,-9.127993388,-0.8
-5.318311762,-9.137868349,-0.8
-4.749955405,-9.137868349,-0.8
-4.63708409,-9.127993388,-0.8
-4.527642312,-9.098668552,-0.8
-4.285124942,-9.001441412,-0.8
-4.085124942,-8.967044823,-0.8
-3.985124942,-8.937899745,-0.8
-3.885124942,-8.880005008,-0.8
-3.785124942,-8.860064693,-0.8
-3.685124942,-8.803325277,-0.8
-3.585124942,-8.766765724,-0.8
-3.385124942,-8.662359205,-0.8
-3.211635008,-8.512899745,-0.8
-2.985124942,-8.297488786,-0.8
-2.81969637,-8.112899745,-0.8
-2.748784735,-8.012899745,-0.8
-2.574913673,-7.712899745,-0.8
-2.313091043,-7.212899745,-0.8
-2.241317602,-7.012899745,-0.8
-2.196583274,-6.712899745,-0.8
-2.14421585,-6.512899745,-0.8
-2.124202611,-6.312899745,-0.8
-2.115069996,-6.012899745,-0.8
-2.13619446,-5.612899745,-0.8
-2.158317712,-5.312899745,-0.8
-2.208480204,-5.112899745,-0.8
-2.250124941,-4.812899745,-0.8
-2.334190361,-4.512899745,-0.8
-2.373850431,-4.412899745,-0.8
-2.385680496,-4.312899745,-0.8
-2.477791607,-4.112899745,-0.8
-2.485124942,-4.011709266,-0.8
-2.556676664,-3.912899745,-0.8
-2.584543545,-3.812899745,-0.8
-2.585124942,-3.711617691,-0.8
-2.683842888,-3.612899745,-0.8
-2.685124942,-3.511510853,-0.8
-2.78373605,-3.412899745,-0.8
-2.785124942,-3.311649742,-0.8
-2.883874939,-3.212899745,-0.8
-2.885124942,-3.111649742,-0.8
-2.983874939,-3.012899745,-0.8
-2.98461989,-2.912899745,-0.8
-6.785524503,-3.149513256,-1
-6.788249948,-3.412899745,-1
-6.885124942,-3.509774738,-1
-6.886595533,-3.712899745,-1
-6.957347166,-3.812899745,-1
-6.985124942,-3.909053583,-1
-6.985871212,-4.012899745,-1
-7.038330071,-4.112899745,-1
-7.085587905,-4.312899745,-1
-7.178659425,-4.612899745,-1
-7.235124942,-4.912899745,-1
-7.321318972,-5.312899745,-1
-7.335498077,-5.612899745,-1
-7.35930527,-5.812899745,-1
-7.359708276,-6.512899745,-1
-7.352772001,-6.612899745,-1
-7.308485598,-6.812899745,-1
-7.207786813,-7.112899745,-1
-7.160642184,-7.212899745,-1
-7.10546977,-7.412899745,-1
-7.019316119,-7.612899745,-1
-6.913971096,-7.812899745,-1
-6.713142184,-8.112899745,-1
-6.542911828,-8.312899745,-1
-6.385124942,-8.510182354,-1
-6.285124942,-8.602293685,-1
-6.085124942,-8.739654131,-1
-5.885124942,-8.837106095,-1
-5.585124942,-8.926940841,-1
-5.385124942,-8.971781324,-1
-4.885124942,-9.014062536,-1
-4.685124942,-9.006649745,-1
-4.485124942,-8.960225948,-1
-4.385124942,-8.949143131,-1
-4.185124942,-8.890172472,-1
-3.985124942,-8.855720258,-1
-3.885124942,-8.804626364,-1
-3.685124942,-8.735627018,-1
-3.485124942,-8.642229354,-1
-3.309950116,-8.512899745,-1
-2.985124942,-8.209490654,-1
-2.785124942,-7.980914451,-1
-2.568458274,-7.612899745,-1
-2.367383005,-7.212899745,-1
-2.296583274,-7.012899745,-1
-2.254797072,-6.812899745,-1
-2.204428738,-6.312899745,-1
-2.201791608,-6.012899745,-1
-2.253769009,-5.512899745,-1
-2.363016097,-5.112899745,-1
-2.400704651,-5.012899745,-1
-2.453874941,-4.812899745,-1
-2.584624941,-4.512899745,-1
-2.621007293,-4.412899745,-1
-2.684483915,-4.312899745,-1
-2.716185546,-4.212899745,-1
-2.784440009,-4.112899745,-1
-2.816520288,-4.012899745,-1
-2.962624937,-3.812899745,-1
-2.985124942,-3.711617691,-1
-3.083842888,-3.612899745,-1
-3.084644171,-3.512899745,-1
-3.283458272,-3.312899745,-1
-3.28461989,-3.212899745,-1
-3.360354205,-3.137098679,-1
-3.511119821,-3.089722197,-1
-3.695222619,-3.065646291,-1
-3.816511147,-3.016042568,-1
-4.030114592,-2.980441994,-1
-4.139826738,-2.952145463,-1
-4.315247736,-2.858971252,-1
-4.597092086,-2.782610905,-1
-4.811157961,-2.772735944,-1
-4.988582453,-2.730041617,-1
-5.224508039,-2.721067185,-1
-5.360976138,-2.679273385,-1
-5.974042133,-2.679273385,-1
-6.082199792,-2.768397253,-1
-6.180322605,-2.825048486,-1
-6.328530719,-2.873687204,-1
-6.491705794,-3.005539976,-1
-6.785524503,-3.149513256,-1
-5.285124942,-8.837899745,-1.2
-5.355660658,-8.812899745,-1.2
-5.385124942,-8.801441412,-1.2
-5.485124942,-8.778524745,-1.2
-5.585124942,-8.750669529,-1.2
-5.677230206,-8.712899745,-1.2
-5.685124942,-8.709356438,-1.2
-5.785124942,-8.66954037,-1.2
-5.885124942,-8.628316412,-1.2
-5.911936537,-8.612899745,-1.2
-5.985124942,-8.56740425,-1.2
-6.064730206,-8.512899745,-1.2
-6.085124942,-8.498277104,-1.2
-6.185124942,-8.422995899,-1.2
-6.196177574,-8.412899745,-1.2
-6.285124942,-8.333182764,-1.2
-6.305798019,-8.312899745,-1.2
-6.385124942,-8.234328317,-1.2
-6.405214228,-8.212899745,-1.2
-6.485124942,-8.124285884,-1.2
-6.495485303,-8.112899745,-1.2
-6.567208276,-8.012899745,-1.2
-6.585124942,-7.990503912,-1.2
-6.643328067,-7.912899745,-1.2
-6.685124942,-7.855984852,-1.2
-6.717014706,-7.812899745,-1.2
-6.770008663,-7.712899745,-1.2
-6.785124942,-7.690485953,-1.2
-6.835498077,-7.612899745,-1.2
-6.884734317,-7.512899745,-1.2
-6.885124942,-7.512130515,-1.2
-6.930547477,-7.412899745,-1.2
-6.959614738,-7.312899745,-1.2
-6.985124942,-7.248244574,-1.2
-6.999262873,-7.212899745,-1.2
-7.029139027,-7.112899745,-1.2
-7.052146219,-7.012899745,-1.2
-7.079485845,-6.912899745,-1.2
-7.085124942,-6.892066414,-1.2
-7.107390567,-6.812899745,-1.2
-7.124237846,-6.712899745,-1.2
-7.139257174,-6.612899745,-1.2
-7.147729984,-6.512899745,-1.2
-7.148874942,-6.412899745,-1.2
-7.148874942,-6.312899745,-1.2
-7.148874942,-6.212899745,-1.2
-7.148570321,-6.112899745,-1.2
-7.147413078,-6.012899745,-1.2
-7.148570321,-5.912899745,-1.2
-7.152198113,-5.812899745,-1.2
-7.149078431,-5.712899745,-1.2
-7.145199569,-5.612899745,-1.2
-7.143580825,-5.512899745,-1.2
-7.140234431,-5.412899745,-1.2
-7.131421239,-5.312899745,-1.2
-7.114384202,-5.212899745,-1.2
-7.094316119,-5.112899745,-1.2
-7.085124942,-5.082411937,-1.2
-7.063696371,-5.012899745,-1.2
-7.040124942,-4.912899745,-1.2
-7.015366878,-4.812899745,-1.2
-6.98554511,-4.712899745,-1.2
-6.985124942,-4.71154839,-1.2
-6.951943124,-4.612899745,-1.2
-6.905407961,-4.512899745,-1.2
-6.885124942,-4.430207433,-1.2
-6.880233638,-4.412899745,-1.2
-6.82307675,-4.312899745,-1.2
-6.785635147,-4.212899745,-1.2
-6.785124942,-4.211429153,-1.2
-6.727366323,-4.112899745,-1.2
-6.685699655,-4.012899745,-1.2
-6.685124942,-4.010627013,-1.2
-6.602432638,-3.912899745,-1.2
-6.585734699,-3.812899745,-1.2
-6.585124942,-3.810816407,-1.2
-6.487208279,-3.712899745,-1.2
-6.485839229,-3.612899745,-1.2
-6.485124942,-3.611114027,-1.2
-6.386910659,-3.512899745,-1.2
-6.385124942,-3.504566395,-1.2
-6.293458292,-3.412899745,-1.2
-6.285124942,-3.410899741,-1.2
-6.187124946,-3.312899745,-1.2
-6.185124942,-3.312214812,-1.2
-6.085124942,-3.309774738,-1.2
-5.988249948,-3.212899745,-1.2
-5.985124942,-3.212224067,-1.2
-5.885124942,-3.210518787,-1.2
-5.787505899,-3.112899745,-1.2
-5.785124942,-3.112449293,-1.2
-5.685124942,-3.112409547,-1.2
-5.585124942,-3.11237891,-1.2
-5.485124942,-3.112356265,-1.2
-5.385124942,-3.11237891,-1.2
-5.285124942,-3.112457266,-1.2
-5.235124842,-3.112899745,-1.2
-5.185124942,-3.162899645,-1.2
-5.085124942,-3.206649732,-1.2
-4.985124942,-3.210627013,-1.2
-4.885124942,-3.211736951,-1.2
-4.785124942,-3.211973817,-1.2
-4.685124942,-3.212130512,-1.2
-4.585124942,-3.212318348,-1.2
-4.485124942,-3.212483077,-1.2
-4.483874939,-3.212899745,-1.2
-4.385124942,-3.311649742,-1.2
-4.285124942,-3.312311508,-1.2
-4.280124932,-3.312899745,-1.2
-4.185124942,-3.407899735,-1.2
-4.085124942,-3.411812786,-1.2
-3.985124942,-3.412233077,-1.2
-3.885124942,-3.412423553,-1.2
-3.882743984,-3.412899745,-1.2
-3.785124942,-3.510518787,-1.2
-3.685124942,-3.512093291,-1.2
-3.680958267,-3.512899745,-1.2
-3.585124942,-3.60873307,-1.2
-3.578874929,-3.612899745,-1.2
-3.485124942,-3.706649732,-1.2
-3.48285221,-3.712899745,-1.2
-3.385124942,-3.810627013,-1.2
-3.383988576,-3.812899745,-1.2
-3.285124942,-3.911763379,-1.2
-3.284410654,-3.912899745,-1.2
-3.185124942,-4.012185457,-1.2
-3.184598625,-4.012899745,-1.2
-3.178306755,-4.112899745,-1.2
-3.085124942,-4.210518787,-1.2
-3.084181543,-4.212899745,-1.2
-2.985124942,-4.311956346,-1.2
-2.984569385,-4.312899745,-1.2
-2.920839226,-4.412899745,-1.2
-2.885124942,-4.477185456,-1.2
-2.868891174,-4.512899745,-1.2
-2.786889646,-4.612899745,-1.2
-2.785124942,-4.616091232,-1.2
-2.737729107,-4.712899745,-1.2
-2.685124942,-4.803078314,-1.2
-2.680032348,-4.812899745,-1.2
-2.633041607,-4.912899745,-1.2
-2.588783477,-5.012899745,-1.2
-2.585124942,-5.01982282,-1.2
-2.540639647,-5.112899745,-1.2
-2.507152913,-5.212899745,-1.2
-2.485124942,-5.253284359,-1.2
-2.454732784,-5.312899745,-1.2
-2.424433117,-5.412899745,-1.2
-2.385124942,-5.504811508,-1.2
-2.380989602,-5.512899745,-1.2
-2.348736052,-5.612899745,-1.2
-2.334077821,-5.712899745,-1.2
-2.321465147,-5.812899745,-1.2
-2.302332733,-5.912899745,-1.2
-2.285124942,-5.98084846,-1.2
-2.276196369,-6.012899745,-1.2
-2.270695411,-6.112899745,-1.2
-2.267917149,-6.212899745,-1.2
-2.267917149,-6.312899745,-1.2
-2.277516245,-6.412899745,-1.2
-2.285124942,-6.471233083,-1.2
-2.290680496,-6.512899745,-1.2
-2.303394172,-6.612899745,-1.2
-2.310124941,-6.712899745,-1.2
-2.318371014,-6.812899745,-1.2
-2.32949431,-6.912899745,-1.2
-2.341261305,-7.012899745,-1.2
-2.373055975,-7.112899745,-1.2
-2.385124942,-7.134774746,-1.2
-2.418019678,-7.212899745,-1.2
-2.459252848,-7.312899745,-1.2
-2.485124942,-7.360240171,-1.2
-2.513091043,-7.412899745,-1.2
-2.559686344,-7.512899745,-1.2
-2.585124942,-7.554328317,-1.2
-2.617837707,-7.612899745,-1.2
-2.671859635,-7.712899745,-1.2
-2.685124942,-7.728753404,-1.2
-2.734177074,-7.812899745,-1.2
-2.785124942,-7.894339139,-1.2
-2.801243362,-7.912899745,-1.2
-2.878190634,-8.012899745,-1.2
-2.885124942,-8.019936782,-1.2
-2.972277719,-8.112899745,-1.2
-2.985124942,-8.126603449,-1.2
-3.072718926,-8.212899745,-1.2
-3.085124942,-8.224770249,-1.2
-3.17935571,-8.312899745,-1.2
-3.185124942,-8.318455301,-1.2
-3.285124942,-8.40734419,-1.2
-3.290721956,-8.412899745,-1.2
-3.385124942,-8.487751816,-1.2
-3.415922042,-8.512899745,-1.2
-3.485124942,-8.562899745,-1.2
-3.585124942,-8.610976668,-1.2
-3.587756519,-8.612899745,-1.2
-3.685124942,-8.659616917,-1.2
-3.785124942,-8.683341734,-1.2
-3.842651822,-8.712899745,-1.2
-3.885124942,-8.73655244,-1.2
-3.985124942,-8.767697725,-1.2
-4.085124942,-8.784528959,-1.2
-4.185124942,-8.80529105,-1.2
-4.20612494,-8.812899745,-1.2
-4.285124942,-8.83655244,-1.2
-4.385124942,-8.852636587,-1.2
-4.485124942,-8.858910383,-1.2
-4.585124942,-8.868364226,-1.2
-4.685124942,-8.878349183,-1.2
-4.785124942,-8.882281768,-1.2
-4.885124942,-8.881185459,-1.2
-4.985124942,-8.873304369,-1.2
-5.085124942,-8.863197364,-1.2
-5.185124942,-8.852596715,-1.2
-5.285124942,-8.837899745,-1.2
-5.085124942,-8.733707199,-1.4
-5.159569388,-8.712899745,-1.4
-5.185124942,-8.704626364,-1.4
-5.285124942,-8.674566412,-1.4
-5.385124942,-8.64499434,-1.4
-5.45709464,-8.612899745,-1.4
-5.485124942,-8.599590393,-1.4
-5.585124942,-8.564019148,-1.4
-5.685124942,-8.513312968,-1.4
-5.685931395,-8.512899745,-1.4
-5.785124942,-8.462899745,-1.4
-5.863971097,-8.412899745,-1.4
-5.885124942,-8.398167603,-1.4
-5.985124942,-8.329566412,-1.4
-6.007685918,-8.312899745,-1.4
-6.085124942,-8.259983079,-1.4
-6.147212855,-8.212899745,-1.4
-6.185124942,-8.181818664,-1.4
-6.257294754,-8.112899745,-1.4
-6.285124942,-8.083691825,-1.4
-6.345208976,-8.012899745,-1.4
-6.385124942,-7.969717927,-1.4
-6.433953067,-7.912899745,-1.4
-6.485124942,-7.851107293,-1.4
-6.517267799,-7.812899745,-1.4
-6.572315025,-7.712899745,-1.4
-6.585124942,-7.69605192,-1.4
-6.642643739,-7.612899745,-1.4
-6.685124942,-7.551486702,-1.4
-6.710482085,-7.512899745,-1.4
-6.749513431,-7.412899745,-1.4
-6.785124942,-7.346007854,-1.4
-6.801791609,-7.312899745,-1.4
-6.827933161,-7.212899745,-1.4
-6.853275627,-7.112899745,-1.4
-6.87227772,-7.012899745,-1.4
-6.885124942,-6.967777796,-1.4
-6.901196371,-6.912899745,-1.4
-6.914072311,-6.812899745,-1.4
-6.923015567,-6.712899745,-1.4
-6.929076555,-6.612899745,-1.4
-6.935124942,-6.512899745,-1.4
-6.937208276,-6.412899745,-1.4
-6.937208276,-6.312899745,-1.4
-6.937208276,-6.212899745,-1.4
-6.935965278,-6.112899745,-1.4
-6.933853756,-6.012899745,-1.4
-6.935124942,-5.912899745,-1.4
-6.945694048,-5.812899745,-1.4
-6.951140567,-5.712899745,-1.4
-6.955865683,-5.612899745,-1.4
-6.956816119,-5.512899745,-1.4
-6.954103044,-5.412899745,-1.4
-6.943580825,-5.312899745,-1.4
-6.927717535,-5.212899745,-1.4
-6.904901062,-5.112899745,-1.4
-6.885124942,-5.057691409,-1.4
-6.868712729,-5.012899745,-1.4
-6.83906195,-4.912899745,-1.4
-6.80264631,-4.812899745,-1.4
-6.785124942,-4.769282721,-1.4
-6.761464228,-4.712899745,-1.4
-6.706553514,-4.612899745,-1.4
-6.685124942,-4.560574161,-1.4
-6.661007296,-4.512899745,-1.4
-6.585734699,-4.412899745,-1.4
-6.585124942,-4.411736951,-1.4
-6.507852216,-4.312899745,-1.4
-6.485124942,-4.256081558,-1.4
-6.457183768,-4.212899745,-1.4
-6.385706338,-4.112899745,-1.4
-6.385124942,-4.112142167,-1.4
-6.285882519,-4.012899745,-1.4
-6.285124942,-4.01191935,-1.4
-6.186105336,-3.912899745,-1.4
-6.185124942,-3.911788631,-1.4
-6.086236055,-3.812899745,-1.4
-6.085124942,-3.81202255,-1.4
-5.986002136,-3.712899745,-1.4
-5.985124942,-3.712389539,-1.4
-5.885124942,-3.711763379,-1.4
-5.786261307,-3.612899745,-1.4
-5.785124942,-3.612441028,-1.4
-5.685124942,-3.612130512,-1.4
-5.585124942,-3.611583952,-1.4
-5.485124942,-3.611047889,-1.4
-5.385124942,-3.611114027,-1.4
-5.285124942,-3.611788631,-1.4
-5.185124942,-3.612205299,-1.4
-5.085124942,-3.612350293,-1.4
-4.985124942,-3.612389539,-1.4
-4.885124942,-3.612394693,-1.4
-4.785124942,-3.612418974,-1.4
-4.685124942,-3.612453315,-1.4
-4.68127878,-3.612899745,-1.4
-4.585124942,-3.709053583,-1.4
-4.485124942,-3.71202255,-1.4
-4.385124942,-3.712432454,-1.4
-4.38365435,-3.712899745,-1.4
-4.285124942,-3.811429153,-1.4
-4.185124942,-3.812241848,-1.4
-4.085124942,-3.812409547,-1.4
-4.080958267,-3.812899745,-1.4
-3.985124942,-3.90873307,-1.4
-3.885124942,-3.912118493,-1.4
-3.882624937,-3.912899745,-1.4
-3.785124942,-4.01039974,-1.4
-3.685124942,-4.012356265,-1.4
-3.684430496,-4.012899745,-1.4
-3.585124942,-4.112205299,-1.4
-3.584331289,-4.112899745,-1.4
-3.485124942,-4.212106092,-1.4
-3.484378671,-4.212899745,-1.4
-3.385124942,-4.312153474,-1.4
-3.384430496,-4.312899745,-1.4
-3.285124942,-4.412205299,-1.4
-3.284440009,-4.412899745,-1.4
-3.185124942,-4.512214812,-1.4
-3.18449994,-4.512899745,-1.4
-3.085124942,-4.612274743,-1.4
-3.084604107,-4.612899745,-1.4
-3.010467406,-4.712899745,-1.4
-2.985124942,-4.744796295,-1.4
-2.939194708,-4.812899745,-1.4
-2.885124942,-4.883354288,-1.4
-2.866007293,-4.912899745,-1.4
-2.798964226,-5.012899745,-1.4
-2.785124942,-5.032519996,-1.4
-2.735124941,-5.112899745,-1.4
-2.685124942,-5.202336363,-1.4
-2.679265566,-5.212899745,-1.4
-2.627211272,-5.312899745,-1.4
-2.585124942,-5.386024743,-1.4
-2.570597914,-5.412899745,-1.4
-2.527213548,-5.512899745,-1.4
-2.485124942,-5.582899743,-1.4
-2.46685571,-5.612899745,-1.4
-2.435124941,-5.712899745,-1.4
-2.419072309,-5.812899745,-1.4
-2.385124942,-5.9091684,-1.4
-2.383201864,-5.912899745,-1.4
-2.34951888,-6.012899745,-1.4
-2.343417624,-6.112899745,-1.4
-2.339955859,-6.212899745,-1.4
-2.338952692,-6.312899745,-1.4
-2.341760012,-6.412899745,-1.4
-2.345839227,-6.512899745,-1.4
-2.35084659,-6.612899745,-1.4
-2.354797072,-6.712899745,-1.4
-2.360124941,-6.812899745,-1.4
-2.37428578,-6.912899745,-1.4
-2.385124942,-6.972515133,-1.4
-2.392733636,-7.012899745,-1.4
-2.423826864,-7.112899745,-1.4
-2.456754154,-7.212899745,-1.4
-2.485124942,-7.276823796,-1.4
-2.503394172,-7.312899745,-1.4
-2.55404386,-7.412899745,-1.4
-2.585124942,-7.4789917,-1.4
-2.60391475,-7.512899745,-1.4
-2.663828645,-7.612899745,-1.4
-2.685124942,-7.64484419,-1.4
-2.722246153,-7.712899745,-1.4
-2.780989602,-7.812899745,-1.4
-2.785124942,-7.81719662,-1.4
-2.860278315,-7.912899745,-1.4
-2.885124942,-7.941828317,-1.4
-2.936947858,-8.012899745,-1.4
-2.985124942,-8.065756888,-1.4
-3.030958274,-8.112899745,-1.4
-3.085124942,-8.1653191,-1.4
-3.136578429,-8.212899745,-1.4
-3.185124942,-8.25803488,-1.4
-3.260310126,-8.312899745,-1.4
-3.285124942,-8.335085176,-1.4
-3.379883005,-8.412899745,-1.4
-3.385124942,-8.417750492,-1.4
-3.485124942,-8.479475832,-1.4
-3.538603202,-8.512899745,-1.4
-3.585124942,-8.542457756,-1.4
-3.685124942,-8.573869133,-1.4
-3.776196369,-8.612899745,-1.4
-3.785124942,-8.618455301,-1.4
-3.885124942,-8.659149745,-1.4
-3.985124942,-8.680005008,-1.4
-4.085124942,-8.706649745,-1.4
-4.106374939,-8.712899745,-1.4
-4.185124942,-8.732711066,-1.4
-4.285124942,-8.750079232,-1.4
-4.385124942,-8.755569902,-1.4
-4.485124942,-8.75813784,-1.4
-4.585124942,-8.761018025,-1.4
-4.685124942,-8.763723921,-1.4
-4.785124942,-8.76484419,-1.4
-4.885124942,-8.760639858,-1.4
-4.985124942,-8.750182982,-1.4
-5.085124942,-8.733707199,-1.4
-7.257361339,-3.741521931,-0.6
-7.120175319,-4.446313557,-0.6
-7.150696855,-4.556651082,-0.6
-7.15267448,-4.687026651,-0.6
-7.203106658,-4.868252812,-0.6
-7.20711201,-5.069738868,-0.6
-7.233436844,-5.179940737,-0.6
-7.356078655,-5.534706267,-0.6
-7.357560713,-5.754406557,-0.6
-7.37723548,-5.865987704,-0.6
-7.415987205,-5.972457195,-0.6
-7.486857858,-6.087526053,-0.6
-7.570993484,-6.334138513,-0.6
-7.665663821,-6.511956948,-0.6
-7.591817856,-6.712899745,-0.6
-7.504468008,-6.912899745,-0.6
-7.383201865,-7.112899745,-0.6
-7.196583276,-7.512899745,-0.6
-7.138118954,-7.612899745,-0.6
-6.99907052,-7.912899745,-0.6
-6.858934466,-8.112899745,-0.6
-6.729530537,-8.312899745,-0.6
-6.639975689,-8.412899745,-0.6
-6.385124942,-8.661780342,-0.6
-6.285124942,-8.743108079,-0.6
-6.085124942,-8.849925062,-0.6
-5.885124942,-8.931689554,-0.6
-5.585124942,-9.037455958,-0.6
-5.285124942,-9.083733078,-0.6
-5.085124942,-9.131168976,-0.6
-4.885124942,-9.143980826,-0.6
-4.585124942,-9.147014328,-0.6
-4.385124942,-9.127899745,-0.6
-4.285124942,-9.094109936,-0.6
-4.085124942,-9.062118495,-0.6
-3.885124942,-8.972848725,-0.6
-3.785124942,-8.942788013,-0.6
-3.685124942,-8.878785162,-0.6
-3.585124942,-8.852110271,-0.6
-3.485124942,-8.784933643,-0.6
-3.385124942,-8.751944689,-0.6
-3.223804186,-8.612899745,-0.6
-2.985124942,-8.386125552,-0.6
-2.827474668,-8.212899745,-0.6
-2.755958274,-8.112899745,-0.6
-2.58171585,-7.812899745,-0.6
-2.385124942,-7.439940562,-0.6
-2.255958274,-7.212899745,-0.6
-2.16531362,-6.912899745,-0.6
-2.109232084,-6.612899745,-0.6
-2.055958274,-6.412899745,-0.6
-2.029926921,-6.212899745,-0.6
-2.024481377,-6.012899745,-0.6
-2.033052402,-5.712899745,-0.6
-2.030065417,-5.312899745,-0.6
-2.055654742,-5.012899745,-0.6
-2.059569385,-4.812899745,-0.6
-2.125579486,-4.412899745,-0.6
-2.175229107,-4.212899745,-0.6
-2.20199994,-4.012899745,-0.6
-2.284389646,-3.812899745,-0.6
-2.284629891,-3.612899745,-0.6
-2.347624939,-3.512899745,-0.6
-2.384467045,-3.412899745,-0.6
-2.391374937,-3.312899745,-0.6
-2.482714086,-3.201604498,-0.6
-2.484598625,-3.112899745,-0.6
-2.576838778,-2.906980827,-0.6
-2.636976102,-2.73764858,-0.6
-2.715243355,-2.631557005,-0.6
-2.791982381,-2.479304781,-0.6
-2.856970005,-2.386492835,-0.6
-2.937086947,-2.306375893,-0.6
-3.069460599,-2.222940342,-0.6
-3.505443304,-1.789688296,-0.6
-3.59825525,-1.724700672,-0.6
-3.700942157,-1.676816981,-0.6
-3.806177715,-1.648619198,-0.6
-3.958565938,-1.543510843,-0.6
-4.065035429,-1.504759118,-0.6
-4.192381635,-1.485084351,-0.6
-4.357444908,-1.407828595,-0.6
-4.424955405,-1.363019354,-0.6
-4.581723026,-1.298084079,-0.6
-4.69863922,-1.278409312,-0.6
-4.833786172,-1.236814313,-0.6
-4.992661149,-1.160129383,-0.6
-5.102102927,-1.130804547,-0.6
-5.206221193,-1.12169538,-0.6
-5.416666808,-1.071734273,-0.6
-5.642567245,-1.069260827,-0.6
-5.773796803,-1.027467028,-0.6
-5.840748215,-1.022052991,-0.6
-6.009329359,-0.931208114,-0.6
-6.269707029,-0.837894201,-0.6
-6.380709196,-0.815179281,-0.6
-6.816705794,-0.810917029,-0.6
-6.929577109,-0.820791989,-0.6
-7.091407664,-0.871816967,-0.6
-7.23451774,-0.962988141,-0.6
-7.417972201,-1.146442602,-0.6
-7.482959825,-1.239254548,-0.6
-7.530843516,-1.341941455,-0.6
-7.567569867,-1.507603315,-0.6
-7.570043313,-2.029273385,-0.6
-7.560168352,-2.142144701,-0.6
-7.461532898,-2.45534402,-0.6
-7.415037034,-2.645529504,-0.6
-7.395629659,-2.858615418,-0.6
-7.304480372,-3.223212565,-0.6
-7.257361339,-3.741521931,-0.6
-6.185124942,-9.148829393, 4.199999999999999
-5.685124942,-9.171357456, 4.199999999999999
-5.485124942,-9.175462559, 4.199999999999999
-4.985124942,-9.175462559, 4.199999999999999
-4.485124942,-9.155244243, 4.199999999999999
-4.185124942,-9.149780933, 4.199999999999999
-3.885124942,-9.124358079, 4.199999999999999
-3.485124942,-9.034196041, 4.199999999999999
-3.385124942,-8.982193223, 4.199999999999999
-3.285124942,-8.956456446, 4.199999999999999
-3.085124942,-8.863992641, 4.199999999999999
-2.885124942,-8.733648045, 4.199999999999999
-2.685124942,-8.581533285, 4.199999999999999
-2.385124942,-8.391518166, 4.199999999999999
-2.285124942,-8.340784361, 4.199999999999999
-1.985124942,-8.141899745, 4.199999999999999
-1.785124942,-7.972102199, 4.199999999999999
-1.685124942,-7.876940841, 4.199999999999999
-1.556327473,-7.712899745, 4.199999999999999
-1.42506747,-7.512899745, 4.199999999999999
-1.348055975,-7.412899745, 4.199999999999999
-1.298390247,-7.312899745, 4.199999999999999
-1.159210307,-7.112899745, 4.199999999999999
-1.10767396,-7.012899745, 4.199999999999999
-0.951177573,-6.812899745, 4.199999999999999
-0.926745053,-6.712899745, 4.199999999999999
-0.846561111,-6.612899745, 4.199999999999999
-0.657982084,-6.212899745, 4.199999999999999
-0.566335132,-5.912899745, 4.199999999999999
-0.550175961,-5.812899745, 4.199999999999999
-0.529759087,-5.512899745, 4.199999999999999
-0.454418419,-5.312899745, 4.199999999999999
-0.436617478,-5.212899745, 4.199999999999999
-0.369562027,-5.012899745, 4.199999999999999
-0.328337611,-4.812899745, 4.199999999999999
-0.300687855,-4.612899745, 4.199999999999999
-0.287048018,-4.412899745, 4.199999999999999
-0.284734316,-3.912899745, 4.199999999999999
-0.296583274,-3.312899745, 4.199999999999999
-0.336029918,-2.812899745, 4.199999999999999
-0.369562027,-2.612899745, 4.199999999999999
-0.431484164,-2.412899745, 4.199999999999999
-0.460568728,-2.212899745, 4.199999999999999
-0.513091043,-2.112899745, 4.199999999999999
-0.573666607,-1.912899745, 4.199999999999999
-0.625480271,-1.812899745, 4.199999999999999
-0.66685571,-1.612899745, 4.199999999999999
-0.744170167,-1.412899745, 4.199999999999999
-0.833134891,-1.212899745, 4.199999999999999
-0.862397668,-1.112899745, 4.199999999999999
-1.009232084,-0.812899745, 4.199999999999999
-1.252230204,-0.212899745, 4.199999999999999
-1.313895891,-0.112899745, 4.199999999999999
-1.350175961,-0.012899745, 4.199999999999999
-1.485124942, 0.1928897302344943, 4.199999999999999
-1.532230204, 0.28710025549765383, 4.199999999999999
-1.704428738, 0.4871002554976531, 4.199999999999999
-1.748874941, 0.5871002554976528, 4.199999999999999
-1.900687855, 0.7871002554976538, 4.199999999999999
-1.951187117, 0.8871002554976535, 4.199999999999999
-2.185124942, 1.1703239403660728, 4.199999999999999
-2.497193906, 1.4871002554976531, 4.199999999999999
-2.785124942, 1.7454801443244676, 4.199999999999999
-2.985124942, 1.8815447006828379, 4.199999999999999
-3.185124942, 2.029193279218582, 4.199999999999999
-3.285124942, 2.0693583206589423, 4.199999999999999
-3.385124942, 2.129667823515671, 4.199999999999999
-3.485124942, 2.157542245000416, 4.199999999999999
-3.585124942, 2.219639938566438, 4.199999999999999
-3.685124942, 2.254560573487071, 4.199999999999999
-3.785124942, 2.318551868938515, 4.199999999999999
-3.985124942, 2.370981835102917, 4.199999999999999
-4.085124942, 2.4181813371192753, 4.199999999999999
-4.185124942, 2.434195691597237, 4.199999999999999
-4.485124942, 2.441587435412181, 4.199999999999999
-4.885124942, 2.4583293063356404, 4.199999999999999
-5.385124942, 2.4575422450004165, 4.199999999999999
-5.585124942, 2.4499081377636625, 4.199999999999999
-5.785124942, 2.4223794438225283, 4.199999999999999
-5.985124942, 2.3531624321815894, 4.199999999999999
-6.285124942, 2.2947089518744654, 4.199999999999999
-6.385124942, 2.2498606726851555, 4.199999999999999
-6.485124942, 2.232718812714147, 4.199999999999999
-6.785124942, 2.106381301902882, 4.199999999999999
-6.819559242, 2.0825335148948105, 4.199999999999999
-7.120801458, 2.080921336129626, 4.199999999999999
-7.232697748, 2.0631261399892766, 4.199999999999999
-7.439372787, 2.0114573802820446, 4.199999999999999
-7.553129971, 1.9708097609042914, 4.199999999999999
-7.710712763, 1.9399961989911867, 4.199999999999999
-7.916737189, 1.8404437482329987, 4.199999999999999
-8.091825168, 1.6966780720526133, 4.199999999999999
-8.185640022, 1.6445886107563021, 4.199999999999999
-8.277425964, 1.562746035969798, 4.199999999999999
-8.392315061, 1.489582331634601, 4.199999999999999
-8.477088297, 1.4144095500985419, 4.199999999999999
-8.546466044, 1.326986217044658, 4.199999999999999
-8.632094576, 1.2594032709768477, 4.199999999999999
-8.7025263, 1.1706518148775027, 4.199999999999999
-8.761993722, 1.054466624066064, 4.199999999999999
-8.87991828, 0.9932598350358525, 4.199999999999999
-8.968669736, 0.9228281110406968, 4.199999999999999
-9.076008842, 0.7871763749793385, 4.199999999999999
-9.175344775, 0.7161530722117593, 4.199999999999999
-9.250517557, 0.6313798357463758, 4.199999999999999
-9.314324032, 0.5258479679241546, 4.199999999999999
-9.46757377, 0.3586329267204775, 4.199999999999999
-9.568949067, 0.1711918298296823, 4.199999999999999
-9.679231282,0.002166315, 4.199999999999999
-9.717983008,-0.104303176, 4.199999999999999
-9.740131221,-0.294952513, 4.199999999999999
-9.805437442,-0.412899745, 4.199999999999999
-9.900687856,-0.712899745, 4.199999999999999
-9.924698402,-0.912899745, 4.199999999999999
-9.919740327,-1.212899745, 4.199999999999999
-9.893398324,-1.412899745, 4.199999999999999
-9.834083275,-1.712899745, 4.199999999999999
-9.751187118,-1.912899745, 4.199999999999999
-9.701243363,-2.112899745, 4.199999999999999
-9.606421238,-2.312899745, 4.199999999999999
-9.478874942,-2.512899745, 4.199999999999999
-9.420731003,-2.712899745, 4.199999999999999
-9.365313621,-2.812899745, 4.199999999999999
-9.34281725,-2.912899745, 4.199999999999999
-9.319740327,-3.312899745, 4.199999999999999
-9.319740327,-3.812899745, 4.199999999999999
-9.33492169,-4.112899745, 4.199999999999999
-9.350846592,-4.212899745, 4.199999999999999
-9.406421238,-4.312899745, 4.199999999999999
-9.441292343,-4.512899745, 4.199999999999999
-9.513091044,-4.712899745, 4.199999999999999
-9.530869623,-5.012899745, 4.199999999999999
-9.530168045,-5.612899745, 4.199999999999999
-9.519062766,-5.812899745, 4.199999999999999
-9.503394173,-5.912899745, 4.199999999999999
-9.457982085,-6.012899745, 4.199999999999999
-9.426905764,-6.312899745, 4.199999999999999
-9.404936263,-6.412899745, 4.199999999999999
-9.349195294,-6.512899745, 4.199999999999999
-9.326905764,-6.612899745, 4.199999999999999
-9.271859636,-6.712899745, 4.199999999999999
-9.203914751,-6.912899745, 4.199999999999999
-9.151531192,-7.012899745, 4.199999999999999
-9.127432634,-7.112899745, 4.199999999999999
-9.067383007,-7.212899745, 4.199999999999999
-9.04090272,-7.312899745, 4.199999999999999
-8.994053514,-7.412899745, 4.199999999999999
-8.85258526,-7.612899745, 4.199999999999999
-8.80442874,-7.712899745, 4.199999999999999
-8.649563445,-7.912899745, 4.199999999999999
-8.455908075,-8.112899745, 4.199999999999999
-8.385124942,-8.17474185, 4.199999999999999
-8.085124942,-8.387461149, 4.199999999999999
-7.685124942,-8.618455301, 4.199999999999999
-7.385124942,-8.749149745, 4.199999999999999
-7.285124942,-8.777620557, 4.199999999999999
-6.982919061,-8.912899745, 4.199999999999999
-6.685124942,-9.020508441, 4.199999999999999
-6.385124942,-9.088792602, 4.199999999999999
-6.185124942,-9.148829393, 4.199999999999999
-5.364063628,-9.807950046, 3.599999999999998
-5.622892064,-9.753421814, 3.599999999999998
-5.741195636,-9.748018505, 3.599999999999998
-5.850637413,-9.718693669, 3.599999999999998
-6.028845891,-9.647756262, 3.599999999999998
-6.143884926,-9.62120009, 3.599999999999998
-6.376991478,-9.543497906, 3.599999999999998
-6.604598499,-9.495078015, 3.599999999999998
-6.72290207,-9.489674706, 3.599999999999998
-6.832343848,-9.46034987, 3.599999999999998
-7.057114768,-9.352729753, 3.599999999999998
-7.245693926,-9.305343591, 3.599999999999998
-7.396205516,-9.226992217, 3.599999999999998
-7.502861934,-9.134301102, 3.599999999999998
-7.76310154,-9.025299651, 3.599999999999998
-8.020074709,-8.895778582, 3.599999999999998
-8.112886655,-8.830790958, 3.599999999999998
-8.193003597,-8.750674016, 3.599999999999998
-8.257991221,-8.65786207, 3.599999999999998
-8.312880418,-8.529030259, 3.599999999999998
-8.399678635,-8.440661458, 3.599999999999998
-8.46466626,-8.347849512, 3.599999999999998
-8.512549951,-8.245162605, 3.599999999999998
-8.542099021,-8.133157824, 3.599999999999998
-8.698390248,-7.912899745, 3.599999999999998
-8.741760013,-7.812899745, 3.599999999999998
-8.813895892,-7.712899745, 3.599999999999998
-8.859686346,-7.612899745, 3.599999999999998
-9.02040413,-7.412899745, 3.599999999999998
-9.056353992,-7.312899745, 3.599999999999998
-9.121374942,-7.212899745, 3.599999999999998
-9.151187118,-7.112899745, 3.599999999999998
-9.201243363,-7.012899745, 3.599999999999998
-9.250175962,-6.812899745, 3.599999999999998
-9.326638703,-6.612899745, 3.599999999999998
-9.340655915,-6.512899745, 3.599999999999998
-9.413495729,-6.312899745, 3.599999999999998
-9.428205299,-6.012899745, 3.599999999999998
-9.487048019,-5.612899745, 3.599999999999998
-9.488534033,-5.112899745, 3.599999999999998
-9.462397669,-4.812899745, 3.599999999999998
-9.410997035,-4.512899745, 3.599999999999998
-9.341402969,-4.312899745, 3.599999999999998
-9.29469941,-4.012899745, 3.599999999999998
-9.237048019,-3.812899745, 3.599999999999998
-9.232814018,-3.412899745, 3.599999999999998
-9.256754156,-3.212899745, 3.599999999999998
-9.321374942,-3.012899745, 3.599999999999998
-9.360568729,-2.812899745, 3.599999999999998
-9.431587206,-2.712899745, 3.599999999999998
-9.532029704,-2.512899745, 3.599999999999998
-9.570124942,-2.412899745, 3.599999999999998
-9.630516647,-2.312899745, 3.599999999999998
-9.654043861,-2.212899745, 3.599999999999998
-9.718718692,-2.112899745, 3.599999999999998
-9.764812442,-1.912899745, 3.599999999999998
-9.921322859,-1.612899745, 3.599999999999998
-10.01694312,-1.412899745, 3.599999999999998
-10.05441842,-1.212899745, 3.599999999999998
-10.07491367,-0.912899745, 3.599999999999998
-10.03906013,-0.612899745, 3.599999999999998
-10.01583146,-0.512899745, 3.599999999999998
-9.885124942,-0.223114797, 3.599999999999998
-9.785124942,-0.09733683, 3.599999999999998
-9.585124942, 0.018551868938512683, 3.599999999999998
-9.385124942, 0.15639373430200187, 3.599999999999998
-9.285124942, 0.24403667226065906, 3.599999999999998
-9.085124942, 0.4713284440882557, 3.599999999999998
-8.785124942, 0.6563937343020001, 3.599999999999998
-8.585124942, 0.7912355945953973, 3.599999999999998
-8.385124942, 0.9118026370452732, 3.599999999999998
-8.19533621, 1.0871002554976528, 3.599999999999998
-8.123429036, 1.1871002554976524, 3.599999999999998
-7.885124942, 1.4313075731805807, 3.599999999999998
-7.742973779, 1.5871002554976528, 3.599999999999998
-7.528107398, 1.8871002554976535, 3.599999999999998
-7.400482085, 2.0871002554976528, 3.599999999999998
-7.318079488, 2.1871002554976524, 3.599999999999998
-7.185124942, 2.2989707598142015, 3.599999999999998
-6.985124942, 2.418232331598281, 3.599999999999998
-6.885124942, 2.443458637578578, 3.599999999999998
-6.685124942, 2.465321115006855, 3.599999999999998
-6.485124942, 2.5058900650517923, 3.599999999999998
-5.785124942, 2.5384102996024573, 3.599999999999998
-5.485124942, 2.545054801406746, 3.599999999999998
-4.885124942, 2.542057152480412, 3.599999999999998
-4.685124942, 2.518181337119275, 3.599999999999998
-4.485124942, 2.462100256085888, 3.599999999999998
-4.185124942, 2.4499081377636625, 3.599999999999998
-3.985124942, 2.427797930381372, 3.599999999999998
-3.685124942, 2.304842191626687, 3.599999999999998
-3.585124942, 2.250850255997653, 3.599999999999998
-3.485124942, 2.2242923742168657, 3.599999999999998
-3.385124942, 2.1744290233058727, 3.599999999999998
-3.285124942, 2.1452778260584004, 3.599999999999998
-3.185124942, 2.0947089518744644, 3.599999999999998
-2.985124942, 1.9591341543677103, 3.599999999999998
-2.885124942, 1.9048421916266847, 3.599999999999998
-2.685124942, 1.751307906317324, 3.599999999999998
-2.485124942, 1.5599072736263064, 3.599999999999998
-2.117428312, 1.1871002554976524, 3.599999999999998
-1.957158839, 0.9871002554976531, 3.599999999999998
-1.786287731, 0.6871002554976524, 3.599999999999998
-1.716576554, 0.5871002554976528, 3.599999999999998
-1.485124942, 0.28670963127890303, 3.599999999999998
-1.355958274,0.087100255, 3.599999999999998
-1.304428738,-0.012899745, 3.599999999999998
-1.16531362,-0.212899745, 3.599999999999998
-1.060568728,-0.412899745, 3.599999999999998
-0.860568728,-0.712899745, 3.599999999999998
-0.756353991,-0.912899745, 3.599999999999998
-0.716576554,-1.012899745, 3.599999999999998
-0.655958274,-1.112899745, 3.599999999999998
-0.617477882,-1.212899745, 3.599999999999998
-0.556754154,-1.312899745, 3.599999999999998
-0.524972657,-1.412899745, 3.599999999999998
-0.467917149,-1.512899745, 3.599999999999998
-0.41545281,-1.712899745, 3.599999999999998
-0.36900652,-1.812899745, 3.599999999999998
-0.321374941,-2.012899745, 3.599999999999998
-0.258824363,-2.212899745, 3.599999999999998
-0.20391475,-2.612899745, 3.599999999999998
-0.192733636,-2.812899745, 3.599999999999998
-0.178190634,-3.412899745, 3.599999999999998
-0.176851559,-4.212899745, 3.599999999999998
-0.18396215,-4.612899745, 3.599999999999998
-0.213091043,-5.112899745, 3.599999999999998
-0.258400803,-5.412899745, 3.599999999999998
-0.305437441,-5.512899745, 3.599999999999998
-0.385124942,-5.895457886, 3.599999999999998
-0.424698401,-6.012899745, 3.599999999999998
-0.501791608,-6.312899745, 3.599999999999998
-0.557568123,-6.612899745, 3.599999999999998
-0.610563537,-6.712899745, 3.599999999999998
-0.638148505,-6.809092353, 3.599999999999998
-0.650771066,-6.961943526, 3.599999999999998
-0.741929562,-7.381279682, 3.599999999999998
-0.742833611,-7.547995469, 3.599999999999998
-0.759952419,-7.659997233, 3.599999999999998
-0.828569512,-7.831161914, 3.599999999999998
-0.9108877,-7.957068592, 3.599999999999998
-0.965114629,-8.10686331, 3.599999999999998
-1.129915693,-8.435691474, 3.599999999999998
-1.241879175,-8.585806439, 3.599999999999998
-1.551891733,-8.895818997, 3.599999999999998
-1.690355217,-9.020317178, 3.599999999999998
-1.772491063,-9.069246023, 3.599999999999998
-2.028451,-9.194715717, 3.599999999999998
-2.32265069,-9.311187531, 3.599999999999998
-2.632663248,-9.414525051, 3.599999999999998
-2.838171677,-9.447877441, 3.599999999999998
-2.976859504,-9.541987248, 3.599999999999998
-3.138690058,-9.593012226, 3.599999999999998
-3.251561374,-9.602887186, 3.599999999999998
-3.559430972,-9.602887186, 3.599999999999998
-3.744763976,-9.664664854, 3.599999999999998
-3.892944082,-9.730916293, 3.599999999999998
-4.172065252,-9.799687265, 3.599999999999998
-4.284936568,-9.809562225, 3.599999999999998
-5.364063628,-9.807950046, 3.599999999999998
-5.085124942, 2.1006419228587667, 1.7999999999999972
-4.485124942, 2.002869487036115, 1.7999999999999972
-4.185124942,1.937100256, 1.7999999999999972
-3.885124942, 1.8530666428926104, 1.7999999999999972
-3.585124942, 1.7798187030704682, 1.7999999999999972
-3.384277482, 1.6871002554976524, 1.7999999999999972
-3.185124942, 1.5692841646930553, 1.7999999999999972
-3.085124942, 1.4876749692907563, 1.7999999999999972
-2.785124942, 1.2749207696002163, 1.7999999999999972
-2.684458274, 1.1871002554976542, 1.7999999999999972
-2.385124942, 0.8877412824207305, 1.7999999999999972
-2.185124942, 0.6189968089459281, 1.7999999999999972
-2.078696369, 0.4871002554976531, 1.7999999999999972
-1.888549598, 0.28710025549765383, 1.7999999999999972
-1.673319385,-0.012899745, 1.7999999999999972
-1.49449994,-0.212899745, 1.7999999999999972
-1.378559284,-0.412899745, 1.7999999999999972
-1.140238577,-0.712899745, 1.7999999999999972
-1.001791607,-0.912899745, 1.7999999999999972
-0.812852213,-1.212899745, 1.7999999999999972
-0.665833602,-1.512899745, 1.7999999999999972
-0.562791608,-1.812899745, 1.7999999999999972
-0.533618917,-2.012899745, 1.7999999999999972
-0.504428738,-2.312899745, 1.7999999999999972
-0.467917149,-2.512899745, 1.7999999999999972
-0.446719144,-2.712899745, 1.7999999999999972
-0.419062765,-3.212899745, 1.7999999999999972
-0.36900652,-3.712899745, 1.7999999999999972
-0.35556693,-3.912899745, 1.7999999999999972
-0.347624941,-4.312899745, 1.7999999999999972
-0.377516245,-4.712899745, 1.7999999999999972
-0.398390247,-4.912899745, 1.7999999999999972
-0.394699409,-5.112899745, 1.7999999999999972
-0.412764692,-5.312899745, 1.7999999999999972
-0.518596015,-6.112899745, 1.7999999999999972
-0.537645949,-6.212899745, 1.7999999999999972
-0.626488577,-6.512899745, 1.7999999999999972
-0.674857083,-6.712899745, 1.7999999999999972
-0.709678512,-6.912899745, 1.7999999999999972
-0.78559223,-7.112899745, 1.7999999999999972
-0.957367473,-7.456385378, 1.7999999999999972
-0.98736086,-7.573468728, 1.7999999999999972
-1.057328372,-7.711710763, 1.7999999999999972
-1.090698379,-7.831812527, 1.7999999999999972
-1.157941374,-7.973999827, 1.7999999999999972
-1.31567217,-8.22839836, 1.7999999999999972
-1.42213903,-8.349218235, 1.7999999999999972
-1.481802226,-8.468544628, 1.7999999999999972
-1.603560493,-8.637475198, 1.7999999999999972
-1.872531603,-8.906206076, 1.7999999999999972
-2.237509901,-9.172583542, 1.7999999999999972
-2.563663281,-9.335660232, 1.7999999999999972
-2.7093273,-9.47495484, 1.7999999999999972
-2.976859504,-9.645324767, 1.7999999999999972
-3.287592079,-9.770362429, 1.7999999999999972
-3.376967086,-9.795822758, 1.7999999999999972
-3.614177449,-9.809562225, 1.7999999999999972
-3.713938334,-9.84182361, 1.7999999999999972
-3.965390214,-9.903024784, 1.7999999999999972
-4.078261529,-9.912899745, 1.7999999999999972
-5.783330599,-9.912899745, 1.7999999999999972
-5.896201915,-9.903024784, 1.7999999999999972
-6.034804176,-9.860102191, 1.7999999999999972
-6.195509716,-9.84276459, 1.7999999999999972
-6.302837272,-9.806456953, 1.7999999999999972
-6.431518793,-9.732537498, 1.7999999999999972
-6.729006328,-9.667024909, 1.7999999999999972
-6.831693235,-9.619141218, 1.7999999999999972
-6.93519295,-9.543465825, 1.7999999999999972
-7.022253841,-9.51786257, 1.7999999999999972
-7.214965411,-9.416914791, 1.7999999999999972
-7.348380832,-9.36079742, 1.7999999999999972
-7.459073777,-9.277928797, 1.7999999999999972
-7.654549315,-9.175323457, 1.7999999999999972
-7.741344039,-9.102494036, 1.7999999999999972
-7.93073139,-8.913106684, 1.7999999999999972
-8.115406979,-8.779756942, 1.7999999999999972
-8.216001748,-8.637104773, 1.7999999999999972
-8.288977541,-8.596585925, 1.7999999999999972
-8.423817401,-8.461746065, 1.7999999999999972
-8.561886724,-8.23028259, 1.7999999999999972
-8.744211134,-8.033992877, 1.7999999999999972
-8.833557975,-7.880994794, 1.7999999999999972
-8.968034992,-7.768967582, 1.7999999999999972
-9.033022617,-7.676155635, 1.7999999999999972
-9.080906308,-7.573468728, 1.7999999999999972
-9.116580851,-7.391449468, 1.7999999999999972
-9.163828646,-7.212899745, 1.7999999999999972
-9.21184908,-7.112899745, 1.7999999999999972
-9.233264477,-7.012899745, 1.7999999999999972
-9.245266451,-6.812899745, 1.7999999999999972
-9.246129727,-6.012899745, 1.7999999999999972
-9.240554806,-5.612899745, 1.7999999999999972
-9.225077095,-5.312899745, 1.7999999999999972
-9.163345801,-5.112899745, 1.7999999999999972
-9.106421238,-4.812899745, 1.7999999999999972
-9.046719145,-4.612899745, 1.7999999999999972
-9.006421238,-4.412899745, 1.7999999999999972
-8.961472248,-4.312899745, 1.7999999999999972
-8.913895892,-4.112899745, 1.7999999999999972
-8.910563539,-4.012899745, 1.7999999999999972
-8.92040413,-3.612899745, 1.7999999999999972
-8.94664455,-3.512899745, 1.7999999999999972
-9.185124942,-3.247587245, 1.7999999999999972
-9.385124942,-3.064633849, 1.7999999999999972
-9.511329761,-2.912899745, 1.7999999999999972
-9.636469028,-2.712899745, 1.7999999999999972
-9.731258963,-2.512899745, 1.7999999999999972
-9.791374942,-2.312899745, 1.7999999999999972
-9.826638703,-2.112899745, 1.7999999999999972
-9.85441842,-1.212899745, 1.7999999999999972
-9.825545503,-0.912899745, 1.7999999999999972
-9.761932171,-0.712899745, 1.7999999999999972
-9.728205299,-0.412899745, 1.7999999999999972
-9.708317713,-0.312899745, 1.7999999999999972
-9.661472248,-0.212899745, 1.7999999999999972
-9.59533621,-0.012899745, 1.7999999999999972
-9.437241344, 0.28710025549765383, 1.7999999999999972
-9.29469941, 0.4871002554976531, 1.7999999999999972
-9.210742226, 0.5871002554976528, 1.7999999999999972
-9.085124942, 0.7048421916266854, 1.7999999999999972
-8.885124942, 0.8277979303813723, 1.7999999999999972
-8.785124942, 0.8653211150068554, 1.7999999999999972
-8.585124942, 0.9851771793438076, 1.7999999999999972
-8.385124942, 1.1312669227198757, 1.7999999999999972
-8.085124942, 1.4003655623003723, 1.7999999999999972
-7.885124942, 1.5375833477681837, 1.7999999999999972
-7.385124942, 1.805890065051793, 1.7999999999999972
-7.185124942, 1.8558502560411299, 1.7999999999999972
-6.985124942, 1.919262418200356, 1.7999999999999972
-6.785124942, 1.9448350626799726, 1.7999999999999972
-6.585124942, 2.0110396500431076, 1.7999999999999972
-6.185124942, 2.1109856064530668, 1.7999999999999972
-5.985124942, 2.1211766892556163, 1.7999999999999972
-5.685124942, 2.119472051010474, 1.7999999999999972
-5.085124942, 2.1006419228587667, 1.7999999999999972
-6.341851751, 1.6678358508900293, 0.5999999999999979
-4.749955405,1.669183437, 0.5999999999999979
-4.63708409, 1.6593084766948851, 0.5999999999999979
-4.169008186, 1.565845917822485, 0.5999999999999979
-4.017058973, 1.5559709572804201, 0.5999999999999979
-3.752610916, 1.4749773616260913, 0.5999999999999979
-3.64992401, 1.4270936705751358, 0.5999999999999979
-3.415861028, 1.269994017410565, 0.5999999999999979
-3.309143786, 1.180505999607004, 0.5999999999999979
-3.115878816, 1.083873514314568, 0.5999999999999979
-3.019339859, 1.0245634942695052, 0.5999999999999979
-2.314541506, 0.32936559624664846, 0.5999999999999979
-2.212385421, 0.1758836641119148, 0.5999999999999979
-2.081938609, 0.041938871437919356, 0.5999999999999979
-1.991712612,-0.10835029, 0.5999999999999979
-1.903185972,-0.185224777, 0.5999999999999979
-1.773898366,-0.365940911, 0.5999999999999979
-1.644449766,-0.505332878, 0.5999999999999979
-1.54188764,-0.701289156, 0.5999999999999979
-1.450688002,-0.798516528, 0.5999999999999979
-1.370742319,-0.92787136, 0.5999999999999979
-1.328677919,-1.046907112, 0.5999999999999979
-1.108997131,-1.3587057, 0.5999999999999979
-1.033185679,-1.513712779, 0.5999999999999979
-1.004200707,-1.603982466, 0.5999999999999979
-0.893557136,-1.714798959, 0.5999999999999979
-0.802385963,-1.857909035, 0.5999999999999979
-0.763634237,-1.964378526, 0.5999999999999979
-0.74395947,-2.075959672, 0.5999999999999979
-0.741734324,-2.193038112, 0.5999999999999979
-0.660296718,-2.429397363, 0.5999999999999979
-0.640621951,-2.540978509, 0.5999999999999979
-0.638148505,-3.950021878, 0.5999999999999979
-0.596354706,-4.086489978, 0.5999999999999979
-0.586479745,-4.363371956, 0.5999999999999979
-0.544685946,-4.499840055, 0.5999999999999979
-0.534810985,-4.664380131, 0.5999999999999979
-0.536346081,-4.928722834, 0.5999999999999979
-0.493017186,-5.068196412, 0.5999999999999979
-0.483142226,-5.181067728, 0.5999999999999979
-0.484181543,-5.412899745, 0.5999999999999979
-0.473586477,-5.512899745, 0.5999999999999979
-0.442069383,-5.612899745, 0.5999999999999979
-0.412544293,-5.812899745, 0.5999999999999979
-0.384728115,-5.912899745, 0.5999999999999979
-0.384857816,-6.307155507, 0.5999999999999979
-0.491413785,-6.482057387, 0.5999999999999979
-0.680375555,-6.702512785, 0.5999999999999979
-0.869398998,-6.891536228, 0.5999999999999979
-1.209395049,-7.334869798, 0.5999999999999979
-1.404724092,-7.562454772, 0.5999999999999979
-1.499285412,-7.628258143, 0.5999999999999979
-1.579402354,-7.708375085, 0.5999999999999979
-1.686052573,-7.883405013, 0.5999999999999979
-1.923934853,-8.166712425, 0.5999999999999979
-1.968622257,-8.249103286, 0.5999999999999979
-2.316124269,-8.596605298, 0.5999999999999979
-2.374424387,-8.67258349, 0.5999999999999979
-2.458406013,-8.739229954, 0.5999999999999979
-2.552359843,-8.858270763, 0.5999999999999979
-2.682078827,-8.928742092, 0.5999999999999979
-2.953661559,-9.11059038, 0.5999999999999979
-3.098642423,-9.19047958, 0.5999999999999979
-3.35754077,-9.252332236, 0.5999999999999979
-3.451042454,-9.284593621, 0.5999999999999979
-3.66378446,-9.317949477, 0.5999999999999979
-3.745866513,-9.348609487, 0.5999999999999979
-4.021118087,-9.38793114, 0.5999999999999979
-4.23678963,-9.39677509, 0.5999999999999979
-4.493738492,-9.4395999, 0.5999999999999979
-5.229833661,-9.43976977, 0.5999999999999979
-5.327845558,-9.44947486, 0.5999999999999979
-5.537479806,-9.49126866, 0.5999999999999979
-5.95608606,-9.49126866, 0.5999999999999979
-6.085124942,-9.454357031, 0.5999999999999979
-6.185124942,-9.41022799, 0.5999999999999979
-6.385124942,-9.356367082, 0.5999999999999979
-6.585124942,-9.278942526, 0.5999999999999979
-6.685124942,-9.254383262, 0.5999999999999979
-6.885124942,-9.146923414, 0.5999999999999979
-7.185124942,-8.938256888, 0.5999999999999979
-7.440815999,-8.712899745, 0.5999999999999979
-7.540203067,-8.612899745, 0.5999999999999979
-7.718855101,-8.412899745, 0.5999999999999979
-7.797208276,-8.312899745, 0.5999999999999979
-7.996724942,-8.012899745, 0.5999999999999979
-8.046453067,-7.912899745, 0.5999999999999979
-8.168321664,-7.712899745, 0.5999999999999979
-8.401650366,-7.412899745, 0.5999999999999979
-8.518328067,-7.212899745, 0.5999999999999979
-8.610871211,-7.012899745, 0.5999999999999979
-8.687796698,-6.812899745, 0.5999999999999979
-8.735458276,-6.612899745, 0.5999999999999979
-8.758727427,-6.412899745, 0.5999999999999979
-8.795964103,-6.212899745, 0.5999999999999979
-8.817610818,-6.012899745, 0.5999999999999979
-8.825509557,-5.812899745, 0.5999999999999979
-8.818731499,-5.612899745, 0.5999999999999979
-8.749996737,-5.312899745, 0.5999999999999979
-8.727374942,-4.812899745, 0.5999999999999979
-8.727374942,-4.212899745, 0.5999999999999979
-8.752944091,-3.712899745, 0.5999999999999979
-8.804936263,-3.412899745, 0.5999999999999979
-8.849281569,-3.112899745, 0.5999999999999979
-8.924386687,-2.912899745, 0.5999999999999979
-9.009420717,-2.612899745, 0.5999999999999979
-9.054103044,-2.412899745, 0.5999999999999979
-9.216227305,-2.012899745, 0.5999999999999979
-9.294109317,-1.712899745, 0.5999999999999979
-9.382107701,-1.312899745, 0.5999999999999979
-9.423413231,-0.912899745, 0.5999999999999979
-9.413106594,-0.612899745, 0.5999999999999979
-9.376246438,-0.412899745, 0.5999999999999979
-9.25040272,-0.112899745, 0.5999999999999979
-9.140624943,0.087100255, 0.5999999999999979
-8.974329488, 0.28710025549765383, 0.5999999999999979
-8.855958276, 0.3871002554976535, 0.5999999999999979
-8.685124942, 0.5005617947284229, 0.5999999999999979
-8.606353674, 0.6102952282174772, 0.5999999999999979
-8.484940951, 0.7193277871744682, 0.5999999999999979
-8.40031338, 0.8194905916262207, 0.5999999999999979
-8.278418507, 0.9104060735028106, 0.5999999999999979
-8.126684748,0.986848285, 0.5999999999999979
-8.030633743, 1.076232253976733, 0.5999999999999979
-7.830757266, 1.1872110337290307, 0.5999999999999979
-7.602880555, 1.2932884674886314, 0.5999999999999979
-7.504757741, 1.349939700274609, 0.5999999999999979
-7.39828825, 1.3886914257886809, 0.5999999999999979
-7.286707104, 1.408366192460421, 0.5999999999999979
-7.131919861, 1.4098201223045272, 0.5999999999999979
-6.918916322, 1.4808213018480854, 0.5999999999999979
-6.715002615, 1.5237299342171786, 0.5999999999999979
-6.52233129, 1.6299836407477906, 0.5999999999999979
-6.341851751, 1.6678358508900293, 0.5999999999999979
-4.375255155,-5.258547988,-2.2
-4.63708409,-5.212636564,-2.2
-4.853292925,-5.202761604,-2.2
-5.06950176,-5.212636564,-2.2
-5.178943537,-5.2419614,-2.2
-5.281630444,-5.289845091,-2.2
-5.377377558,-5.357767883,-2.2
-5.576655561,-5.357767883,-2.2
-5.74488794,-5.379916096,-2.2
-5.901655561,-5.44485137,-2.2
-5.994467507,-5.509838995,-2.2
-6.126253208,-5.641624696,-2.2
-6.217424382,-5.784734773,-2.2
-6.256176107,-5.891204263,-2.2
-6.275850874,-6.00278541,-2.2
-6.27832432,-6.266111681,-2.2
-6.26844936,-6.378982997,-2.2
-6.209701994,-6.556800519,-2.2
-6.087903313,-6.79778672,-2.2
-6.022915689,-6.890598667,-2.2
-5.942798747,-6.970715608,-2.2
-5.849986801,-7.035703233,-2.2
-5.656504962,-7.107915352,-2.2
-5.438007353,-7.216893061,-2.2
-5.26328979,-7.271948951,-2.2
-5.023937258,-7.393599482,-2.2
-4.814850265,-7.462319825,-2.2
-4.629953906,-7.480005867,-2.2
-4.397807883,-7.526261837,-2.2
-4.078261529,-7.536136798,-2.2
-3.965390214,-7.526261837,-2.2
-3.855948436,-7.496937001,-2.2
-3.602099326,-7.366916867,-2.2
-3.438126611,-7.212414455,-2.2
-3.298768265,-7.125721887,-2.2
-3.218651323,-7.045604946,-2.2
-3.153663699,-6.952792999,-2.2
-3.105780008,-6.850106093,-2.2
-3.084671424,-6.725773814,-2.2
-3.17388157,-6.583196481,-2.2
-3.267322605,-6.483930086,-2.2
-3.325019666,-6.382933884,-2.2
-3.422205707,-6.360224288,-2.2
-3.524892614,-6.312340597,-2.2
-3.61770456,-6.247352972,-2.2
-3.721960268,-6.136651879,-2.2
-3.892330195,-5.869119675,-2.2
-3.931081921,-5.762650185,-2.2
-3.940727569,-5.666186959,-2.2
-4.037736135,-5.610179037,-2.2
-4.176199619,-5.485680856,-2.2
-4.375255155,-5.258547988,-2.2
-4.285124942,-8.113399746,-2
-4.695124962,-8.112899745,-2
-4.785124942,-8.022899765,-2
-5.089291617,-8.012899745,-2
-5.185124942,-7.91706642,-2
-5.388458282,-7.912899745,-2
-5.485124942,-7.816233085,-2
-5.588249948,-7.812899745,-2
-5.685124942,-7.716024751,-2
-5.785124942,-7.713487981,-2
-6.085809874,-7.412899745,-2
-6.095124962,-7.312899745,-2
-6.285124942,-7.113941413,-2
-6.28616661,-7.012899745,-2
-6.385124942,-6.913941413,-2
-6.386034034,-6.812899745,-2
-6.475802909,-6.712899745,-2
-6.523360237,-6.412899745,-2
-6.534026042,-6.212899745,-2
-6.479269087,-5.912899745,-2
-6.333524942,-5.612899745,-2
-6.185124942,-5.403753402,-2
-5.985124942,-5.233014686,-2
-5.785124942,-5.12956641,-2
-5.485124942,-5.08461027,-2
-5.285124942,-5.023837243,-2
-5.185124942,-5.012489908,-2
-4.885124942,-5.000298118,-2
-4.785124942,-5.009299744,-2
-4.585124942,-5.065297004,-2
-4.385124942,-5.144004395,-2
-4.185124942,-5.181335498,-2
-3.985124942,-5.276214961,-2
-3.843358191,-5.371477948,-2
-3.780512152,-5.586397281,-2
-3.719577922,-5.831404012,-2
-3.655686538,-6.023405937,-2
-3.607802847,-6.126092844,-2
-3.476004051,-6.285223717,-2
-3.387808944,-6.425579829,-2
-3.301132608,-6.513493763,-2
-3.220825184,-6.67989015,-2
-3.122572509,-7.000965665,-2
-3.098193387,-7.126562633,-2
-3.185124942,-7.271828317,-2
-3.485124942,-7.567899746,-2
-3.685124942,-7.713825672,-2
-3.784199014,-7.812899745,-2
-3.985124942,-7.914181798,-2
-4.083842888,-8.012899745,-2
-4.185124942,-8.014566415,-2
-4.285124942,-8.113399746,-2
-1.214785869,-4.518378235, 5.599999999999998
-1.295975175,-4.75449155, 5.599999999999998
-1.315649942,-4.866072696, 5.599999999999998
-1.317568628,-5.150498789, 5.599999999999998
-1.366998918,-5.344711392, 5.599999999999998
-1.433929871,-5.475442232, 5.599999999999998
-1.469475049,-5.684648511, 5.599999999999998
-1.520234578,-5.903934084, 5.599999999999998
-1.568908826,-6.05982058, 5.599999999999998
-1.718113435,-6.345194153, 5.599999999999998
-1.851065017,-6.509468038, 5.599999999999998
-1.904375301,-6.611432118, 5.599999999999998
-2.265393071,-6.970715608, 5.599999999999998
-2.358205017,-7.035703233, 5.599999999999998
-2.499741457,-7.095610734, 5.599999999999998
-2.717972127,-7.216619626, 5.599999999999998
-2.874892614,-7.345715791, 5.599999999999998
-2.977579521,-7.393599482, 5.599999999999998
-3.328258515,-7.510748072, 5.599999999999998
-3.685124942,-7.782989031, 5.599999999999998
-3.885124942,-7.884638876, 5.599999999999998
-4.185124942,-7.975504787, 5.599999999999998
-4.385124942,-8.022742265, 5.599999999999998
-4.585124942,-8.040762341, 5.599999999999998
-4.985124942,-8.039699745, 5.599999999999998
-5.185124942,-8.013350196, 5.599999999999998
-5.38000137,-8.001155635, 5.599999999999998
-5.67999308,-8.001155635, 5.599999999999998
-5.792864395,-7.991280675, 5.599999999999998
-5.9303071,-7.948898792, 5.599999999999998
-6.25333191,-7.947013429, 5.599999999999998
-6.41899377,-7.910287079, 5.599999999999998
-6.575566569,-7.826849747, 5.599999999999998
-6.677337569,-7.80694956, 5.599999999999998
-6.900719592,-7.725858271, 5.599999999999998
-7.417407189,-7.467514472, 5.599999999999998
-7.58633776,-7.345756206, 5.599999999999998
-7.71083594,-7.207292722, 5.599999999999998
-7.767487173,-7.109169908, 5.599999999999998
-7.80944645,-6.984509489, 5.599999999999998
-7.985124942,-6.800399746, 5.599999999999998
-8.185124942,-6.540105628, 5.599999999999998
-8.267069387,-6.412899745, 5.599999999999998
-8.375832907,-6.212899745, 5.599999999999998
-8.528484317,-5.912899745, 5.599999999999998
-8.621791609,-5.612899745, 5.599999999999998
-8.65095228,-5.412899745, 5.599999999999998
-8.670089977,-5.212899745, 5.599999999999998
-8.670789278,-5.012899745, 5.599999999999998
-8.644935069,-4.312899745, 5.599999999999998
-8.609804429,-4.012899745, 5.599999999999998
-8.612195006,-3.812899745, 5.599999999999998
-8.635753873,-3.612899745, 5.599999999999998
-8.673055977,-3.412899745, 5.599999999999998
-8.757280631,-3.112899745, 5.599999999999998
-8.808890374,-3.012899745, 5.599999999999998
-8.840344722,-2.912899745, 5.599999999999998
-8.930697859,-2.712899745, 5.599999999999998
-8.948596445,-2.512899745, 5.599999999999998
-9.025935753,-2.312899745, 5.599999999999998
-9.044533544,-2.212899745, 5.599999999999998
-9.124847164,-2.012899745, 5.599999999999998
-9.192733638,-1.712899745, 5.599999999999998
-9.201791609,-1.412899745, 5.599999999999998
-9.197193908,-1.312899745, 5.599999999999998
-9.157018433,-1.112899745, 5.599999999999998
-9.120106104,-0.998457199, 5.599999999999998
-9.117632658,-0.835909439, 5.599999999999998
-9.097957891,-0.724328293, 5.599999999999998
-9.059206166,-0.617858802, 5.599999999999998
-8.942160232,-0.408248855, 5.599999999999998
-8.826347578,-0.154210594, 5.599999999999998
-8.6821612,0.063023479, 5.599999999999998
-8.40031338, 0.3544717542611284, 5.599999999999998
-8.311561924, 0.4249034782562864, 5.599999999999998
-8.211928461, 0.47885365748779507, 5.599999999999998
-8.054123252, 0.5330060641426221, 5.599999999999998
-7.883110617, 0.6115433576094992, 5.599999999999998
-7.727419747, 0.7221921963639394, 5.599999999999998
-7.555706484,0.803283485, 5.599999999999998
-7.40770867, 0.8382210299291585, 5.599999999999998
-7.330151577, 0.8396625336215107, 5.599999999999998
-7.088275692, 0.9236725884235892, 5.599999999999998
-6.972264447, 0.9377218613931954, 5.599999999999998
-6.832343848, 1.0099585242609983, 5.599999999999998
-6.666681987, 1.0466848745097925, 5.599999999999998
-6.44567287, 1.0489373736920415, 5.599999999999998
-6.285124942, 1.1041292417295363, 5.599999999999998
-5.985124942, 1.1921390159627698, 5.599999999999998
-5.785124942, 1.2184010693187926, 5.599999999999998
-5.585124942, 1.228250698860485, 5.599999999999998
-5.285124942, 1.2202733333822682, 5.599999999999998
-4.785124942, 1.2157410331675553, 5.599999999999998
-4.365627567, 1.199902347879787, 5.599999999999998
-4.2546254, 1.1771874276291145, 5.599999999999998
-3.928659063, 1.0405902316440527, 5.599999999999998
-3.804279676, 1.0099585242609983, 5.599999999999998
-3.701592769, 0.9620748332100428, 5.599999999999998
-3.608780823, 0.8970872087774936, 5.599999999999998
-3.549307467, 0.8273272379538064, 5.599999999999998
-3.17887494, 0.4871002554976531, 5.599999999999998
-2.785124942,0.086475257, 5.599999999999998
-2.485124942,-0.266899743, 5.599999999999998
-2.306152978,-0.512899745, 5.599999999999998
-2.136334618,-0.812899745, 5.599999999999998
-2.041765566,-1.012899745, 5.599999999999998
-1.960347548,-1.20747258, 5.599999999999998
-1.84151742,-1.259681834, 5.599999999999998
-1.748705474,-1.324669459, 5.599999999999998
-1.668588532,-1.4047864, 5.599999999999998
-1.572723617,-1.563814909, 5.599999999999998
-1.500263388,-1.652604626, 5.599999999999998
-1.473129667,-1.721533776, 5.599999999999998
-1.468867415,-1.948582386, 5.599999999999998
-1.421460908,-2.142723003, 5.599999999999998
-1.417198656,-2.413601223, 5.599999999999998
-1.369792148,-2.60774184, 5.599999999999998
-1.369792148,-3.320992378, 5.599999999999998
-1.359917188,-3.433863694, 5.599999999999998
-1.330592352,-3.543305471, 5.599999999999998
-1.282708661,-3.645992378, 5.599999999999998
-1.214785869,-3.730794233, 5.599999999999998
-1.214785869,-4.518378235, 5.599999999999998
-1.731473466,-4.811989374, 6.199999999999999
-1.799396258,-4.907736487, 6.199999999999999
-2.002286228,-5.320435952, 6.199999999999999
-2.03383233,-5.483957813, 6.199999999999999
-2.083279823,-5.636552769, 6.199999999999999
-2.086164361,-5.692055242, 6.199999999999999
-2.168869805,-5.928975717, 6.199999999999999
-2.212746335,-5.992780441, 6.199999999999999
-2.27768161,-6.149548062, 6.199999999999999
-2.297356377,-6.261129208, 6.199999999999999
-2.378591888,-6.364049771, 6.199999999999999
-2.575405629,-6.557365531, 6.199999999999999
-2.668217575,-6.622353155, 6.199999999999999
-2.770904482,-6.670236846, 6.199999999999999
-2.925910761,-6.721905606, 6.199999999999999
-3.186666514,-6.790625949, 6.199999999999999
-3.305438779,-6.810300716, 6.199999999999999
-3.393341553,-6.842294709, 6.199999999999999
-3.52777184,-6.861969476, 6.199999999999999
-3.649273397,-6.928580645, 6.199999999999999
-3.758715175,-6.957905481, 6.199999999999999
-3.87158649,-6.967780441, 6.199999999999999
-4.956630444,-6.967780441, 6.199999999999999
-5.121170519,-6.957905481, 6.199999999999999
-5.347438923,-6.903000176, 6.199999999999999
-5.586067846,-6.863228688, 6.199999999999999
-5.878676779,-6.857411899, 6.199999999999999
-5.988878647,-6.831087066, 6.199999999999999
-6.201002385,-6.760379153, 6.199999999999999
-6.460006949,-6.758631956, 6.199999999999999
-6.625668809,-6.721905606, 6.199999999999999
-6.754225502,-6.656229897, 6.199999999999999
-6.873357026,-6.655294437, 6.199999999999999
-7.039018887,-6.618568086, 6.199999999999999
-7.158371167,-6.559015175, 6.199999999999999
-7.400049592,-6.467346876, 6.199999999999999
-7.521944465,-6.376431394, 6.199999999999999
-7.7625047,-6.122248768, 6.199999999999999
-7.819155933,-6.024125955, 6.199999999999999
-7.870180911,-5.8622954, 6.199999999999999
-7.880055871,-5.749424084, 6.199999999999999
-7.880055871,-4.922723929, 6.199999999999999
-7.870180911,-4.706515094, 6.199999999999999
-7.828387111,-4.558899651, 6.199999999999999
-7.818512151,-4.344833776, 6.199999999999999
-7.775224793,-4.192737656, 6.199999999999999
-7.785124942,-3.910518797, 6.199999999999999
-7.845419062,-3.812899745, 6.199999999999999
-7.885124942,-3.711233081, 6.199999999999999
-8.039830825,-3.412899745, 6.199999999999999
-8.084661979,-3.312899745, 6.199999999999999
-8.243089544,-3.012899745, 6.199999999999999
-8.419399136,-2.712899745, 6.199999999999999
-8.510307424,-2.512899745, 6.199999999999999
-8.563984003,-2.312899745, 6.199999999999999
-8.601791609,-2.212899745, 6.199999999999999
-8.640798701,-2.012899745, 6.199999999999999
-8.67489767,-1.712899745, 6.199999999999999
-8.675655245,-1.412899745, 6.199999999999999
-8.66520013,-1.312899745, 6.199999999999999
-8.605985869,-1.012899745, 6.199999999999999
-8.508279305,-0.712899745, 6.199999999999999
-8.440333276,-0.612899745, 6.199999999999999
-8.285124942,-0.432818443, 6.199999999999999
-8.055828067,-0.212899745, 6.199999999999999
-7.935534778,-0.112899745, 6.199999999999999
-7.685124942,0.051973674, 6.199999999999999
-7.485124942, 0.2001284252159632, 6.199999999999999
-7.285124942, 0.3185373818449584, 6.199999999999999
-7.085124942, 0.4201411917549631, 6.199999999999999
-6.885124942, 0.5037669228179151, 6.199999999999999
-6.785124942, 0.5248195543280634, 6.199999999999999
-6.385124942, 0.5738349500554758, 6.199999999999999
-6.285124942, 0.5973115238075106, 6.199999999999999
-6.085124942,0.618918438, 6.199999999999999
-5.885124942, 0.6238426804976527, 6.199999999999999
-5.785124942, 0.6092776756589426, 6.199999999999999
-5.485124942, 0.5423887179976532, 6.199999999999999
-5.085124942, 0.4946002564976535, 6.199999999999999
-4.685124942, 0.4866002564976526, 6.199999999999999
-4.585124942, 0.46184252456981945, 6.199999999999999
-4.385124942, 0.3918874906040344, 6.199999999999999
-4.285124942, 0.38148801162010315, 6.199999999999999
-3.985124942, 0.2514619586891431, 6.199999999999999
-3.785124942, 0.1132630473581191, 6.199999999999999
-3.685124942, 0.028666521762714225, 6.199999999999999
-3.185124942,-0.443713697, 6.199999999999999
-2.985124942,-0.647237093, 6.199999999999999
-2.785124942,-0.891189217, 6.199999999999999
-2.589340323,-1.196607064, 6.199999999999999
-2.472068109,-1.273000699, 6.199999999999999
-2.305762467,-1.449773663, 6.199999999999999
-2.212746335,-1.63091075, 6.199999999999999
-2.081106524,-1.790863122, 6.199999999999999
-1.988480924,-2.044547827, 6.199999999999999
-1.967669052,-2.197505765, 6.199999999999999
-1.933234712,-2.292113336, 6.199999999999999
-1.898948708,-2.458261517, 6.199999999999999
-1.822263779,-2.617136495, 6.199999999999999
-1.795611189,-2.716605316, 6.199999999999999
-1.731473466,-2.833125696, 6.199999999999999
-1.731473466,-4.811989374, 6.199999999999999
-2.351498582,-2.344085012, 6.599999999999994
-2.351498582,-2.709971645, 6.599999999999994
-2.393292382,-2.846439745, 6.599999999999994
-2.403167342,-3.381665521, 6.599999999999994
-2.484356649,-3.669447596, 6.599999999999994
-2.493852403,-3.763727314, 6.599999999999994
-2.622311344,-4.02871696, 6.599999999999994
-2.640605582,-4.119389939, 6.599999999999994
-2.716115068,-4.194899425, 6.599999999999994
-2.823983097,-4.378497818, 6.599999999999994
-3.046012525,-4.533518946, 6.599999999999994
-3.247056409,-4.639652725, 6.599999999999994
-3.292086768,-4.680141362, 6.599999999999994
-3.580897653,-4.832407727, 6.599999999999994
-3.686269043,-4.874052881, 6.599999999999994
-3.894905353,-4.901030053, 6.599999999999994
-4.135847182,-4.951086634, 6.599999999999994
-4.359251848,-4.948436561, 6.599999999999994
-4.533989439,-4.901030053, 6.599999999999994
-4.749955405,-4.901030053, 6.599999999999994
-4.862826721,-4.891155092, 6.599999999999994
-5.00200384,-4.847964439, 6.599999999999994
-5.116619196,-4.846887847, 6.599999999999994
-5.282281057,-4.810161497, 6.599999999999994
-5.411369087,-4.74417902, 6.599999999999994
-5.478300514,-4.743550328, 6.599999999999994
-5.643962375,-4.706823977, 6.599999999999994
-5.817851042,-4.609084277, 6.599999999999994
-5.937828763,-4.564269144, 6.599999999999994
-6.032381023,-4.501840633, 6.599999999999994
-6.114656223,-4.423941724, 6.599999999999994
-6.21419845,-4.274382181, 6.599999999999994
-6.481225634,-4.007354997, 6.599999999999994
-6.687245991,-3.894728792, 6.599999999999994
-6.858576922,-3.766242094, 6.599999999999994
-7.086192958,-3.646766168, 6.599999999999994
-7.172987682,-3.573936747, 6.599999999999994
-7.501613474,-3.245310955, 6.599999999999994
-7.679047967,-3.119304989, 6.599999999999994
-7.753842539,-3.034197875, 6.599999999999994
-7.86759876,-2.827656909, 6.599999999999994
-8.072517258,-2.608773108, 6.599999999999994
-8.161486862,-2.421856299, 6.599999999999994
-8.254206152,-2.251586479, 6.599999999999994
-8.283530988,-2.142144701, 6.599999999999994
-8.293405949,-2.029273385, 6.599999999999994
-8.293405949,-1.15090447, 6.599999999999994
-8.283530988,-0.934695636, 6.599999999999994
-8.23250601,-0.772865081, 6.599999999999994
-8.175854778,-0.674742267, 6.599999999999994
-8.103025357,-0.587947543, 6.599999999999994
-7.82673091,-0.320891912, 6.599999999999994
-7.620055871,-0.165885633, 6.599999999999994
-7.508898664,-0.100068022, 6.599999999999994
-7.348380832, 0.032037158479854666, 6.599999999999994
-6.898685721, 0.24714975289892582, 6.599999999999994
-6.713368274, 0.2741269251416685, 6.599999999999994
-6.145011917, 0.2741269251416685, 6.599999999999994
-6.032140602, 0.26425196459960365, 6.599999999999994
-5.922698824, 0.23492712865250898, 6.599999999999994
-5.820011917, 0.18704343760155373, 6.599999999999994
-5.676317387,0.067451886, 6.599999999999994
-5.347334002,0.063189634, 6.599999999999994
-5.170084308, 0.014611714041119404, 6.599999999999994
-4.778977645, 0.011520874613437093, 6.599999999999994
-4.630979831,-0.02341667, 6.599999999999994
-4.492030835,-0.088125826, 6.599999999999994
-4.327071531,-0.097429353, 6.599999999999994
-4.217629754,-0.126754189, 6.599999999999994
-4.114942847,-0.17463788, 6.599999999999994
-4.022130901,-0.239625505, 6.599999999999994
-3.890345199,-0.371411206, 6.599999999999994
-3.824396927,-0.466283269, 6.599999999999994
-3.463635842,-0.742953822, 6.599999999999994
-3.153623284,-1.052966381, 6.599999999999994
-3.080793863,-1.139761105, 6.599999999999994
-3.020946829,-1.243733328, 6.599999999999994
-2.925787584,-1.346436144, 6.599999999999994
-2.869136351,-1.444558957, 6.599999999999994
-2.833485987,-1.542507528, 6.599999999999994
-2.773521219,-1.635247029, 6.599999999999994
-2.607156627,-1.967976214, 6.599999999999994
-2.524972205,-2.08145026, 6.599999999999994
-2.475774893,-2.197814829, 6.599999999999994
-2.351498582,-2.344085012, 6.599999999999994
-4.585944743,-9.542937419, 3.1999999999999993
-4.455580901,-9.478799696, 3.1999999999999993
-4.09693177,-9.374255832, 3.1999999999999993
-3.990562064,-9.323793417, 3.1999999999999993
-3.881120286,-9.294468581, 3.1999999999999993
-3.616224879,-9.288956376, 3.1999999999999993
-3.15775765,-9.139462302, 3.1999999999999993
-3.108742862,-9.134378073, 3.1999999999999993
-3.008205017,-9.06166455, 3.1999999999999993
-2.800630678,-8.979777646, 3.1999999999999993
-2.716115068,-8.845087798, 3.1999999999999993
-2.635998126,-8.764970856, 3.1999999999999993
-2.54318618,-8.699983232, 3.1999999999999993
-2.440499273,-8.652099541, 3.1999999999999993
-2.23141228,-8.583379198, 3.1999999999999993
-2.08205344,-8.547698028, 3.1999999999999993
-1.926042012,-8.46836482, 3.1999999999999993
-1.768154784,-8.338301914, 3.1999999999999993
-1.566832362,-8.212492689, 3.1999999999999993
-1.340115126,-7.983344244, 3.1999999999999993
-1.282708661,-7.852855791, 3.1999999999999993
-1.217721036,-7.760043844, 3.1999999999999993
-1.066306944,-7.608629752, 3.1999999999999993
-1.005437441,-7.512899745, 3.1999999999999993
-0.913495727,-7.312899745, 3.1999999999999993
-0.748557777,-7.012899745, 3.1999999999999993
-0.635813014,-6.712899745, 3.1999999999999993
-0.537647877,-6.412899745, 3.1999999999999993
-0.518371014,-6.312899745, 3.1999999999999993
-0.448874941,-6.112899745, 3.1999999999999993
-0.426204753,-6.012899745, 3.1999999999999993
-0.358824363,-5.812899745, 3.1999999999999993
-0.323530738,-5.612899745, 3.1999999999999993
-0.24459096,-5.412899745, 3.1999999999999993
-0.20391475,-5.112899745, 3.1999999999999993
-0.189975687,-4.612899745, 3.1999999999999993
-0.177516245,-4.312899745, 3.1999999999999993
-0.172453708,-2.612899745, 3.1999999999999993
-0.218371014,-2.312899745, 3.1999999999999993
-0.257158839,-2.012899745, 3.1999999999999993
-0.321692105,-1.812899745, 3.1999999999999993
-0.357568123,-1.612899745, 3.1999999999999993
-0.412267798,-1.512899745, 3.1999999999999993
-0.446719144,-1.412899745, 3.1999999999999993
-0.647932823,-1.012899745, 3.1999999999999993
-0.708777636,-0.912899745, 3.1999999999999993
-0.747320063,-0.812899745, 3.1999999999999993
-0.867383005,-0.612899745, 3.1999999999999993
-1.034617327,-0.412899745, 3.1999999999999993
-1.082453185,-0.312899745, 3.1999999999999993
-1.226701028,-0.112899745, 3.1999999999999993
-1.283201864,-0.012899745, 3.1999999999999993
-1.421374941, 0.1871002554976524, 3.1999999999999993
-1.475550473, 0.28710025549765383, 3.1999999999999993
-1.640360543, 0.4871002554976531, 3.1999999999999993
-1.789975687, 0.6871002554976524, 3.1999999999999993
-1.959252848, 0.9871002554976531, 3.1999999999999993
-2.185124942, 1.2504525287931063, 3.1999999999999993
-2.421565619, 1.4871002554976531, 3.1999999999999993
-2.685124942, 1.7365654966741246, 3.1999999999999993
-2.885124942, 1.8953736375120425, 3.1999999999999993
-3.055887653, 1.9871002554976531, 3.1999999999999993
-3.200839226, 2.0871002554976528, 3.1999999999999993
-3.485124942, 2.203766922817916, 3.1999999999999993
-3.685124942, 2.266292802702621, 3.1999999999999993
-3.785124942, 2.3213786065285813, 3.1999999999999993
-4.085124942, 2.417806777780262, 3.1999999999999993
-4.185124942,2.429667824, 3.1999999999999993
-4.485124942, 2.4417055190941443, 3.1999999999999993
-4.585124942, 2.4591341543677103, 3.1999999999999993
-4.785124942, 2.5192811070933985, 3.1999999999999993
-4.885124942,2.531322478, 3.1999999999999993
-5.185124942, 2.535778670035098, 3.1999999999999993
-6.085124942, 2.5362191986694587, 3.1999999999999993
-6.485124942, 2.5309638923158353, 3.1999999999999993
-6.785124942, 2.5192811070933985, 3.1999999999999993
-6.885124942, 2.5053694869079077, 3.1999999999999993
-7.085124942, 2.436828516910696, 3.1999999999999993
-7.185124942, 2.3607996780410065, 3.1999999999999993
-7.285124942, 2.3125388525736774, 3.1999999999999993
-7.427069387, 2.1871002554976524, 3.1999999999999993
-7.573666609, 1.9871002554976531, 3.1999999999999993
-7.624013831, 1.8871002554976535, 3.1999999999999993
-7.766335133, 1.6871002554976524, 3.1999999999999993
-7.935677428, 1.4871002554976531, 3.1999999999999993
-8.133390838, 1.2871002554976538, 3.1999999999999993
-8.285124942, 1.089772011986204, 3.1999999999999993
-8.385124942, 0.9867096312789041, 3.1999999999999993
-8.485124942, 0.9142431132119402, 3.1999999999999993
-8.885124942, 0.6520735180644994, 3.1999999999999993
-8.985124942, 0.5788268749221128, 3.1999999999999993
-9.140462021, 0.4871002554976531, 3.1999999999999993
-9.285124942, 0.29050934716431875, 3.1999999999999993
-9.393524942, 0.1871002554976524, 3.1999999999999993
-9.585124942,0.04133306, 3.1999999999999993
-9.785124942,-0.069508939, 3.1999999999999993
-9.891374942,-0.212899745, 3.1999999999999993
-10.02169211,-0.512899745, 3.1999999999999993
-10.0906805,-0.912899745, 3.1999999999999993
-10.07245371,-1.212899745, 3.1999999999999993
-10.03047892,-1.412899745, 3.1999999999999993
-9.998976294,-1.512899745, 3.1999999999999993
-9.832661888,-1.812899745, 3.1999999999999993
-9.764812442,-2.012899745, 3.1999999999999993
-9.746406993,-2.112899745, 3.1999999999999993
-9.629849713,-2.412899745, 3.1999999999999993
-9.533519437,-2.612899745, 3.1999999999999993
-9.355179887,-2.912899745, 3.1999999999999993
-9.326097164,-3.012899745, 3.1999999999999993
-9.239691152,-3.212899745, 3.1999999999999993
-9.210124942,-3.312899745, 3.1999999999999993
-9.171859636,-3.512899745, 3.1999999999999993
-9.153673329,-3.712899745, 3.1999999999999993
-9.155179887,-3.812899745, 3.1999999999999993
-9.220731003,-4.012899745, 3.1999999999999993
-9.271273591,-4.312899745, 3.1999999999999993
-9.316576555,-4.412899745, 3.1999999999999993
-9.356353992,-4.612899745, 3.1999999999999993
-9.414682953,-4.812899745, 3.1999999999999993
-9.431030114,-5.012899745, 3.1999999999999993
-9.437635402,-5.612899745, 3.1999999999999993
-9.430403912,-5.812899745, 3.1999999999999993
-9.403914751,-6.012899745, 3.1999999999999993
-9.397193908,-6.212899745, 3.1999999999999993
-9.35258526,-6.412899745, 3.1999999999999993
-9.323826865,-6.612899745, 3.1999999999999993
-9.265821145,-6.812899745, 3.1999999999999993
-9.226905764,-7.012899745, 3.1999999999999993
-9.147239825,-7.129493155, 3.1999999999999993
-9.047687374,-7.335517581, 3.1999999999999993
-9.031226225,-7.424357472, 3.1999999999999993
-8.953883651,-7.501700046, 3.1999999999999993
-8.888896026,-7.594511992, 3.1999999999999993
-8.804695439,-7.805894537, 3.1999999999999993
-8.733889747,-7.90452455, 3.1999999999999993
-8.686006056,-8.007211457, 3.1999999999999993
-8.654431504,-8.165909987, 3.1999999999999993
-8.463894631,-8.568681543, 3.1999999999999993
-8.41482793,-8.657282901, 3.1999999999999993
-8.23852092,-8.833589912, 3.1999999999999993
-7.990099825,-8.958327031, 3.1999999999999993
-7.897287879,-9.023314655, 3.1999999999999993
-7.81119705,-9.109405484, 3.1999999999999993
-7.473412228,-9.268339589, 3.1999999999999993
-7.371689847,-9.337432305, 3.1999999999999993
-7.216829771,-9.358410593, 3.1999999999999993
-6.807171997,-9.44947486, 3.1999999999999993
-6.670713196,-9.49126866, 3.1999999999999993
-6.351686956,-9.49126866, 3.1999999999999993
-6.238815641,-9.50114362, 3.1999999999999993
-6.108239236,-9.542937419, 3.1999999999999993
-4.585944743,-9.542937419, 3.1999999999999993
-6.167658437,-9.753631213, 2.599999999999998
-6.348445143,-9.703403957, 2.599999999999998
-6.426002236,-9.701962454, 2.599999999999998
-6.574000049,-9.667024909, 2.599999999999998
-6.722769326,-9.600467822, 2.599999999999998
-6.867203592,-9.584420792, 2.599999999999998
-6.974531148,-9.548113155, 2.599999999999998
-7.073923402,-9.493719878, 2.599999999999998
-7.194025166,-9.46034987, 2.599999999999998
-7.365738429,-9.379258581, 2.599999999999998
-7.500877748,-9.285854542, 2.599999999999998
-7.624082228,-9.224252302, 2.599999999999998
-7.759221546,-9.130848263, 2.599999999999998
-7.99391191,-9.000954645, 2.599999999999998
-8.158967355,-8.925363521, 2.599999999999998
-8.400395264,-8.752813814, 2.599999999999998
-8.49565258,-8.699923445, 2.599999999999998
-8.568044194,-8.637475198, 2.599999999999998
-8.774719233,-8.43080016, 2.599999999999998
-8.847548654,-8.344005435, 2.599999999999998
-8.988986305,-8.104744399, 2.599999999999998
-9.035769863,-7.952697837, 2.599999999999998
-9.132575067,-7.780143767, 2.599999999999998
-9.161899903,-7.67070199, 2.599999999999998
-9.171774864,-7.557830674, 2.599999999999998
-9.171774864,-6.317780441, 2.599999999999998
-9.161899903,-6.204909126, 2.599999999999998
-9.111825097,-6.050968893, 2.599999999999998
-9.111825097,-5.026061449, 2.599999999999998
-9.121700057,-4.758183854, 2.599999999999998
-9.163493857,-4.622002298, 2.599999999999998
-9.163493857,-4.195596637, 2.599999999999998
-9.082300446,-4.142492069, 2.599999999999998
-9.049195294,-4.012899745, 2.599999999999998
-9.031806358,-3.712899745, 2.599999999999998
-9.040147773,-3.612899745, 2.599999999999998
-9.121135305,-3.412899745, 2.599999999999998
-9.200687856,-3.312899745, 2.599999999999998
-9.249114579,-3.212899745, 2.599999999999998
-9.337770445,-3.112899745, 2.599999999999998
-9.658824364,-2.612899745, 2.599999999999998
-9.735124942,-2.412899745, 2.599999999999998
-9.813895892,-2.112899745, 2.599999999999998
-9.847932824,-1.812899745, 2.599999999999998
-9.917664625,-1.612899745, 2.599999999999998
-9.967383007,-1.212899745, 2.599999999999998
-9.958400804,-1.012899745, 2.599999999999998
-9.929897669,-0.812899745, 2.599999999999998
-9.874285781,-0.612899745, 2.599999999999998
-9.832841837,-0.412899745, 2.599999999999998
-9.798976294,-0.312899745, 2.599999999999998
-9.688534033,-0.112899745, 2.599999999999998
-9.61268176,-0.012899745, 2.599999999999998
-9.285124942, 0.3738349500554765, 2.599999999999998
-9.200124942, 0.4871002554976531, 2.599999999999998
-9.085124942, 0.5997714890592967, 2.599999999999998
-8.885124942, 0.7485756658801659, 2.599999999999998
-8.685124942, 0.8625440430716171, 2.599999999999998
-8.385124942, 1.074429023305873, 2.599999999999998
-7.968458275, 1.4871002554976531, 2.599999999999998
-7.785124942, 1.6484516073895445, 2.599999999999998
-7.685124942, 1.7545053194217033, 2.599999999999998
-7.485124942, 1.9321660456292324, 2.599999999999998
-7.284670397, 2.0871002554976528, 2.599999999999998
-7.185124942, 2.142125381628306, 2.599999999999998
-7.085124942, 2.1698924639392114, 2.599999999999998
-6.985124942, 2.2347565060184866, 2.599999999999998
-6.885124942, 2.2563937343020015, 2.599999999999998
-6.685124942, 2.3253929389122856, 2.599999999999998
-6.185124942, 2.402663170067191, 2.599999999999998
-5.985124942, 2.409827528830986, 2.599999999999998
-5.185124942, 2.409356353668384, 2.599999999999998
-4.985124942, 2.402100256164319, 2.599999999999998
-4.685124942, 2.3472417654033126, 2.599999999999998
-4.185124942, 2.286709631278903, 2.599999999999998
-3.985124942, 2.2371002559584827, 2.599999999999998
-3.885124942, 2.200365562300373, 2.599999999999998
-3.585124942, 2.1258021790553467, 2.599999999999998
-3.285124942, 2.0069115768813006, 2.599999999999998
-3.085124942, 1.8960288276405102, 2.599999999999998
-2.915333274, 1.7871002554976538, 2.599999999999998
-2.545316024, 1.4871002554976531, 2.599999999999998
-2.285124942, 1.2312179032100712, 2.599999999999998
-2.057568123, 0.9871002554976531, 2.599999999999998
-1.85084659, 0.6871002554976524, 2.599999999999998
-1.585124942, 0.3630436526674643, 2.599999999999998
-1.54507519, 0.28710025549765383, 2.599999999999998
-1.384734316,0.087100255, 2.599999999999998
-1.325284515,-0.012899745, 2.599999999999998
-1.180989602,-0.212899745, 2.599999999999998
-1.136560348,-0.312899745, 2.599999999999998
-0.974913673,-0.512899745, 2.599999999999998
-0.785124942,-0.799871575, 2.599999999999998
-0.731333472,-0.912899745, 2.599999999999998
-0.657982084,-1.012899745, 2.599999999999998
-0.626144359,-1.112899745, 2.599999999999998
-0.555179886,-1.212899745, 2.599999999999998
-0.528552171,-1.312899745, 2.599999999999998
-0.467917149,-1.412899745, 2.599999999999998
-0.408317712,-1.612899745, 2.599999999999998
-0.36531362,-1.712899745, 2.599999999999998
-0.352230204,-1.812899745, 2.599999999999998
-0.293398322,-2.512899745, 2.599999999999998
-0.286287731,-2.712899745, 2.599999999999998
-0.292733636,-4.212899745, 2.599999999999998
-0.295336208,-4.312899745, 2.599999999999998
-0.323231737,-4.612899745, 2.599999999999998
-0.35294409,-5.112899745, 2.599999999999998
-0.543769801,-5.912899745, 2.599999999999998
-0.57428578,-6.012899745, 2.599999999999998
-0.64526645,-6.312899745, 2.599999999999998
-0.723231737,-6.512899745, 2.599999999999998
-0.741261305,-6.612899745, 2.599999999999998
-0.830600054,-6.912899745, 2.599999999999998
-0.885124942,-7.036012953, 2.599999999999998
-1.03195752,-7.312899745, 2.599999999999998
-1.074913673,-7.412899745, 2.599999999999998
-1.185124942,-7.596734332, 2.599999999999998
-1.370882245,-7.871617929, 2.599999999999998
-1.400710937,-7.986818806, 2.599999999999998
-1.469078386,-8.122649129, 2.599999999999998
-1.582399831,-8.292336676, 2.599999999999998
-1.670560846,-8.394462994, 2.599999999999998
-1.799848453,-8.575179127, 2.599999999999998
-2.171916849,-8.947487757, 2.599999999999998
-2.258711574,-9.020317178, 2.599999999999998
-2.433432305,-9.105155372, 2.599999999999998
-2.517055372,-9.175323457, 2.599999999999998
-2.633529822,-9.238654139, 2.599999999999998
-2.719886335,-9.30912866, 2.599999999999998
-2.862208992,-9.370479859, 2.599999999999998
-2.93040545,-9.433667255, 2.599999999999998
-3.028528263,-9.490318488, 2.599999999999998
-3.511032163,-9.672868849, 2.599999999999998
-3.621234032,-9.699193683, 2.599999999999998
-3.793675708,-9.706224706, 2.599999999999998
-3.965390214,-9.748018505, 2.599999999999998
-4.078261529,-9.757893465, 2.599999999999998
-6.167658437,-9.753631213, 2.599999999999998
-0.646429512,-3.00155636, 0.7999999999999972
-0.73865755,-2.812899745, 0.7999999999999972
-0.805437441,-2.712899745, 0.7999999999999972
-0.849489582,-2.612899745, 0.7999999999999972
-0.92401383,-2.512899745, 0.7999999999999972
-0.985124942,-2.381342367, 0.7999999999999972
-1.146263555,-2.112899745, 0.7999999999999972
-1.3633458,-1.812899745, 0.7999999999999972
-1.598976292,-1.512899745, 0.7999999999999972
-1.737006661,-1.312899745, 0.7999999999999972
-1.919102842,-1.112899745, 0.7999999999999972
-2.08396215,-0.912899745, 0.7999999999999972
-2.288534032,-0.712899745, 0.7999999999999972
-2.485124942,-0.563171483, 0.7999999999999972
-2.622353202,-0.412899745, 0.7999999999999972
-2.777516245,-0.212899745, 0.7999999999999972
-2.885124942,-0.092707436, 0.7999999999999972
-3.300601131, 0.28710025549765383, 0.7999999999999972
-3.685124942, 0.6146196361178067, 0.7999999999999972
-3.785124942, 0.6734638926877352, 0.7999999999999972
-3.985124942, 0.8135495315846093, 0.7999999999999972
-4.085124942, 0.8513859705352473, 0.7999999999999972
-4.185124942, 0.9198588768769635, 0.7999999999999972
-4.485124942,1.092655812, 0.7999999999999972
-4.685124942, 1.1677964586622096, 0.7999999999999972
-4.785124942, 1.2185518689385137, 0.7999999999999972
-4.985124942, 1.2643729833764397, 0.7999999999999972
-5.085124942, 1.3064040535989196, 0.7999999999999972
-5.685124942, 1.359957398926225, 0.7999999999999972
-5.885124942, 1.3648441585464326, 0.7999999999999972
-6.385124942, 1.3479027252507407, 0.7999999999999972
-7.085124942, 1.3470381443175299, 0.7999999999999972
-7.285124942, 1.3364466613800072, 0.7999999999999972
-7.485124942, 1.3061974784143207, 0.7999999999999972
-7.785124942, 1.215823660462192, 0.7999999999999972
-7.985124942, 1.1208039599420996, 0.7999999999999972
-8.085124942, 1.0531450323633251, 0.7999999999999972
-8.185124942, 1.0074706266087627, 0.7999999999999972
-8.485124942, 0.7602295078786039, 0.7999999999999972
-8.785124942, 0.6402010314666455, 0.7999999999999972
-8.885124942,0.587531291, 0.7999999999999972
-9.036423644, 0.4871002554976531, 0.7999999999999972
-9.149659826, 0.3871002554976535, 0.7999999999999972
-9.242347165, 0.28710025549765383, 0.7999999999999972
-9.385583658,0.087100255, 0.7999999999999972
-9.577029704,-0.312899745, 0.7999999999999972
-9.642069387,-0.612899745, 0.7999999999999972
-9.651034033,-0.912899745, 0.7999999999999972
-9.628702924,-1.112899745, 0.7999999999999972
-9.57537918,-1.412899745, 0.7999999999999972
-9.462432635,-1.812899745, 0.7999999999999972
-9.414324942,-2.012899745, 0.7999999999999972
-9.24327309,-2.412899745, 0.7999999999999972
-9.092110236,-2.912899745, 0.7999999999999972
-8.955183082,-3.212899745, 0.7999999999999972
-8.905437442,-3.512899745, 0.7999999999999972
-8.849410656,-3.712899745, 0.7999999999999972
-8.819740327,-4.212899745, 0.7999999999999972
-8.819740327,-4.812899745, 0.7999999999999972
-8.845596146,-5.312899745, 0.7999999999999972
-8.910563539,-5.512899745, 0.7999999999999972
-8.927244507,-5.612899745, 0.7999999999999972
-8.936217838,-5.812899745, 0.7999999999999972
-8.926454422,-6.212899745, 0.7999999999999972
-8.899554472,-6.612899745, 0.7999999999999972
-8.856803264,-6.812899745, 0.7999999999999972
-8.800198472,-7.012899745, 0.7999999999999972
-8.71784553,-7.212899745, 0.7999999999999972
-8.613874942,-7.412899745, 0.7999999999999972
-8.248102042,-7.912899745, 0.7999999999999972
-8.199691871,-8.012899745, 0.7999999999999972
-8.003567565,-8.312899745, 0.7999999999999972
-7.836315418,-8.512899745, 0.7999999999999972
-7.538041609,-8.812899745, 0.7999999999999972
-7.416776319,-8.912899745, 0.7999999999999972
-7.085124942,-9.149345528, 0.7999999999999972
-6.885124942,-9.263171484, 0.7999999999999972
-6.685124942,-9.357200263, 0.7999999999999972
-6.485124942,-9.397336831, 0.7999999999999972
-6.385124942,-9.445794482, 0.7999999999999972
-6.185124942,-9.483341734, 0.7999999999999972
-6.085124942,-9.5428448, 0.7999999999999972
-5.985124942,-9.562649745, 0.7999999999999972
-5.785124942,-9.581448132, 0.7999999999999972
-5.585124942,-9.629018166, 0.7999999999999972
-5.185124942,-9.645276795, 0.7999999999999972
-4.785124942,-9.713338342, 0.7999999999999972
-4.585124942,-9.718934229, 0.7999999999999972
-4.285124942,-9.813309581, 0.7999999999999972
-3.549902786,-9.817110337, 0.7999999999999972
-3.423514017,-9.786398838, 0.7999999999999972
-3.266548815,-9.681689666, 0.7999999999999972
-3.121349338,-9.608505405, 0.7999999999999972
-2.842673165,-9.333327213, 0.7999999999999972
-2.772818371,-9.287749826, 0.7999999999999972
-2.635998126,-9.126652174, 0.7999999999999972
-2.497393542,-9.036218369, 0.7999999999999972
-2.26445551,-8.803280337, 0.7999999999999972
-2.177660786,-8.730450916, 0.7999999999999972
-2.095269925,-8.685763512, 0.7999999999999972
-1.972180023,-8.56267361, 0.7999999999999972
-1.889414912,-8.431737721, 0.7999999999999972
-1.750925089,-8.291614897, 0.7999999999999972
-1.696058738,-8.162868349, 0.7999999999999972
-1.631071114,-8.070056403, 0.7999999999999972
-1.360191947,-7.799177236, 0.7999999999999972
-1.30889221,-7.644810122, 0.7999999999999972
-1.258230177,-7.567162278, 0.7999999999999972
-1.227254832,-7.4388551, 0.7999999999999972
-1.159448466,-7.309222855, 0.7999999999999972
-1.123917313,-7.128842542, 0.7999999999999972
-1.051298764,-6.995875558, 0.7999999999999972
-1.004528482,-6.836706268, 0.7999999999999972
-0.981133658,-6.700819351, 0.7999999999999972
-0.917242274,-6.508817426, 0.7999999999999972
-0.848276695,-6.365935311, 0.7999999999999972
-0.801435791,-6.162434101, 0.7999999999999972
-0.798962345,-5.847779131, 0.7999999999999972
-0.749767032,-5.640559178, 0.7999999999999972
-0.749767032,-5.181067728, 0.7999999999999972
-0.742736009,-5.085721548, 0.7999999999999972
-0.698098272,-4.933936112, 0.7999999999999972
-0.698098272,-4.199361293, 0.7999999999999972
-0.675950059,-4.031128914, 0.7999999999999972
-0.646429512,-3.950021878, 0.7999999999999972
-0.646429512,-3.00155636, 0.7999999999999972
-5.765726092,-5.494387952,-2.4
-5.919578169,-5.641624696,-2.4
-5.984565794,-5.734436643,-2.4
-6.032449485,-5.837123549,-2.4
-6.101169828,-6.046210542,-2.4
-6.120844595,-6.157791689,-2.4
-6.123318041,-6.47278672,-2.4
-6.113443081,-6.585658036,-2.4
-6.084118245,-6.695099813,-2.4
-6.036234554,-6.79778672,-2.4
-5.971246929,-6.890598667,-2.4
-5.787792468,-7.074053128,-2.4
-5.644682392,-7.165224301,-2.4
-5.538212901,-7.203976027,-2.4
-5.426631754,-7.223650793,-2.4
-5.271844511,-7.225104723,-2.4
-5.121170519,-7.267918039,-2.4
-5.008299204,-7.277792999,-2.4
-4.69110717,-7.275123584,-2.4
-4.017058973,-7.216249279,-2.4
-3.907617196,-7.186924443,-2.4
-3.804930289,-7.139040752,-2.4
-3.712118342,-7.074053128,-2.4
-3.632001401,-6.993936186,-2.4
-3.535867094,-6.82794329,-2.4
-3.614258478,-6.716131694,-2.4
-3.583267808,-6.52445548,-2.4
-3.593142769,-6.256577885,-2.4
-3.622467605,-6.147136108,-2.4
-3.670351296,-6.044449201,-2.4
-3.73533892,-5.951637255,-2.4
-3.815455862,-5.871520313,-2.4
-3.908267808,-5.806532688,-2.4
-4.010954715,-5.758648997,-2.4
-4.174564878,-5.724585042,-2.4
-4.371916016,-5.62534286,-2.4
-4.478385506,-5.586591135,-2.4
-4.589966653,-5.566916368,-2.4
-4.749955405,-5.564442922,-2.4
-4.96616424,-5.574317882,-2.4
-5.075606018,-5.603642718,-2.4
-5.20285629,-5.668725863,-2.4
-5.431183077,-5.666186488,-2.4
-5.540624855,-5.636861652,-2.4
-5.643311762,-5.588977961,-2.4
-5.765726092,-5.494387952,-2.4
-0.645974873,-6.020455826, 1.1999999999999993
-0.641740356,-3.73241392, 1.1999999999999993
-0.658898475,-3.181624153, 1.1999999999999993
-0.739892071,-2.917176097, 1.1999999999999993
-0.749767032,-2.780043965, 1.1999999999999993
-0.779287578,-2.714193362, 1.1999999999999993
-0.798962345,-2.590480412, 1.1999999999999993
-0.842503255,-2.454867979, 1.1999999999999993
-0.907708478,-2.395416572, 1.1999999999999993
-0.972696102,-2.302604626, 1.1999999999999993
-1.020579793,-2.199917719, 1.1999999999999993
-1.049904629,-2.090475941, 1.1999999999999993
-1.060124941,-1.912899745, 1.1999999999999993
-1.285124942,-1.588524743, 1.1999999999999993
-1.425018557,-1.412899745, 1.1999999999999993
-1.643103664,-1.112899745, 1.1999999999999993
-1.726602213,-1.012899745, 1.1999999999999993
-2.085124942,-0.612250393, 1.1999999999999993
-2.378306758,-0.312899745, 1.1999999999999993
-2.58712494,-0.012899745, 1.1999999999999993
-2.684515184,0.087100255, 1.1999999999999993
-2.918686584, 0.3871002554976517, 1.1999999999999993
-3.185124942, 0.6660857641933031, 1.1999999999999993
-3.428696369, 0.8871002554976517, 1.1999999999999993
-3.685124942, 1.0875507068490027, 1.1999999999999993
-3.885124942, 1.1856851621014233, 1.1999999999999993
-4.085124942, 1.2556347391183404, 1.1999999999999993
-4.685124942, 1.4536325143686177, 1.1999999999999993
-4.885124942, 1.5296928488309849, 1.1999999999999993
-5.185124942,1.595373638, 1.1999999999999993
-5.485124942, 1.6149526051620793, 1.1999999999999993
-5.685124942, 1.642329014321179, 1.1999999999999993
-5.985124942, 1.6504119444586909, 1.1999999999999993
-6.185124942,1.64564456, 1.1999999999999993
-6.485124942, 1.6280886281720708, 1.1999999999999993
-6.985124942, 1.6074127561226508, 1.1999999999999993
-7.485124942, 1.5399710693732498, 1.1999999999999993
-7.672413079, 1.4871002554976513, 1.1999999999999993
-7.885124942, 1.3966747242919784, 1.1999999999999993
-8.078378911, 1.2871002554976503, 1.1999999999999993
-8.285124942, 1.1407113671643163, 1.1999999999999993
-8.485124942, 0.9693583206589409, 1.1999999999999993
-8.585124942, 0.8979394170361132, 1.1999999999999993
-8.685124942, 0.8563937343019994, 1.1999999999999993
-8.885124942, 0.8138243940033973, 1.1999999999999993
-8.985124942, 0.7517909776625995, 1.1999999999999993
-9.085124942,0.711207399, 1.1999999999999993
-9.334291609, 0.48710025549765135, 1.1999999999999993
-9.502866878, 0.2871002554976503, 1.1999999999999993
-9.616206023,0.087100255, 1.1999999999999993
-9.646423019,-0.012899745, 1.1999999999999993
-9.748557778,-0.212899745, 1.1999999999999993
-9.815452811,-0.412899745, 1.1999999999999993
-9.840319747,-0.612899745, 1.1999999999999993
-9.851878869,-1.012899745, 1.1999999999999993
-9.840801798,-1.212899745, 1.1999999999999993
-9.817305793,-1.412899745, 1.1999999999999993
-9.734461225,-1.712899745, 1.1999999999999993
-9.614291609,-2.212899745, 1.1999999999999993
-9.555958275,-2.312899745, 1.1999999999999993
-9.527052025,-2.412899745, 1.1999999999999993
-9.472453709,-2.512899745, 1.1999999999999993
-9.41142552,-2.712899745, 1.1999999999999993
-9.267383007,-3.012899745, 1.1999999999999993
-9.120911744,-3.212899745, 1.1999999999999993
-9.070695412,-3.312899745, 1.1999999999999993
-9.003394173,-3.512899745, 1.1999999999999993
-8.957982085,-3.612899745, 1.1999999999999993
-8.94229983,-3.712899745, 1.1999999999999993
-8.916943124,-4.212899745, 1.1999999999999993
-8.94281725,-4.812899745, 1.1999999999999993
-8.95258526,-4.912899745, 1.1999999999999993
-9.085515567,-5.612899745, 1.1999999999999993
-9.10442874,-5.812899745, 1.1999999999999993
-9.105932396,-6.612899745, 1.1999999999999993
-9.086287733,-6.812899745, 1.1999999999999993
-9.014291609,-7.112899745, 1.1999999999999993
-8.961472248,-7.212899745, 1.1999999999999993
-8.902866878,-7.412899745, 1.1999999999999993
-8.785124942,-7.609501687, 1.1999999999999993
-8.685124942,-7.715792307, 1.1999999999999993
-8.615184466,-7.812899745, 1.1999999999999993
-8.440427972,-8.012899745, 1.1999999999999993
-8.30738104,-8.212899745, 1.1999999999999993
-8.222909033,-8.312899745, 1.1999999999999993
-7.754942015,-8.812899745, 1.1999999999999993
-7.645795674,-8.912899745, 1.1999999999999993
-7.485124942,-9.040865847, 1.1999999999999993
-7.185124942,-9.248829393, 1.1999999999999993
-7.085124942,-9.288343532, 1.1999999999999993
-6.985124942,-9.348829393, 1.1999999999999993
-6.785124942,-9.4428448, 1.1999999999999993
-6.585124942,-9.483733078, 1.1999999999999993
-6.385124942,-9.546493495, 1.1999999999999993
-6.185124942,-9.590172472, 1.1999999999999993
-6.085124942,-9.642066412, 1.1999999999999993
-5.885124942,-9.674197822, 1.1999999999999993
-5.685124942,-9.750399745, 1.1999999999999993
-5.513915109,-9.771705348, 1.1999999999999993
-5.333949816,-9.873699948, 1.1999999999999993
-5.141947891,-9.937591332, 1.1999999999999993
-4.915993786,-9.989857819, 1.1999999999999993
-4.817262219,-9.943818534, 1.1999999999999993
-4.707820442,-9.914493698, 1.1999999999999993
-4.594949126,-9.904618737, 1.1999999999999993
-4.23767712,-9.904618737, 1.1999999999999993
-4.110606568,-9.818234784, 1.1999999999999993
-3.785016311,-9.655645243, 1.1999999999999993
-3.628230133,-9.526683387, 1.1999999999999993
-3.525543227,-9.478799696, 1.1999999999999993
-3.389636248,-9.437174906, 1.1999999999999993
-3.214880056,-9.320008349, 1.1999999999999993
-3.112193149,-9.272124657, 1.1999999999999993
-3.023692201,-9.25250447, 1.1999999999999993
-2.832811866,-9.061624135, 1.1999999999999993
-2.684949633,-8.95330687, 1.1999999999999993
-2.612777548,-8.845087798, 1.1999999999999993
-2.467236603,-8.702076606, 1.1999999999999993
-2.372684343,-8.639648095, 1.1999999999999993
-2.279346118,-8.604783581, 1.1999999999999993
-2.223566237,-8.513990632, 1.1999999999999993
-2.148393455,-8.429217396, 1.1999999999999993
-2.059641999,-8.358785672, 1.1999999999999993
-1.876071758,-8.263506578, 1.1999999999999993
-1.778713818,-8.172475734, 1.1999999999999993
-1.586634852,-8.050838597, 1.1999999999999993
-1.463486069,-7.902439589, 1.1999999999999993
-1.269389796,-7.605037565, 1.1999999999999993
-1.236288052,-7.571118372, 1.1999999999999993
-1.146163543,-7.370479357, 1.1999999999999993
-1.086853523,-7.273940399, 1.1999999999999993
-0.943634669,-7.135772927, 1.1999999999999993
-0.839487261,-7.017188037, 1.1999999999999993
-0.766021063,-6.819480597, 1.1999999999999993
-0.749767032,-6.731130519, 1.1999999999999993
-0.747293585,-6.312797968, 1.1999999999999993
-0.710567235,-6.147136108, 1.1999999999999993
-0.645974873,-6.020455826, 1.1999999999999993
-0.284748194,-3.888474466, 1.3999999999999986
-0.371859635,-3.412899745, 1.3999999999999986
-0.405932394,-3.312899745, 1.3999999999999986
-0.477516245,-3.012899745, 1.3999999999999986
-0.518371014,-2.912899745, 1.3999999999999986
-0.5633458,-2.712899745, 1.3999999999999986
-0.741301412,-2.212899745, 1.3999999999999986
-0.869080165,-1.912899745, 1.3999999999999986
-0.972624941,-1.712899745, 1.3999999999999986
-1.085124942,-1.53519704, 1.3999999999999986
-1.307063716,-1.212899745, 1.3999999999999986
-1.529630435,-0.912899745, 1.3999999999999986
-1.691672559,-0.712899745, 1.3999999999999986
-1.871663402,-0.512899745, 1.3999999999999986
-2.065843309,-0.27956927, 1.3999999999999986
-2.141800366,-0.10857571, 1.3999999999999986
-2.175742333,0.001446297, 1.3999999999999986
-2.29894336, 0.24348436729297288, 1.3999999999999986
-2.376573431, 0.5013688492466364, 1.3999999999999986
-2.463508661, 0.6898471578251459, 1.3999999999999986
-2.57448744, 0.8897236342825483, 1.3999999999999986
-2.791941966, 1.1171215270575798, 1.3999999999999986
-2.93040545, 1.2416197077814002, 1.3999999999999986
-3.044128295, 1.3176390963745876, 1.3999999999999986
-3.240418008, 1.4999635063175607, 1.3999999999999986
-3.335481396, 1.555356122308128, 1.3999999999999986
-3.653768086, 1.8616448242681924, 1.3999999999999986
-3.751890899, 1.9182960570541696, 1.3999999999999986
-3.896478128, 1.9647006997620984, 1.3999999999999986
-4.010234698, 2.021633576468632, 1.3999999999999986
-4.234394799, 2.100846418334877, 1.3999999999999986
-4.36456242, 2.1283696583893623, 1.3999999999999986
-4.476624165, 2.202125066183627, 1.3999999999999986
-4.647788847, 2.2707421592367747, 1.3999999999999986
-4.801624165, 2.289208553723742, 1.3999999999999986
-5.473318041, 2.289208553723742, 1.3999999999999986
-5.689526876, 2.279333593181677, 1.3999999999999986
-5.886334809, 2.2317934056862576, 1.3999999999999986
-6.202159575, 2.1853123654581608, 1.3999999999999986
-6.581008515, 2.1816087823172077, 1.3999999999999986
-6.729006328, 2.146671237820116, 1.3999999999999986
-7.029152123, 2.012432391624917, 1.3999999999999986
-7.346619491, 1.9570477825682406, 1.3999999999999986
-7.453088982, 1.9182960570541687, 1.3999999999999986
-7.612052871, 1.8390852084702394, 1.3999999999999986
-7.856491576, 1.767826907494531, 1.3999999999999986
-8.024689899, 1.6567760084755938, 1.3999999999999986
-8.330087267, 1.5304311899896026, 1.3999999999999986
-8.422899213, 1.4654435655570532, 1.3999999999999986
-8.580425817, 1.3110720306840684, 1.3999999999999986
-8.695673393, 1.1431241291021674, 1.3999999999999986
-8.813028713, 1.0236453058753399, 1.3999999999999986
-8.901858121,0.884591286, 1.3999999999999986
-8.99125557, 0.7937496893630289, 1.3999999999999986
-9.285124942, 0.5267776754976534, 1.3999999999999986
-9.485124942, 0.28096818096935117, 1.3999999999999986
-9.593398324,0.087100255, 1.3999999999999986
-9.672453709,-0.112899745, 1.3999999999999986
-9.724120157,-0.212899745, 1.3999999999999986
-9.807852215,-0.512899745, 1.3999999999999986
-9.850509557,-1.012899745, 1.3999999999999986
-9.847624942,-1.212899745, 1.3999999999999986
-9.817305793,-1.512899745, 1.3999999999999986
-9.799554472,-1.612899745, 1.3999999999999986
-9.743880702,-1.812899745, 1.3999999999999986
-9.710997035,-2.112899745, 1.3999999999999986
-9.608317713,-2.412899745, 1.3999999999999986
-9.555179887,-2.512899745, 1.3999999999999986
-9.524130178,-2.612899745, 1.3999999999999986
-9.430421972,-2.812899745, 1.3999999999999986
-9.322496076,-3.012899745, 1.3999999999999986
-9.147432634,-3.212899745, 1.3999999999999986
-8.985124942,-3.504263382, 1.3999999999999986
-8.945266451,-3.612899745, 1.3999999999999986
-8.934108682,-3.712899745, 1.3999999999999986
-8.91184908,-4.112899745, 1.3999999999999986
-8.951878869,-4.512899745, 1.3999999999999986
-9.035585771,-5.012899745, 1.3999999999999986
-9.05715884,-5.212899745, 1.3999999999999986
-9.116943124,-5.412899745, 1.3999999999999986
-9.138292363,-5.612899745, 1.3999999999999986
-9.144427268,-5.812899745, 1.3999999999999986
-9.146129727,-6.612899745, 1.3999999999999986
-9.14080676,-6.812899745, 1.3999999999999986
-9.115452811,-7.012899745, 1.3999999999999986
-9.069562028,-7.112899745, 1.3999999999999986
-9.008777637,-7.312899745, 1.3999999999999986
-8.917267799,-7.512899745, 1.3999999999999986
-8.785124942,-7.705914451, 1.3999999999999986
-8.485124942,-8.021892551, 1.3999999999999986
-8.285124942,-8.263861284, 1.3999999999999986
-7.985124942,-8.531773917, 1.3999999999999986
-7.753838392,-8.812899745, 1.3999999999999986
-7.585124942,-8.972410615, 1.3999999999999986
-7.271719145,-9.212899745, 1.3999999999999986
-7.185124942,-9.267217927, 1.3999999999999986
-6.785124942,-9.459138683, 1.3999999999999986
-6.485124942,-9.546837569, 1.3999999999999986
-6.285124942,-9.586175607, 1.3999999999999986
-6.085124942,-9.655724857, 1.3999999999999986
-5.885124942,-9.695691953, 1.3999999999999986
-5.685124942,-9.757464962, 1.3999999999999986
-5.485124942,-9.778961921, 1.3999999999999986
-5.085124942,-9.849149745, 1.3999999999999986
-4.785124942,-9.863369229, 1.3999999999999986
-4.485124942,-9.893088424, 1.3999999999999986
-4.270672348,-9.907003664, 1.3999999999999986
-4.134392157,-9.746677291, 1.3999999999999986
-4.041580211,-9.681689666, 1.3999999999999986
-3.938893304,-9.633805975, 1.3999999999999986
-3.829451527,-9.604481139, 1.3999999999999986
-3.621534807,-9.595501258, 1.3999999999999986
-3.524892614,-9.526683387, 1.3999999999999986
-3.318094056,-9.447066787, 1.3999999999999986
-3.214880056,-9.371677108, 1.3999999999999986
-2.975525125,-9.257984105, 1.3999999999999986
-2.808772221,-9.14441999, 1.3999999999999986
-2.679667115,-9.030479548, 1.3999999999999986
-2.504338608,-8.939825915, 1.3999999999999986
-2.398738935,-8.84416961, 1.3999999999999986
-2.301188209,-8.791842258, 1.3999999999999986
-1.96430425,-8.454958298, 1.3999999999999986
-1.856865704,-8.381983001, 1.3999999999999986
-1.786077393,-8.276731441, 1.3999999999999986
-1.705960451,-8.1966145, 1.3999999999999986
-1.549326325,-8.099637616, 1.3999999999999986
-1.462187098,-8.003527224, 1.3999999999999986
-1.38604618,-7.852855791, 1.3999999999999986
-1.254406369,-7.692903418, 1.3999999999999986
-1.148903457,-7.495018549, 1.3999999999999986
-1.076033622,-7.336168194, 1.3999999999999986
-1.011045997,-7.243356247, 1.3999999999999986
-0.897678291,-7.133991574, 1.3999999999999986
-0.831667005,-7.031947369, 1.3999999999999986
-0.792204613,-6.921447486, 1.3999999999999986
-0.726622173,-6.818503677, 1.3999999999999986
-0.658898475,-6.612154945, 1.3999999999999986
-0.568714615,-6.447025289, 1.3999999999999986
-0.476551865,-6.23793104, 1.3999999999999986
-0.430523295,-6.094747331, 1.3999999999999986
-0.388085714,-6.010550066, 1.3999999999999986
-0.385612267,-5.89944789, 1.3999999999999986
-0.348885917,-5.73378603, 1.3999999999999986
-0.284748194,-5.601052607, 1.3999999999999986
-0.284748194,-3.888474466, 1.3999999999999986
-3.86394524,-9.905387994,1
-3.585934662,-9.826585555,1
-3.380814238,-9.71623899,1
-3.111542536,-9.526683387,1
-2.933150875,-9.462016356,1
-2.715550055,-9.353215947,1
-2.610112644,-9.311557283,1
-2.517873001,-9.175795515,1
-2.362049093,-9.071985937,1
-2.260288983,-8.976103019,1
-2.155374054,-8.916979658,1
-1.943816026,-8.71398188,1
-1.783334141,-8.607274413,1
-1.688024343,-8.513075361,1
-1.550954172,-8.351620779,1
-1.412371126,-8.261208511,1
-1.33437742,-8.111199589,1
-1.166052276,-7.863381364,1
-0.991350405,-7.686185033,1
-0.907708478,-7.553368806,1
-0.769218655,-7.413245982,1
-0.693868546,-7.251356017,1
-0.59434564,-7.145212466,1
-0.426217079,-6.811265855,1
-0.352670986,-6.612805558,1
-0.313477361,-6.55683126,1
-0.223665892,-6.365189435,1
-0.164457109,-6.182097883,1
-0.078073155,-6.010630292,1
-0.068198195,-5.791559048,1
-0.026404396,-5.655100247,1
-0.026404396,-4.81938641,1
-0.054710442,-4.766014876,1
-0.106379201,-4.507671077,1
-0.191486024,-4.178912049,1
-0.196052387,-3.939768123,1
-0.209716721,-3.835977201,1
-0.263854879,-3.633930842,1
-0.332938464,-3.491160996,1
-0.407254199,-3.278869301,1
-0.510660784,-3.105973531,1
-0.628185953,-2.836004823,1
-0.718516129,-2.684369414,1
-0.847741569,-2.500231111,1
-0.976859928,-2.271019337,1
-1.193336308,-2.028760859,1
-1.298932848,-1.87795337,1
-1.382240612,-1.791554847,1
-1.441878765,-1.70266298,1
-1.664589436,-1.45436881,1
-1.867289205,-1.154590734,1
-2.047393193,-0.984088023,1
-2.168180887,-0.847874309,1
-2.26113463,-0.769876858,1
-2.370984129,-0.644881505,1
-2.464808599,-0.566153427,1
-2.629024951,-0.386397176,1
-2.706774793,-0.284966143,1
-2.848995639,-0.069546781,1
-3.004367898,0.089442508,1
-3.062775562, 0.18400272746842739,1
-3.229733392, 0.36931754315105403,1
-3.59141471,0.730998861,1
-3.751651123, 0.8654531768246215,1
-3.932800933, 0.9700400681218111,1
-4.542710071, 1.196587994346412,1
-4.743026966, 1.2645094429557702,1
-4.862838608, 1.3317213860724395,1
-5.059397668, 1.4032630331753415,1
-5.26539363, 1.4395856793385542,1
-5.48817275, 1.4420393491889305,1
-5.658975643, 1.4828404521795067,1
-5.938336878, 1.4958208013356937,1
-7.281724631, 1.4958208013356937,1
-7.490102444, 1.4775901049503435,1
-7.692148803, 1.4234519462787842,1
-7.847155082,1.371783187,1
-8.03673091, 1.2833825261697853,1
-8.252925035, 1.1422288383588353,1
-8.416773877, 1.0122010402139296,1
-8.544588287, 0.8680632152363738,1
-8.780688958,0.834906676,1
-8.977248018, 0.7633650292928857,1
-9.070106104, 0.7150261693902273,1
-9.241451236, 0.5950490165916746,1
-9.370303001, 0.47265506256553336,1
-9.504757317, 0.3124186487629327,1
-9.609344208, 0.1312688392305178,1
-9.652109145, 0.011528310046097529,1
-9.764350487,-0.178743719,1
-9.835892135,-0.375302779,1
-9.872214781,-0.581298742,1
-9.876781143,-0.944229432,1
-9.858550447,-1.152607245,1
-9.752743528,-1.561328642,1
-9.66050853,-1.800712381,1
-9.629217096,-1.978174922,1
-9.597737249,-2.07801624,1
-9.509336589,-2.267592068,1
-9.42490529,-2.419621494,1
-9.287724691,-2.853047635,1
-9.24766289,-2.949765377,1
-9.084051752,-3.223323139,1
-8.946743468,-3.759064552,1
-8.928512772,-3.994389029,1
-8.895074709,-4.161579345,1
-8.895074709,-4.89253651,1
-8.928512772,-5.024358674,1
-8.943934239,-5.318231745,1
-8.977712133,-5.390668672,1
-9.031850291,-5.592715031,1
-9.050080988,-5.801092844,1
-9.050080988,-6.627792999,1
-9.031850291,-6.836170813,1
-8.977712133,-7.038217171,1
-8.907755615,-7.185937663,1
-8.834312813,-7.393278712,1
-8.729725921,-7.574428522,1
-8.616507582,-7.708724726,1
-8.555554397,-7.807693918,1
-8.41101984,-7.962044474,1
-8.369293975,-8.064972588,1
-8.264707084,-8.246122398,1
-8.151488745,-8.380418602,1
-8.090535559,-8.479387794,1
-7.76857145,-8.819708889,1
-7.608335037,-8.954163205,1
-7.424497095,-9.05496517,1
-7.298322478,-9.160838244,1
-7.117172669,-9.265425135,1
-7.050956831,-9.289525729,1
-6.88550256,-9.380072021,1
-6.68735938,-9.447101505,1
-6.461550529,-9.486422213,1
-6.332130155,-9.534726819,1
-6.195619731,-9.569492376,1
-6.022117597,-9.638064339,1
-5.834933286,-9.672436699,1
-5.660436279,-9.741401858,1
-5.320014536,-9.824643932,1
-5.250504743,-9.83379507,1
-5.092079922,-9.896408137,1
-4.650683098,-9.909494828,1
-3.86394524,-9.905387994,1