X,Y,Z
4.048036740953722, 1.3797428182927183,-54.499
3.740456059980037, 1.2130144027368144,-54.499
3.529367456580427, 1.1298465789381187,-54.499
3.347713992392474, 1.0861962900985567,-54.499
2.8937666921157126, 1.081328659164988,-54.499
2.733054826364514, 1.1116391781332777,-54.499
2.5768936848634105, 1.1180065862222663,-54.499
2.4648571470302088, 1.1533315709112701,-54.499
2.2678960653555755, 1.2603437467304324,-54.499
2.022983235323421, 1.344507339254824,-54.499
1.9215523065425268, 1.4098756013194218,-54.499
1.8147737343231984, 1.4367225548518308,-54.499
1.7105734024617734, 1.490965814275447,-54.499
1.5225471909186792, 1.6397197240115502,-54.499
1.4490040085856042, 1.7468438899832206,-54.499
1.3314916356747433, 1.8700475810624824,-54.499
1.1541830554105663, 2.1969451329150207,-54.499
0.9992036605271117, 2.404373514049816,-54.499
0.940530984, 2.5370057699027693,-54.499
0.8775050269086591, 2.727882389030876,-54.499
0.8323302328259695, 3.0086564956972395,-54.499
0.7854318279529395, 3.125787992095057,-54.499
0.7726474010004235, 3.2591750676315008,-54.499
0.7476736160212198, 3.3453289682589733,-54.499
0.7129645691748777, 3.6966618664198223,-54.499
0.6454057079445141, 3.8610382173705062,-54.499
0.5577107077445319, 3.9471825223748285,-54.499
0.3278968862890117, 4.064514549862135,-54.499
0.26920772258220793, 4.116557244771716,-54.499
0.16767641507660036, 4.2573608540843155,-54.499
0.093131346,4.43732857,-54.499
0.093131346, 4.6532947622179535,-54.499
0.14658340330364739, 4.800153082267834,-54.499
0.27777961529824885, 4.953033965627331,-54.499
0.38962904061969994, 5.034193354773986,-54.499
0.601735511, 5.238237276167827,-54.499
0.7841858970776158, 5.427177152188516,-54.499
0.9346965887296903, 5.540599820453347,-54.499
1.0440248795986415, 5.599245140805019,-54.499
1.121523327562067, 5.676095194888562,-54.499
1.295707224375707, 5.938698479486606,-54.499
1.3604551148159267, 6.000663601743257,-54.499
1.4210158834130657, 6.116443362875045,-54.499
1.6855562265208779, 6.477359907270876,-54.499
1.8475441103317083, 6.769686532510854,-54.499
1.9104855977847381, 6.854075290443125,-54.499
2.118381841055404, 7.055325064916561,-54.499
2.367084553,7.241560527,-54.499
2.4946985629429874, 7.310622027630623,-54.499
2.752793404581569, 7.379674149536241,-54.499
3.001749787978604, 7.375788428232396,-54.499
3.0845637171902487, 7.352200760989642,-54.499
3.210639699368014, 7.345947012319623,-54.499
3.3337441373928667, 7.305275759414097,-54.499
3.5847258101411357, 7.179784923039964,-54.499
3.8899159850254224, 7.196739932755759,-54.499
4.079783141862816, 7.281171153448406,-54.499
4.201749838163352, 7.387181664443964,-54.499
4.344837251953956, 7.553689175544783,-54.499
4.572529776645433, 7.723055582192915,-54.499
4.696570977254907, 7.778332879204565,-54.499
4.845432170959154, 7.874427487306161,-54.499
4.943610275228063, 7.964666458012226,-54.499
5.021061152823156, 8.004841203775607,-54.499
5.145604212875875,8.098213185,-54.499
5.331831766666622, 8.169666665161415,-54.499
5.460128460614193, 8.188343169021774,-54.499
5.758542619741922, 8.188343169021774,-54.499
5.924117270917062, 8.155765095970336,-54.499
6.284305538383638, 8.151665241964496,-54.499
6.509280002493935, 8.101522016549888,-54.499
6.64005377, 8.038530352986454,-54.499
6.759773769226469, 7.938073345642399,-54.499
6.837915449176588, 7.802727985780007,-54.499
6.8941637642334435,7.507972028,-54.499
6.998505096528652, 7.341245027386938,-54.499
7.083636127007406, 7.179815056239774,-54.499
7.171610596619023, 7.071368672083782,-54.499
7.360037760419337, 6.734864750294168,-54.499
7.395870372356046, 6.617026006469371,-54.499
7.444215739941127, 6.537042739096422,-54.499
7.512347265411219, 6.363142017201641,-54.499
7.598304741,6.173725252,-54.499
7.637979793714365, 5.999307254051223,-54.499
7.640930583555028, 5.440554143738253,-54.499
7.625597205385111, 5.324085573442125,-54.499
7.574782044384197, 5.147616854936996,-54.499
7.4645851833448225, 4.719658176899014,-54.499
7.402212253, 4.605769280560782,-54.499
7.332150106066878, 4.418348439759315,-54.499
7.298018104459433, 4.294491131347914,-54.499
7.166171024, 3.973622779079689,-54.499
7.104370401437772, 3.8604159322885683,-54.499
7.076646776478771, 3.7647328676902783,-54.499
6.991751533134258, 3.6226339444334923,-54.499
6.924130865177018, 3.484752020797417,-54.499
6.8648423075342615, 3.406122945428009,-54.499
6.751082169296957, 3.197065554958401,-54.499
6.622456117481605, 3.013828842748643,-54.499
6.425575198799694, 2.6757658107073388,-54.499
6.312152530534875, 2.525255119055284,-54.499
6.197004123664732, 2.4101067121851414,-54.499
5.864176956, 2.2159082003218193,-54.499
5.660678597507438, 2.114245110410137,-54.499
5.5060799651375545, 1.9771768730196349,-54.499
5.4071086817144725, 1.9284150400630682,-54.499
5.270616618280576, 1.8192213893159512,-54.499
5.129318415138561, 1.729646850401072,-54.499
4.909251646882094, 1.5295556343280379,-54.499
4.633499845353017, 1.3984193221530739,-54.499
4.5566521912012705, 1.3826936081333794,-54.499
4.048036740953722, 1.3797428182927183,-54.499
5.568111556477085,7.017691437,-56.299
5.721796618972862, 6.971594016633585,-56.299
5.859225687367877, 6.897178025463776,-56.299
5.927533591712003, 6.833043168132027,-56.299
6.017174044344549, 6.705023334381396,-56.299
6.057623154319342, 6.554065200834527,-56.299
6.059335540178057, 6.365638037034216,-56.299
6.029113816816211, 6.205116594075548,-56.299
6.0141607460953646, 6.040279555348671,-56.299
5.972514388, 5.913314813409935,-56.299
5.918271128282558, 5.809114481548516,-56.299
5.7153242122794135,5.539238126,-56.299
5.535921381050328, 5.3790982870757595,-56.299
5.327627463451526, 5.268485361763153,-56.299
5.212237399,5.155516976,-56.299
5.021487863013329, 5.033602915288019,-56.299
4.939093062794867, 4.961318464296937,-56.299
4.798065468603402, 4.895579296106375,-56.299
4.695381369188758, 4.823825728182346,-56.299
4.532147473963284, 4.767156194605992,-56.299
4.415678903667137, 4.751822816436069,-56.299
3.902287138012267, 4.751822816436069,-56.299
3.7591677535861305, 4.721981400523295,-56.299
3.3826119145082827, 4.728817911667802,-56.299
3.2478775682259093, 4.776616467005239,-56.299
3.0979546185724405, 4.808802552995185,-56.299
2.9074980194178965, 4.9016356324713914,-56.299
2.784458551971172, 5.002990428553219,-56.299
2.6077605712997145, 5.192608701567081,-56.299
2.5401274509985385, 5.362412463788134,-56.299
2.5332909398540324, 5.5300783914765725,-56.299
2.5401274509985385, 5.727585735077782,-56.299
2.5902706764131462, 5.892877367362534,-56.299
2.6445139358367586, 5.9970776992239525,-56.299
2.8134021791461805, 6.203053965920614,-56.299
2.9024777323762585, 6.259619680696734,-56.299
2.993754286711026, 6.346318050098216,-56.299
3.2473626191032006, 6.463643685166337,-56.299
3.560741189053706, 6.644732209225943,-56.299
3.7183838870678576, 6.713601972893013,-56.299
4.231928423257814, 6.9675482118645125,-56.299
4.307695807804246, 6.987850021366347,-56.299
4.442564605105591, 6.994686532510854,-56.299
4.528718505733063, 7.019660317490057,-56.299
4.714093062794867, 7.024527948423627,-56.299
5.568111556477085,7.017691437,-56.299
4.266471824103273,9.710255381,-50.599
4.039123065, 9.673577453515922,-50.599
3.8510483230442034,9.620731133,-50.599
3.7705503213743308, 9.613894621690374,-50.599
3.6236920013244496, 9.560442564537878,-50.599
3.5006525338777355, 9.459087768456058,-50.599
3.399297737795907, 9.336048301009335,-50.599
3.3458456806434107, 9.189189980959453,-50.599
3.343103721499373, 8.786820486351711,-50.599
3.2618050016813176, 8.644715368711635,-50.599
3.2262130916793184, 8.521303785064708,-50.599
3.140103327572872,8.156487272,-50.599
3.082756506204685, 8.047887050456188,-50.599
3.0508752263500636, 7.948702594031173,-50.599
2.9749435333735477, 7.790540787617472,-50.599
2.8668821915682474, 7.734069280896701,-50.599
2.744067649880061, 7.615643043482119,-50.599
2.648803536784409, 7.560367535110267,-50.599
2.5788881086249464, 7.490452106950803,-50.599
2.444372429, 7.306832018940769,-50.599
2.411222180936509,7.235741083,-50.599
2.387607756935231, 7.122110341903365,-50.599
2.167051281232392, 6.862478760694371,-50.599
2.0048990744822333, 6.630832751051285,-50.599
1.8925355426311654, 6.535526797742067,-50.599
1.726617009628999, 6.305463242536882,-50.599
1.5743495388208961, 6.073422423751205,-50.599
1.5099318378214919, 6.057282559294161,-50.599
1.3819120040708577,5.967642107,-50.599
1.2658658084629344, 5.849174231748286,-50.599
1.187724128512816, 5.7138288718858945,-50.599
1.1375809030982083, 5.518695823688372,-50.599
1.134441279049518, 5.427991838474862,-50.599
1.056553522385304, 5.198925723081118,-50.599
1.0424656024280519, 5.0377493187544164,-50.599
1.0015662401024328,4.869063582,-50.599
0.9597749640205929, 4.785799564606067,-50.599
0.922473353, 4.612068247943633,-50.599
0.8510067366863283, 4.405035617087677,-50.599
0.7743597868591375, 4.077227680074361,-50.599
0.7726474010004235, 3.9780794317003783,-50.599
0.7401028898212189, 3.9233439171195146,-50.599
0.6740077266596618, 3.692940606081065,-50.599
0.6122754093841449, 3.5694759715300317,-50.599
0.5908958102573544, 3.416039846602372,-50.599
0.5356284595569543, 3.211826618603942,-50.599
0.5339160736982402, 2.9455240177770206,-50.599
0.48106975301720084, 2.7732855597132517,-50.599
0.47840752801339104, 2.6847530408056177,-50.599
0.45122833710442795, 2.594237064236615,-50.599
0.44439182595992155, 1.7402185705543975,-50.599
0.4715301466062627, 1.586309506057847,-50.599
0.5257734060298731,1.482109174,-50.599
0.7158352931550658, 1.2892628699742401,-50.599
0.8896898410272346, 1.1979912275496467,-50.599
1.043598905523785, 1.1708529069033058,-50.599
1.4613787283026092, 1.1708529069033058,-50.599
1.6949096223439097, 1.2006943228160796,-50.599
1.8586958034923349, 1.2024067086747943,-50.599
2.1540819842082293, 1.2305357387288534,-50.599
2.3681197531668556, 1.234193491902019,-50.599
2.6053841610481006, 1.1571865655217635,-50.599
2.793749535336755, 1.057054224007006,-50.599
2.948747539008572,0.9592599,-50.599
3.1576374503979863,0.869735653,-50.599
3.3115465148945367, 0.8425973318628038,-50.599
3.619339342345932, 0.8443097177215177,-50.599
3.853393986257135, 0.8995770684219169,-50.599
4.004207894812323, 0.9735398981011781,-50.599
4.232122858836538, 1.0216458273394404,-50.599
4.412781810312187, 1.0369792055093614,-50.599
4.826554141589675,1.134262591,-50.599
5.172844023793119, 1.2428558186495784,-50.599
5.446397133312009, 1.3803485547641725,-50.599
5.510651557670952, 1.4253399870636296,-50.599
5.612357949953163, 1.5605036996280697,-50.599
5.845169774,1.603966108,-50.599
6.132749699, 1.7384455457174504,-50.599
6.206452071069877, 1.8042342842778119,-50.599
6.494114670704269, 1.9684284688798162,-50.599
6.717777794176835, 2.0771366701844856,-50.599
6.991254787034607, 2.200247847557727,-50.599
7.0840086579377095, 2.2877747015808865,-50.599
7.211612264699015, 2.3802652962723676,-50.599
7.339210250505143, 2.5063776421528146,-50.599
7.475967751133022, 2.6147793667936035,-50.599
7.678914667, 2.8846557220967655,-50.599
7.769151683496277, 3.0571703787207247,-50.599
7.819373342560208, 3.126655029844142,-50.599
7.912206422036416, 3.3171116289986817,-50.599
8.001730669774734, 3.526001540388094,-50.599
8.103059859989477, 3.8618561937162506,-50.599
8.207917485897717, 4.366263170878424,-50.599
8.207917485897717, 4.579438382565434,-50.599
8.230922390665983, 4.705901313707126,-50.599
8.237758901810489, 5.470395559651024,-50.599
8.233236173958014, 5.653400833608906,-50.599
8.207917485897717, 5.804951024162688,-50.599
8.207917485897717, 6.126906709732032,-50.599
8.175565508183102, 6.366783600242624,-50.599
8.178076069984943, 6.634210780249174,-50.599
8.129558150211809, 6.971397385586153,-50.599
8.058710406333848, 7.291987223568521,-50.599
8.055759616493187, 7.401853801951549,-50.599
7.971889253861962, 7.683362322128915,-50.599
7.8321541468071745,7.999272119,-50.599
7.589390419397843, 8.354549556333028,-50.599
7.540591941229143, 8.403348034501727,-50.599
7.428176280066681, 8.584877413383957,-50.599
7.147712176092517, 8.952681486676681,-50.599
7.001824564571836, 9.100990777502773,-50.599
6.944968598444606, 9.140016981042983,-50.599
6.853515273745737, 9.246878389023463,-50.599
6.610212353910157, 9.411235484974013,-50.599
6.479438586581162, 9.474227148537446,-50.599
6.125570640991685,9.602054629,-50.599
5.956049963343133, 9.643736037603148,-50.599
5.865290465758848, 9.647436719818426,-50.599
5.777001467866495, 9.673577453515922,-50.599
5.656570511711123,9.677198883,-50.599
5.568111556477085, 9.703418869428694,-50.599
5.370604212875874,9.710255381,-50.599
4.266471824103273,9.710255381,-50.599
0.6545706546394481, 2.6800348558903226,-50.299
0.6194238433091346, 2.513548836386165,-50.299
0.6066897609362942, 2.3135488363861647,-50.299
0.6050768577104879, 2.1135488363861645,-50.299
0.6166148545450898, 1.9135488363861648,-50.299
0.632793514, 1.8135488363861647,-50.299
0.7135703056463344, 1.6047428182927175,-50.299
0.8140273129903888, 1.4850228188891779,-50.299
0.949372673, 1.4068811389390594,-50.299
1.0251400573992124, 1.3865793294372246,-50.299
1.184424574, 1.377357329807066,-50.299
1.3460994337906091, 1.4525074719514361,-50.299
1.493968338053131, 1.474024588647843,-50.299
1.6241713167212353, 1.5413106349317571,-50.299
1.7550909024976529, 1.6259347634781411,-50.299
2.039748198433495, 1.7059194048055217,-50.299
2.177572710209159, 1.7127559159500279,-50.299
2.3314817747057095, 1.685617595303687,-50.299
2.4025727102091587, 1.6524673476530256,-50.299
2.5222927096126986, 1.552010340308971,-50.299
2.575220672574025, 1.4707359710208132,-50.299
2.6483564281405956, 1.430359180351682,-50.299
2.8483564281405953, 1.2904427750225282,-50.299
3.0483564281405955, 1.167744639882668,-50.299
3.2483564281405957, 1.074125758822062,-50.299
3.3483564281405953, 1.0555733756499683,-50.299
3.5483564281405955, 1.0440720916187227,-50.299
3.8483564281405953, 1.0776731296065036,-50.299
3.948356428140596, 1.1162205913479968,-50.299
4.348356428140596, 1.1788714164936915,-50.299
4.548356428140595, 1.2509774072433075,-50.299
4.6483564281405965, 1.2763464548385457,-50.299
5.1483564281405965, 1.5018064113861649,-50.299
5.348356428140596, 1.6098902989877908,-50.299
5.548356428140595, 1.7380711287428525,-50.299
5.748356428140596, 1.7901113357611647,-50.299
5.948356428140595, 1.874869590474215,-50.299
6.1483564281405965, 1.9790551648671775,-50.299
6.248356428140596, 2.0497123577698124,-50.299
6.448356428140595,2.159306412,-50.299
6.6483564281405965, 2.2584283538560443,-50.299
6.748356428140596, 2.292825151517744,-50.299
6.922680753365821, 2.413548836386165,-50.299
7.1483564281405965, 2.5910488356718786,-50.299
7.348356428140596, 2.7662003507801045,-50.299
7.473866632902501, 2.913548836386165,-50.299
7.670905448402035, 3.213548836386165,-50.299
7.711965896187934, 3.3135488363861647,-50.299
7.7810034875523595, 3.413548836386165,-50.299
7.813785000140594, 3.513548836386165,-50.299
7.871083701, 3.613548836386165,-50.299
7.930614493301885, 3.8135488363861647,-50.299
7.975913246890595, 3.913548836386165,-50.299
8.012016222470493, 4.1135488363861645,-50.299
8.074657006753313, 4.313548836386165,-50.299
8.089401204757511, 4.413548836386165,-50.299
8.123800215714562, 4.913548836386165,-50.299
8.159195589679058, 5.313548836386165,-50.299
8.162207780167623, 5.6135488363861645,-50.299
8.131148636582154, 5.813548836386165,-50.299
8.127060132461583, 6.113548836386165,-50.299
8.108782969, 6.313548836386165,-50.299
8.106048736285393, 6.613548836386165,-50.299
8.08053728, 6.913548836386165,-50.299
8.023800216, 7.113548836386165,-50.299
7.987642143, 7.413548836386165,-50.299
7.888797605101381, 7.713548836386165,-50.299
7.827060132461584, 7.813548836386165,-50.299
7.794679958042556, 7.913548836386165,-50.299
7.726577288, 8.013548836386164,-50.299
7.679606428684075, 8.113548836386165,-50.299
7.5275489753455656, 8.313548836386165,-50.299
7.469652725054177, 8.413548836386164,-50.299
7.348356428140596, 8.584527858064487,-50.299
7.240747733213059, 8.713548836386165,-50.299
7.184109116850275, 8.813548836386165,-50.299
7.013244069151833, 9.013548836386166,-50.299
6.848356428140596, 9.175440728818598,-50.299
6.585651982394726,9.381526103,-50.299
6.474244638976693, 9.502321169763945,-50.299
6.274477440294565, 9.649289406303408,-50.299
6.102908283393014, 9.799173891840063,-50.299
5.9896301536296805,9.871637528,-50.299
5.793086020587381, 9.951689803141814,-50.299
5.576597030910333, 10.02317757744378,-50.299
5.3890630610004475, 10.061515860381968,-50.299
5.191555717399237, 10.068352371526474,-50.299
4.8931415582715045, 10.068352371526474,-50.299
4.764844864323939, 10.049675867666117,-50.299
4.605774936009982, 10.008669539700929,-50.299
4.455744951964657, 9.995233664766328,-50.299
4.277085374115541, 9.948986707875385,-50.299
4.177827300866868, 9.948053763481361,-50.299
4.025983925852272,9.911066224,-50.299
3.680106852704792, 9.748239464154334,-50.299
3.5304939497904986, 9.638136263932687,-50.299
3.3328376138805087, 9.433870946758303,-50.299
3.2022383747500034, 9.309880688892191,-50.299
3.1307249945809503, 9.216682637358243,-50.299
3.0728979170202813, 9.059261864911411,-50.299
2.9985785266828917, 8.954197428031035,-50.299
2.9483676673664245, 8.847177542727062,-50.299
2.9021143706029044, 8.694708632772059,-50.299
2.833537918402886, 8.515644958473658,-50.299
2.7666282040310985,8.400236714,-50.299
2.6592216067518564,8.133837506,-50.299
2.5902706764131462, 8.011617897169419,-50.299
2.5305878445876004, 7.862410817605554,-50.299
2.485470425495335, 7.697760201953298,-50.299
2.342106427405301, 7.513548836386165,-50.299
2.1986650694986203, 7.213548836386165,-50.299
2.0863193904862745, 7.013548836386165,-50.299
2.0080707132834528, 6.913548836386165,-50.299
1.9028257013249532, 6.713548836386165,-50.299
1.8306144920115632, 6.613548836386165,-50.299
1.7080098929920804, 6.413548836386165,-50.299
1.6660983629793051, 6.313548836386165,-50.299
1.556629808716135, 6.113548836386165,-50.299
1.4483564281405954, 6.004620265671879,-50.299
1.302923735352134, 5.813548836386165,-50.299
1.2306144920115631, 5.613548836386165,-50.299
1.2071793290617223, 5.459360359151895,-50.299
1.1313501284251584, 5.337298568697749,-50.299
0.9670292746469871,4.870670148,-50.299
0.9493397590434536, 4.764737548006963,-50.299
0.8481865132689899, 4.454824587572099,-50.299
0.758662266, 4.126569012531594,-50.299
0.7205624118465832, 3.924936159539396,-50.299
0.6899596644066113, 3.8177351166603084,-50.299
0.6857471997539403, 3.6960366821844697,-50.299
0.6601182484938384, 3.608845205270898,-50.299
0.6545706546394481, 2.6800348558903226,-50.299
3.0007500446299566, 7.813548836386165,-50.899
3.0540308853057754,8.116056944,-50.899
3.100277842196721, 8.313522400700158,-50.899
3.118954346, 8.493309597137584,-50.899
3.191053709783585, 8.677733142649782,-50.899
3.208478593795399, 8.791723756265311,-50.899
3.268161425620945, 9.030455083567496,-50.899
3.3268341017233967,9.163087339,-50.899
3.474130586008137, 9.400302725368277,-50.899
3.683374833149996, 9.560442564537878,-50.899
3.869602386940737, 9.631896044887293,-50.899
3.9978990808883137, 9.650572548747654,-50.899
4.449805619877506, 9.650572548747654,-50.899
4.606109966931975, 9.703418869428694,-50.899
5.251238549224783,9.710255381,-50.899
5.392211836758921, 9.707304590732537,-50.899
5.474349943087838, 9.689487970509337,-50.899
5.948356428140595, 9.645367018739107,-50.899
6.248356428140596, 9.558819107106887,-50.899
6.448356428140595, 9.474846913790012,-50.899
6.548356428140595, 9.447142586906999,-50.899
6.748356428140596, 9.326814143188885,-50.899
6.848356428140596, 9.251249371680283,-50.899
7.048356428140595,9.077159948,-50.899
7.204176534489802, 8.913548836386164,-50.899
7.348356428140596, 8.699603258835145,-50.899
7.486056963434715, 8.513548836386166,-50.899
7.677127378419925, 8.213548836386165,-50.899
7.848356428140596, 7.889522863658892,-50.899
7.971549199827342, 7.613548836386165,-50.899
8.036287463, 7.313548836386165,-50.899
8.071549199827343, 7.213548836386165,-50.899
8.111475240516834, 7.013548836386165,-50.899
8.166625659550855, 6.813548836386165,-50.899
8.191689761918374, 6.613548836386165,-50.899
8.204772357786615, 6.313548836386165,-50.899
8.227060132461583, 6.113548836386165,-50.899
8.231689762127525, 5.813548836386165,-50.899
8.264474849851123, 5.613548836386165,-50.899
8.267660226241862, 5.413548836386165,-50.899
8.258567696450456, 4.713548836386165,-50.899
8.237517268000737, 4.6135488363861645,-50.899
8.221213572, 4.313548836386165,-50.899
8.165564220997739, 4.013548836386165,-50.899
8.127548975345565, 3.913548836386165,-50.899
8.080174610493538, 3.713548836386165,-50.899
8.031689762127524, 3.613548836386165,-50.899
7.965564220997738, 3.413548836386165,-50.899
7.848356428140596, 3.186961534005212,-50.899
7.689219372810646, 2.913548836386165,-50.899
7.467660226241861, 2.613548836386165,-50.899
7.348356428140596, 2.513939460604915,-50.899
7.248356428140596, 2.411625758693857,-50.899
6.948356428140595, 2.1681187283216485,-50.899
6.848356428140596, 2.1274001870618404,-50.899
6.748356428140596, 2.0664506216540217,-50.899
6.448356428140595, 1.9147116263086454,-50.899
6.048356428140595, 1.6637681341931825,-50.899
5.848356428140596, 1.5704684787968792,-50.899
5.6483564281405965, 1.5176841739801499,-50.899
5.542106429, 1.4135488363861648,-50.899
5.448356428140595, 1.342715502497276,-50.899
5.248356428140596, 1.2507409541201548,-50.899
5.048356428140595, 1.1748469128284724,-50.899
4.848356428140596, 1.1296672567809014,-50.899
4.748356428140596, 1.0881102393101414,-50.899
4.548356428140595, 1.0504300240099271,-50.899
4.348356428140596,0.998548836,-50.899
4.048356428140595,0.955329658,-50.899
3.8483564281405953, 0.8715033813861648,-50.899
3.7483564281405957, 0.8510488358959687,-50.899
3.5483564281405955, 0.8328526332216077,-50.899
3.3483564281405953, 0.8302155023992366,-50.899
3.1483564281405956, 0.8398494138428121,-50.899
2.9483564281405954, 0.8922525394725844,-50.899
2.8483564281405953, 0.9474866597022269,-50.899
2.7483564281405957, 0.9748788851546377,-50.899
2.6483564281405956, 1.0353279768769623,-50.899
2.473483046237977, 1.0981754769667524,-50.899
2.2764756262711576, 1.0531996291109291,-50.899
1.9835735215639703, 1.0514872432522142,-50.899
1.6888892304785292, 1.0026850290245775,-50.899
1.470757396626289, 0.9338339654598358,-50.899
1.2226474010004225, 0.9321215796011207,-50.899
1.0687383365038716,0.9592599,-50.899
0.9687936201041581, 1.023358213198155,-50.899
0.8601529168374288, 1.0389996890187032,-50.899
0.7196430542332117, 1.1074209363958958,-50.899
0.6358766062515158, 1.1832891917182722,-50.899
0.5643632260824698, 1.2764872432522134,-50.899
0.4319031625833102, 1.5585189829600434,-50.899
0.2924816511296252, 1.7951994174472576,-50.899
0.267055716, 1.909888397707369,-50.899
0.26534333048328407, 2.545936800199268,-50.899
0.310518125, 2.781771034146502,-50.899
0.352164483, 2.938577191998003,-50.899
0.4457536128731804, 3.1881718300112656,-50.899
0.47423324187269444, 3.3201340665575523,-50.899
0.49290974573305363, 3.5097931397044877,-50.899
0.5356284595569551, 3.6152204122653204,-50.899
0.5492494518681614, 3.7068549274424667,-50.899
0.6294472500181705, 3.8679357764025055,-50.899
0.6804200579956731, 4.042709580770606,-50.899
0.7226108476854879,4.126711748,-50.899
0.7616217335827722, 4.313548836386165,-50.899
0.8285451067569476, 4.713548836386165,-50.899
0.8911064276405953, 4.913548836386165,-50.899
0.9270601312270152, 5.213548836386165,-50.899
0.9937410430123905, 5.413548836386165,-50.899
1.025629154807262, 5.613548836386165,-50.899
1.1047735399053014, 5.813548836386165,-50.899
1.178595948499877, 5.913548836386165,-50.899
1.2737036496683731, 6.013548836386165,-50.899
1.5483564281405955, 6.2066382680934815,-50.899
1.716642141854881, 6.413548836386165,-50.899
1.9986252448072621, 6.713548836386165,-50.899
2.062397523346075, 6.813548836386165,-50.899
2.262207778816271, 7.013548836386165,-50.899
2.3502795042944413, 7.113548836386165,-50.899
2.3896300125745578, 7.213548836386165,-50.899
2.5173508409897574, 7.413548836386165,-50.899
2.614097168264052, 7.513548836386165,-50.899
2.8647564273405957, 7.713548836386165,-50.899
3.0007500446299566, 7.813548836386165,-50.899
4.689852241758709, 3.7064192223532557,-46.999
5.055690753085596, 3.6226065343675007,-46.999
5.7467550586996925, 3.6226065343675007,-46.999
5.813523466634786, 3.6551510455467056,-46.999
6.048025749, 3.723295694158234,-46.999
6.279969090332908, 3.7704383782436746,-46.999
6.418624695791161, 3.9345003409095267,-46.999
6.484817877776457, 4.034500340909527,-46.999
6.699341259055551, 4.234500340909527,-46.999
6.865019973448348, 4.434500340909526,-46.999
7.101279145, 4.934500340909527,-46.999
7.171764080205717, 5.1345003409095265,-46.999
7.2206258886433705, 5.234500340909527,-46.999
7.265629281134727, 5.434500340909527,-46.999
7.304333183843882, 5.534500340909527,-46.999
7.335238281077036, 5.734500340909527,-46.999
7.343290099707827, 6.034500340909527,-46.999
7.348636684839326, 6.6345003409095265,-46.999
7.3922306685140295, 6.834500340909527,-46.999
7.400642345835488, 6.934500340909527,-46.999
7.3727986469129565, 7.034500340909527,-46.999
7.329473674625703, 7.334500340909527,-46.999
7.266960734779257, 7.534500340909527,-46.999
7.22251949, 7.734500340909527,-46.999
7.166067877629397, 7.834500340909527,-46.999
7.112364173954742, 8.034500340909526,-46.999
7.028259995760372, 8.234500340909525,-46.999
6.916939970645814, 8.434500340909526,-46.999
6.791067877041161,8.601708134,-46.999
6.519430450725373, 8.934500340909526,-46.999
6.237288807855116, 9.234500340909525,-46.999
6.091067877041162,9.398214627,-46.999
5.891067877041161, 9.586423418382054,-46.999
5.591067877041162,9.855881921,-46.999
5.391067877041161, 9.958153036119107,-46.999
5.291067877041161, 9.974659915909527,-46.999
5.191067877041162, 9.966643198601835,-46.999
4.891067877041161, 9.854311662293174,-46.999
4.791067877041161, 9.788017929351737,-46.999
4.291067877041161, 9.513996744506647,-46.999
4.191067877041162, 9.412167008242859,-46.999
3.981322113481839, 9.234500340909525,-46.999
3.8816928761483047, 9.134500340909526,-46.999
3.5910678770411617, 8.888046440909525,-46.999
3.3910678770411615, 8.764919922028406,-46.999
3.1910678770411613, 8.603810686426767,-46.999
2.991067877041161, 8.481615726165936,-46.999
2.8910678770411615, 8.398048728651462,-46.999
2.6910678770411613, 8.264500341554688,-46.999
2.398962613131387, 8.034500340909526,-46.999
2.2910678770411614, 7.922367988703646,-46.999
1.9529597683925126, 7.534500340909527,-46.999
1.8200004607490263, 7.334500340909527,-46.999
1.6755049624716247, 7.1345003409095265,-46.999
1.566067876452926, 6.734500340909527,-46.999
1.550927031501255, 6.6345003409095265,-46.999
1.5498236369489953, 6.234500340909527,-46.999
1.562403492229717, 6.056080169842407,-46.999
1.5255193099642563, 5.936475646467194,-46.999
1.519491238673592, 5.741847851383109,-46.999
1.5309973469399154,5.664256167,-46.999
1.593152430265435, 5.520864276607579,-46.999
1.6419128545697745, 5.459420960846494,-46.999
1.7674366808447681, 5.366317482828794,-46.999
1.9824141261219328, 5.229891207511896,-46.999
2.136601571989707, 5.152081303222855,-46.999
2.3381623575612274,5.086914903,-46.999
2.4276266389654326, 5.083818189629537,-46.999
2.5172108530378647, 5.0570734867083065,-46.999
2.664414033137209, 5.051949361422515,-46.999
2.868627261135625, 5.107216712122915,-46.999
2.9590843938549027, 5.149146195147034,-46.999
3.0910678770411617, 5.1206489888824995,-46.999
3.1910678770411613, 5.165206862105178,-46.999
3.291067877041161, 5.182084881489237,-46.999
3.491067877041161, 5.157693111391454,-46.999
3.6455859487279088, 5.034500340909527,-46.999
3.717368454497809, 4.934500340909527,-46.999
3.741315401298587, 4.834500340909527,-46.999
3.7410678765803316, 4.6345003409095265,-46.999
3.770755376416161, 4.534500340909527,-46.999
3.922113628021554, 4.334500340909527,-46.999
4.091067877041162, 4.190026656172685,-46.999
4.291067877041161, 4.074041156725853,-46.999
4.478396643479517, 3.9345003409095267,-46.999
4.689852241758709, 3.7064192223532557,-46.999
8.352367042844774, 4.305628765651369,-52.099
8.244507801845995,3.955387933,-52.099
8.150937749338603, 3.734891451777505,-52.099
8.069059040131604, 3.595809062658233,-52.099
8.028263254, 3.4847520207974165,-52.099
7.897183246849247, 3.2808424757119115,-52.099
7.744540494347978, 3.002717773659653,-52.099
7.674533030628912, 2.932710309940586,-52.099
7.445987552355967, 2.624577286938421,-52.099
7.330666234498884, 2.507089587588969,-52.099
7.249127784590043, 2.3857551218308672,-52.099
7.147712176092517,2.286523792,-52.099
7.010954675464639, 2.1781220671123114,-52.099
6.88335669, 2.0520097212318635,-52.099
6.699736601648476, 1.9174940411940873,-52.099
6.532757368789637, 1.8431469488287866,-52.099
6.286528371403051, 1.6640713143658141,-52.099
6.049312985455215, 1.5167748300810697,-52.099
5.7853750002823645, 1.3997265454510315,-52.099
5.628713609, 1.282075902886037,-52.099
5.487072783172016, 1.2160277009860005,-52.099
5.3830439430380865, 1.2017826581825946,-52.099
5.060807485959941, 1.0881651703094941,-52.099
4.847764807, 1.052738863100759,-52.099
4.663341261265803,0.980639499,-52.099
4.581557003989267, 0.9647789070319088,-52.099
4.302639301601218, 0.8773063787091459,-52.099
4.156741725735648, 0.8724387477755758,-52.099
3.965160572, 0.7982478782071774,-52.099
3.6994849217605847, 0.7530730841244843,-52.099
3.351886722245657, 0.7530730841244843,-52.099
3.2191251738012507,0.70872363,-52.099
3.0525146167467563, 0.6933902522989385,-52.099
2.8937666921157126, 0.6635488363861647,-52.099
2.5561324487515305, 0.6652612222448797,-52.099
2.4788839626918424, 0.6788822145560857,-52.099
2.2325535571020225, 0.7802114047708254,-52.099
1.979146146, 0.9239789119327535,-52.099
1.7653211066174286, 1.0982942482994138,-52.099
1.5613663228979195, 1.2223930710604833,-52.099
1.262546340419762, 1.5115447667587645,-52.099
1.1374647223859624, 1.6684925777085418,-52.099
1.0032360606342523, 1.8103647492369164,-52.099
0.9453495587336481, 1.9152533993812764,-52.099
0.849996581, 2.046276523096556,-52.099
0.710261474, 2.332344903877172,-52.099
0.6686151155192495, 2.4891510617286885,-52.099
0.6605026753802957, 2.6113178658410545,-52.099
0.5824339934713724, 2.775737097204973,-52.099
0.5661968750791767, 2.8713023656755863,-52.099
0.46710622949771324, 3.2532070628639747,-52.099
0.42988378821706613, 3.3247107072863327,-52.099
0.41455041004714865, 3.4476325646970336,-52.099
0.33781058926134466, 3.6330920626122043,-52.099
0.32502616230882986, 3.7569861419298145,-52.099
0.23721430042922564, 4.118153175252546,-52.099
0.2355019145705095,4.206372878,-52.099
0.20677662241824896, 4.3644302177807095,-52.099
0.2124970098022429, 4.892026089520137,-52.099
0.23670669117939377, 5.013674153295058,-52.099
0.2423384257150159, 5.250123080473413,-52.099
0.30202125754056336, 5.459012991862826,-52.099
0.3927880616779029, 5.740724873814791,-52.099
0.4748389783441511, 5.904285471040437,-52.099
0.5761937744259702,6.027324938,-52.099
0.6541454144223087, 6.088058505977818,-52.099
0.6988789061202456, 6.1774298067887905,-52.099
0.8185989055237852, 6.277886814132844,-52.099
1.0967563175645711, 6.3862232723026455,-52.099
1.3961578082556207, 6.529083104409306,-52.099
1.5835135113856933, 6.645769787134179,-52.099
1.7391112062863523, 6.799882284176074,-52.099
1.8699444362124347, 6.890375485152394,-52.099
1.9693127952280731, 6.9390327985963625,-52.099
2.028857593317085, 6.995642233091015,-52.099
2.2170174153258384, 7.127207011832189,-52.099
2.3474070908168043, 7.248472476105671,-52.099
2.446792073792506, 7.309101055198363,-52.099
2.5448294359312245, 7.426552018344308,-52.099
2.822925040402535, 7.643213423283105,-52.099
3.113119950362115, 7.838388845736866,-52.099
3.3169207153278566, 7.958945591965734,-52.099
3.5833093114662904, 8.154028629475508,-52.099
3.648961824703826,8.232270248,-52.099
3.800045871785174, 8.336269355053508,-52.099
3.832227576961415, 8.385694584333995,-52.099
4.028232459472881, 8.577237276467988,-52.099
4.207074800655406, 8.697146222038649,-52.099
4.3096902315657815,8.833315823,-52.099
4.4448539441302195, 8.968479535590028,-52.099
4.458474936441423, 9.048468375828824,-52.099
4.524523138341455,9.190109202,-52.099
4.714585025466659, 9.382955506112861,-52.099
4.877031469660919, 9.500759732712332,-52.099
5.031218915528689, 9.578569637001369,-52.099
5.143255453361891, 9.613894621690374,-52.099
5.3457708229611445,9.620731133,-52.099
5.450749792290513, 9.648860162888939,-52.099
5.806842883779268, 9.643736037603148,-52.099
5.914260469622673,9.618032115,-52.099
6.015732795168682, 9.613894621690374,-52.099
6.210865843366205, 9.563751396275764,-52.099
6.336987099813301, 9.501805350045244,-52.099
6.598804250232254,9.414544317,-52.099
6.7295780175612485, 9.351552653148467,-52.099
6.844513055,9.258302287,-52.099
7.0279921766889775,9.172504158,-52.099
7.138581494109494, 9.098997274121338,-52.099
7.273243835134325, 8.924957933097344,-52.099
7.398047470107494, 8.677158389619924,-52.099
7.494950240683114, 8.532902578779012,-52.099
7.581025001522032,8.434982327,-52.099
7.609376781783541, 8.344550155600901,-52.099
7.611089167642255,8.221832618,-52.099
7.673475094734233, 8.071300728994965,-52.099
7.727567807326947, 7.876982598839123,-52.099
7.792840758385324,7.743045154,-52.099
7.937414572009393, 7.369537389426041,-52.099
8.154983554107675, 6.925720354520614,-52.099
8.201080975, 6.772035292024837,-52.099
8.214666386, 6.657147611305657,-52.099
8.263707464, 6.475089728025155,-52.099
8.308606645688448, 6.3745690673306985,-52.099
8.352367042844774, 6.0672238779064855,-52.099
8.352367042844774, 4.305628765651369,-52.099
-0.188895569, 3.051185145771253,-52.399
-0.431501194, 3.122714151043011,-52.399
-0.509927747, 3.2161792775824605,-52.399
-0.563379804, 3.3630375976323417,-52.399
-0.570216315, 3.500862109408006,-52.399
-0.563379804, 3.6983694530092155,-52.399
-0.513236579, 3.9233439171195146,-52.399
-0.420403499, 4.113800516274055,-52.399
-0.302599272, 4.276246960468317,-52.399
-0.205117034, 4.372135916650215,-52.399
-0.065531306, 4.550040212565668,-52.399
0.16173341969033173, 4.894248922539551,-52.399
0.2793067516164691, 5.013998216974254,-52.399
0.31332397399238077, 5.1345003409095265,-52.399
0.34811013009280445, 5.334500340909527,-52.399
0.4379428765603921, 5.534500340909527,-52.399
0.45961626360030094, 5.6345003409095265,-52.399
0.5408251581091224, 5.834500340909527,-52.399
0.666533715, 6.034500340909527,-52.399
0.7173684544978085, 6.1345003409095265,-52.399
0.7993412576167009, 6.234500340909527,-52.399
0.9910678770411612, 6.373710867751631,-52.399
1.1910678770411613, 6.501257098206824,-52.399
1.476055696701347, 6.695728640676645,-52.399
1.5403815470641558, 6.832637344781595,-52.399
1.6938348608008165, 6.992556157233373,-52.399
1.728178446680617, 7.068100691638584,-52.399
1.8286354540246712, 7.187820691042123,-52.399
1.907228829742795, 7.238994330152885,-52.399
2.0586990092298625, 7.383580639957068,-52.399
2.179745277988908, 7.461673988735582,-52.399
2.310390296940326, 7.607662384458679,-52.399
2.5024938233610987, 7.887058285913853,-52.399
2.746045243342372, 8.196939006517898,-52.399
2.8664453635843166, 8.295636086638849,-52.399
2.933665631535045, 8.384796795596225,-52.399
3.2045720424191817,8.648958672,-52.399
3.2917626224883154, 8.772735202462268,-52.399
3.388744958489035, 8.865796554063541,-52.399
3.444289170095364, 8.952681486676681,-52.399
3.564009169498904, 9.053138494020736,-52.399
3.6326498457630207, 9.085781200616156,-52.399
3.6944030651857505, 9.294798781418658,-52.399
3.772544745135869,9.430144141,-52.399
3.8922647445394087, 9.530601148625104,-52.399
4.0391230645892895,9.584053206,-52.399
4.395216156078031, 9.589177331063393,-52.399
4.642588775081896, 9.561048301009334,-52.399
5.460128460614193, 9.561048301009334,-52.399
5.614037525110744, 9.533909980362992,-52.399
5.734255692745662, 9.490276863380569,-52.399
5.991067877041161, 9.475995186785815,-52.399
6.091067877041162, 9.457693112596273,-52.399
6.391067877041161, 9.353290150463666,-52.399
6.591067877041162, 9.264206223850703,-52.399
6.691067877041162,9.194331802,-52.399
6.891067877041161, 9.075382694438938,-52.399
7.058187928354198,8.922840071,-52.399
7.1901959645255005, 8.710443935349728,-52.399
7.323492120071464, 8.534500340909526,-52.399
7.440783786700251, 8.334500340909527,-52.399
7.559986797, 8.034500340909526,-52.399
7.616067877629396, 7.934500340909527,-52.399
7.648682090746744, 7.834500340909527,-52.399
7.721395746440068, 7.734500340909527,-52.399
7.752936564414899, 7.6345003409095265,-52.399
7.813323975211892, 7.534500340909527,-52.399
7.889905087118681, 7.334500340909527,-52.399
8.091067877, 6.9326016079981345,-52.399
8.128872755577746, 6.834500340909527,-52.399
8.165629281134727, 6.6345003409095265,-52.399
8.270260424, 6.334500340909527,-52.399
8.317792015546909, 6.1345003409095265,-52.399
8.329769800598854, 6.034500340909527,-52.399
8.330641337230734, 5.534500340909527,-52.399
8.326016857143202, 5.234500340909527,-52.399
8.315175020493541, 5.034500340909527,-52.399
8.276638347510959, 4.734500340909527,-52.399
8.252662080422803, 4.334500340909527,-52.399
8.210879198, 4.1345003409095265,-52.399
8.139865954445007, 3.9345003409095267,-52.399
7.947558262137315, 3.534500340909527,-52.399
7.906067877707827, 3.4345003409095267,-52.399
7.735817877541161, 3.1345003409095265,-52.399
7.529508737793849, 2.8345003409095266,-52.399
7.191067877, 2.439351086431915,-52.399
7.083978325548623, 2.3345003409095266,-52.399
6.991067877041161, 2.264161357293707,-52.399
6.691067877041162, 1.996655036489637,-52.399
6.491067877041161, 1.8772503404095264,-52.399
6.391067877041161, 1.8014358242428599,-52.399
6.091067877041162, 1.598020748562588,-52.399
5.985415703997683, 1.5345003409095266,-52.399
5.791067877041161, 1.4407503401742323,-52.399
5.591067877041162, 1.3049423293073168,-52.399
5.391067877041161, 1.2099441273000593,-52.399
5.291067877041161, 1.1810599734783338,-52.399
5.091067877041162, 1.094926880719953,-52.399
4.891067877041161, 1.0599389368159593,-52.399
4.791067877041161, 1.012721199191735,-52.399
4.591067877, 0.9652068621051786,-52.399
4.391067877041161, 0.8949268807199531,-52.399
4.191067877041162, 0.8780844112635087,-52.399
4.091067877041162, 0.8511670069225983,-52.399
3.991067877041161, 0.8002219898785987,-52.399
3.6910678770411613, 0.7684381642255886,-52.399
3.3910678770411615, 0.7652068621051786,-52.399
3.1910678770411613,0.717833674,-52.399
2.8910678770411615, 0.7041724715106195,-52.399
2.6910678770411613, 0.7162311094992699,-52.399
2.2910678770411614, 0.8122442427387946,-52.399
2.0910678770411613, 0.8900302943657477,-52.399
1.9910678770411612, 0.9095003403212911,-52.399
1.6910678770411613, 1.064058351406764,-52.399
1.5910678770411613, 1.0931637067511106,-52.399
1.3910678770411615, 1.2325772632172187,-52.399
1.173330815, 1.426980975699503,-52.399
1.1138031663260977, 1.5507067282207783,-52.399
1.0349471444054958, 1.6646276755379918,-52.399
0.9686284868693773, 1.881781856703834,-52.399
0.8303159947162205, 2.158406841010147,-52.399
0.8049904629922698, 2.322542007182417,-52.399
0.8004098283854988, 2.4748714005855215,-52.399
0.7741453220121024, 2.563425829837918,-52.399
0.7705684124727259, 2.713602727887706,-52.399
0.7171163553202299, 2.860461047937587,-52.399
0.6157615592384109, 2.983500515384302,-52.399
0.5225635077044603, 3.0550138955533575,-52.399
0.30649453800094395, 3.1563087918155457,-52.399
0.17819784405336728, 3.174985295675906,-52.399
0.040373332277702886,3.168148785,-52.399
-0.035394052, 3.147846975029565,-52.399
-0.188895569, 3.051185145771253,-52.399
5.858354156823824, 9.352040787228411,-52.699
4.385837487754364, 9.352158389619923,-52.699
4.2319284232578145, 9.325020068973583,-52.699
3.978521011832535, 9.181252561811654,-52.699
3.8329818115310625,9.037915928,-52.699
3.595528644582251, 8.860912183407454,-52.699
3.5308997731409275, 8.823155570858368,-52.699
3.407478494733562, 8.705541735310097,-52.699
3.300571916090004, 8.632100015614437,-52.699
3.2055578427931803, 8.534901663897859,-52.699
3.114168767475684, 8.386251436060226,-52.699
3.0412007468426316, 8.291598744062279,-52.699
2.9920132609701464, 8.194092913365822,-52.699
2.8621522513659943, 8.052867416760094,-52.699
2.791016724449677, 7.932826888122712,-52.699
2.629152537588203, 7.780474358419327,-52.699
2.5759744639321993, 7.748864597998546,-52.699
2.271194655171713, 7.452304246598626,-52.699
2.1577888178029507, 7.370188654561946,-52.699
2.0119012062822605, 7.221879363735846,-52.699
1.9379224521234368, 7.095461427042454,-52.699
1.7483564281405957, 6.988071769957146,-52.699
1.6483564281405956, 6.9495003415761945,-52.699
1.5483564281405955, 6.881257098206825,-52.699
1.3483564281405953,6.713431159,-52.699
1.0483564281405955, 6.484781240347729,-52.699
0.8180285587416882, 6.234500340909527,-52.699
0.7062135705215478, 6.034500340909527,-52.699
0.6783014825361997, 5.934500340909527,-52.699
0.6247037329310146, 5.834500340909527,-52.699
0.5801746094240179, 5.6345003409095265,-52.699
0.40821558260068924, 5.234500340909527,-52.699
0.29878637257413765,4.880236657,-52.699
0.18866119091034933, 4.824405838546785,-52.699
0.055497718513710825, 4.694026783247139,-52.699
-0.118532192, 4.464347544948589,-52.699
-0.327620596, 4.257872106031857,-52.699
-0.458993319, 4.0872270808064854,-52.699
-0.557896235, 3.8999302385807244,-52.699
-0.652904052, 3.5790037893581244,-52.699
-0.658932123, 3.444058826099574,-52.699
-0.647426015, 3.366467141605556,-52.699
-0.585270931, 3.2230752513240466,-52.699
-0.477821343, 3.1095892406533845,-52.699
-0.351303849, 3.0386870416324943,-52.699
-0.162604544, 2.967701515902592,-52.699
-0.114708074, 2.9362539683737214,-52.699
0.375705188, 2.9294174572292153,-52.699
0.601360062, 2.8521237837605264,-52.699
0.7237790729428022, 2.7549740314231537,-52.699
0.7705086320320269, 2.6919723779735625,-52.699
0.8279517291125527,2.546628719,-52.699
0.8302512442982719, 2.348429456598059,-52.699
0.7957334436444845, 2.253592578732542,-52.699
0.8004098283854988,2.079856713,-52.699
0.7654418718392172, 1.9726376750026409,-52.699
0.8926188011229719, 1.6345842342054893,-52.699
0.9733946447214669,1.482109174,-52.699
1.040264443635234, 1.382613542272893,-52.699
1.1422828880308942, 1.2761329074997654,-52.699
1.3226349955957253, 1.1328688233221713,-52.699
1.6357252388465608, 0.9891013161602357,-52.699
1.8022961274706197, 0.9650783038782665,-52.699
1.9299103526105061, 0.9209566675487053,-52.699
2.1317733597946074,0.904825804,-52.699
2.218796693910136, 0.8792752589200823,-52.699
2.4051561419881944, 0.8727414299812614,-52.699
2.5483564281405955,0.818381919,-52.699
2.7483564281405957, 0.7760141019187008,-52.699
3.0483564281405955, 0.7407503401742324,-52.699
3.2483564281405948, 0.7434289116238122,-52.699
3.3483564281405953, 0.7608009183661739,-52.699
3.648356428140595,0.761643197,-52.699
3.948356428140596, 0.7970003404193304,-52.699
4.048356428140595, 0.8218291073478825,-52.699
4.1483564281405965, 0.8691157250120907,-52.699
4.448356428140595, 0.9049423293073164,-52.699
4.748356428140596, 0.9949268807199529,-52.699
4.948356428140595, 1.0636670070206375,-52.699
5.1483564281405965, 1.1200708100370433,-52.699
5.548356428140595, 1.309944127300059,-52.699
5.748356428140596, 1.4595003403212914,-52.699
5.848356428140596, 1.502319489313782,-52.699
6.048356428140595, 1.6289447846132303,-52.699
6.347965803921847, 1.8345003409095266,-52.699
6.615574971849204, 2.0345003409095264,-52.699
7.048356428140595, 2.3930168238765597,-52.699
7.285715979264191, 2.6345003409095265,-52.699
7.451765519807264, 2.834500340909527,-52.699
7.594606428640596, 3.034500340909527,-52.699
7.762785959, 3.3345003409095266,-52.699
7.805534646457428, 3.4345003409095267,-52.699
7.869652725054177, 3.534500340909527,-52.699
7.898839520411126, 3.6345003409095265,-52.699
8.086346624709224, 4.034500340909527,-52.699
8.104517566055288, 4.1345003409095265,-52.699
8.172009123350175, 4.334500340909526,-52.699
8.187351644, 4.534500340909527,-52.699
8.223800215714562, 4.834500340909527,-52.699
8.261621734943315, 5.034500340909527,-52.699
8.283962489251707, 5.234500340909527,-52.699
8.295231428557262, 5.534500340909527,-52.699
8.294784999989336, 6.034500340909527,-52.699
8.262785959, 6.234500340909527,-52.699
8.222484335698736, 6.334500340909527,-52.699
8.162207780167623, 6.534500340909527,-52.699
8.119189762029485, 6.6345003409095265,-52.699
8.070135569858389, 6.834500340909527,-52.699
7.979062950423204, 7.034500340909527,-52.699
7.817275347600056, 7.334500340909527,-52.699
7.778301483635101, 7.434500340909527,-52.699
7.677523095362819, 7.6345003409095265,-52.699
7.609554345328096, 7.734500340909527,-52.699
7.385154181511382, 8.134500340909526,-52.699
7.319314512571733, 8.234500340909525,-52.699
7.277418928765595, 8.334500340909527,-52.699
7.115543928765595, 8.534500340909526,-52.699
6.948356428140595, 8.757019425642351,-52.699
6.8760122789277265, 8.833786041736216,-52.699
6.819456601052015,8.922840071,-52.699
6.7043081941818725,9.037988478,-52.699
6.4261834921296135,9.19063123,-52.699
6.270548675191751, 9.265337237148035,-52.699
6.1052570429070006, 9.315480462562643,-52.699
5.858354156823824, 9.352040787228411,-52.699
6.015732795168682, 9.225956214824325,-52.999
6.281956778869654, 9.142662741759056,-52.999
6.375154830403605, 9.071149361589999,-52.999
6.455416614712477,8.981219291,-52.999
6.519606574764054,8.844683942,-52.999
6.691067877041162, 8.755492708085098,-52.999
6.791067877041161, 8.675618762620052,-52.999
6.933969112226347, 8.534500340909526,-52.999
7.015577681616325, 8.434500340909526,-52.999
7.071002088225372, 8.334500340909527,-52.999
7.230773759982338, 8.134500340909526,-52.999
7.5147205722507415, 7.734500340909527,-52.999
7.714720572250741, 7.434500340909527,-52.999
7.749763529698166, 7.334500340909527,-52.999
7.917368455653877, 7.034500340909527,-52.999
8.010371675142427, 6.834500340909527,-52.999
8.107186298751689, 6.534500340909527,-52.999
8.227317877541159, 6.234500340909527,-52.999
8.254186689417399, 6.034500340909527,-52.999
8.255461816940151, 5.534500340909527,-52.999
8.238492770174208, 5.234500340909527,-52.999
8.216939971, 5.034500340909526,-52.999
8.158887026509246, 4.834500340909527,-52.999
8.129174673643105, 4.6345003409095265,-52.999
8.102526211, 4.534500340909528,-52.999
8.022886059394102, 4.1345003409095265,-52.999
7.939854285, 3.9345003409095267,-52.999
7.841796032866403, 3.7345003409095265,-52.999
7.812364173954741, 3.6345003409095265,-52.999
7.7541866894173985, 3.534500340909527,-52.999
7.725861691989614, 3.4345003409095267,-52.999
7.662296927879149, 3.3345003409095266,-52.999
7.632200882459882, 3.2345003409095265,-52.999
7.565195784599302, 3.1345003409095265,-52.999
7.520625888643371, 3.034500340909527,-52.999
7.391067877041161, 2.840802861077594,-52.999
7.091067877, 2.533337549436658,-52.999
6.891067877041161, 2.3735176813719545,-52.999
6.591067877041162, 2.093467731670396,-52.999
6.275084271303456, 1.8345003409095266,-52.999
6.100042236870221, 1.7345003409095265,-52.999
5.981940893707829, 1.6345003409095265,-52.999
5.810135674498788, 1.5345003409095266,-52.999
5.591067877041162, 1.3789703865316465,-52.999
5.291067877041161, 1.1979331762329097,-52.999
5.191067877041162, 1.1581530349215026,-52.999
5.091067877041162, 1.0960945433249853,-52.999
4.991067877041161, 1.0732022635056802,-52.999
4.791067877041161, 0.9966954623729412,-52.999
4.691067877, 0.9751980148630148,-52.999
4.491067877041161, 0.9053336736873043,-52.999
4.191067877041162, 0.8773254525687193,-52.999
3.991067877041161, 0.8041724715106193,-52.999
3.6910678770411613, 0.7687786909095264,-52.999
3.1910678770411613, 0.7632712900715375,-52.999
2.8910678770411615, 0.7911670071317487,-52.999
2.7910678770411614, 0.8146890195258787,-52.999
2.6910678770411613, 0.8624664420394699,-52.999
2.491067877041161, 0.9167584047804942,-52.999
2.3910678770411615, 0.9599389368159592,-52.999
2.1910678770411613, 0.9948451680031225,-52.999
1.7910678770411614, 1.1095003403212913,-52.999
1.6910678770411613, 1.1599494421071312,-52.999
1.5910678770411613, 1.189763498219468,-52.999
1.3910678770411615, 1.2868395216112807,-52.999
1.1910678770411613, 1.4281570565811683,-52.999
1.0279422281038915, 1.599363478816177,-52.999
0.9333929766414804, 1.6640713143658143,-52.999
0.73495418, 1.8697461127247081,-52.999
0.6755605959581765, 2.0497624519888085,-52.999
0.5483479565326083, 2.272615625052595,-52.999
0.4965121004815428, 2.4377008588548463,-52.999
0.44854361210527205, 2.5322054728970835,-52.999
0.3480866047612177, 2.651925472300623,-52.999
0.21335417540509713, 2.7589891784298866,-52.999
0.024747761450931355, 2.8213097723297413,-52.999
-0.239090016, 2.9902235770023045,-52.999
-0.348890119, 3.0931398101357455,-52.999
-0.488834735, 3.2427527130500415,-52.999
-0.554882937, 3.3843935391118785,-52.999
-0.568503929, 3.4616420251715665,-52.999
-0.570216315, 3.6799106048846446,-52.999
-0.543077994, 3.8338196693811954,-52.999
-0.450244915, 4.024276268535735,-52.999
-0.353855322, 4.141398437714917,-52.999
-0.321001089, 4.234500340909527,-52.999
-0.208932123, 4.411038803217219,-52.999
-0.02559879, 4.6345003409095265,-52.999
0.16651166343169366, 4.834500340909527,-52.999
0.25122830431388854, 4.934500340909527,-52.999
0.4147205710531372, 5.234500340909527,-52.999
0.45281787654116146, 5.334500340909527,-52.999
0.5202345431522724, 5.434500340909526,-52.999
0.614260648, 5.6345003409095265,-52.999
0.666067876, 5.834500340909527,-52.999
0.8368024737236259, 6.234500340909527,-52.999
0.9551382282974428, 6.434500340909527,-52.999
1.084316094210983, 6.587097768325383,-52.999
1.1313501284251584, 6.710003700685308,-52.999
1.1763415607246155,6.774258125,-52.999
1.4117534199836246, 7.012091663608669,-52.999
1.5347928874303385, 7.113446459690488,-52.999
1.9493047297639563, 7.360926191132492,-52.999
2.112217328491672, 7.444558284595644,-52.999
2.221145453424119, 7.531226282469311,-52.999
2.3906386928650862, 7.606248406822705,-52.999
2.533896676325489, 7.873818921283457,-52.999
2.6204210999767596, 7.982028016299623,-52.999
2.697831397587815, 8.123384482532863,-52.999
2.9335494266408153, 8.644715368711635,-52.999
3.026509347316543, 8.803474407112816,-52.999
3.262327029925977, 9.032045482247785,-52.999
3.5010583572281546,9.211093978,-52.999
3.688355199453902, 9.309996893786412,-52.999
3.8393133330007694, 9.350446003761208,-52.999
4.165565008576751, 9.345321878475417,-52.999
4.251989448, 9.320050602750724,-52.999
4.523661999530029, 9.315480462562643,-52.999
4.727532237615106, 9.261263018592715,-52.999
4.833458726445959, 9.262634141881604,-52.999
5.008269757425319, 9.228705447247073,-52.999
5.251238549224783, 9.232792725968832,-52.999
6.015732795168682, 9.225956214824325,-52.999
0.743922109, 3.678077651786931,-54.799
0.8211653207735556, 3.283041167722114,-54.799
0.9224602170357448, 2.9774479502802764,-54.799
0.9939735972047908, 2.8842498987463348,-54.799
1.1305836679519563, 2.7541803902782696,-54.799
1.1580746790819778, 2.6345003409095265,-54.799
1.242734543041161, 2.4345003409095267,-54.799
1.475374446, 2.0345003409095264,-54.799
1.5539355233646908, 1.9345003409095265,-54.799
1.6910678770411613, 1.7971926478326035,-54.799
1.7910678770411614, 1.7188514851843357,-54.799
1.9910678770411612, 1.6140305415806675,-54.799
2.491067877041161, 1.407577263287149,-54.799
2.5910678770411613, 1.3779934909095266,-54.799
2.8910678770411615, 1.3242890725996672,-54.799
2.991067877041161, 1.3170661297253161,-54.799
3.291067877041161,1.322431375,-54.799
3.6910678770411613, 1.4024881451778193,-54.799
3.791067877041162, 1.4527695710377317,-54.799
3.991067877041161, 1.5103931974571456,-54.799
4.091067877041162, 1.5532901491897813,-54.799
4.191067877041162, 1.5692704552773424,-54.799
4.491067877041161, 1.5950593464995888,-54.799
4.591067877041162, 1.6255717687666693,-54.799
4.791067877041161, 1.7273033704549812,-54.799
4.891067877041161, 1.7942829488805412,-54.799
5.091067877041162, 1.9548574830523835,-54.799
5.191067877041162, 2.0128691345265475,-54.799
5.591067877041162, 2.3526455013933973,-54.799
5.691067877041162, 2.4142524061987825,-54.799
5.963290100497952, 2.6345003409095265,-54.799
6.091067877041162, 2.7624224175329033,-54.799
6.191067877041162, 2.8905814206392564,-54.799
6.424249696132071, 3.234500340909526,-54.799
6.608024399649857, 3.534500340909527,-54.799
6.764774774454956, 3.8345003409095266,-54.799
6.858161894989879, 4.034500340909527,-54.799
6.991067877041161, 4.350804686561701,-54.799
7.144319910374495, 4.734500340909527,-54.799
7.214238609561486, 4.934500340909527,-54.799
7.323745043182894, 5.334500340909527,-54.799
7.342618265413254, 5.434500340909527,-54.799
7.3568767013058665, 5.6345003409095265,-54.799
7.355141951855975, 5.934500340909527,-54.799
7.302139306326877, 6.234500340909527,-54.799
7.2652289515378055, 6.334500340909527,-54.799
7.221192101264764, 6.534500340909527,-54.799
7.174401211028089, 6.6345003409095265,-54.799
7.105497407913644, 6.834500340909527,-54.799
6.937906958075644, 7.1345003409095265,-54.799
6.819838827, 7.434500340909527,-54.799
6.761901211, 7.534500340909527,-54.799
6.728567877596717, 7.6345003409095265,-54.799
6.591067877041162,7.797639028,-54.799
6.491067877041161, 7.875500341576193,-54.799
6.291067877041161, 7.958153036119107,-54.799
6.191067877041162, 7.969270456426767,-54.799
5.891067877041161, 7.975592295507227,-54.799
5.691067877041162, 7.987147400321292,-54.799
5.491067877041161, 7.986275489430237,-54.799
5.291067877041161, 7.961745850490365,-54.799
5.091067877041162, 7.878465858725619,-54.799
4.991067877041161, 7.818937427664494,-54.799
4.791067877041161, 7.756756439080259,-54.799
4.691067877041162, 7.706534239779583,-54.799
4.591067877041162, 7.679225112010443,-54.799
4.391067877041161, 7.580374127802732,-54.799
4.191067877041162, 7.424925873533639,-54.799
3.991067877041161,7.31130757,-54.799
3.8910678770411615, 7.287566379117074,-54.799
3.5910678770411617, 7.2489298717820105,-54.799
3.3910678770411615, 7.2780844121484645,-54.799
3.1910678770411613, 7.287351218541105,-54.799
2.991067877041161, 7.272866678038239,-54.799
2.8910678770411615, 7.2495003415761925,-54.799
2.6910678770411613,7.182441518,-54.799
2.491067877041161, 7.071324665909527,-54.799
2.3329377949273398, 6.934500340909527,-54.799
2.1236949948377717, 6.734500340909527,-54.799
1.9910678770411612, 6.620634795531376,-54.799
1.8258360882994396, 6.434500340909527,-54.799
1.6910678770411613, 6.301500341576194,-54.799
1.4585281939723784, 6.034500340909527,-54.799
1.4283074598536616, 5.934500340909527,-54.799
1.3459148153064673, 5.834500340909527,-54.799
1.309857685321416, 5.734500340909527,-54.799
1.2476977107428189, 5.6345003409095265,-54.799
1.1438264970411613, 5.434500340909527,-54.799
1.0507948622705512, 5.216323462777083,-54.799
0.9077688175096561, 5.103138833928961,-54.799
0.7997857216467646, 4.908110642241025,-54.799
0.7726474010004235, 4.754201577744474,-54.799
0.7726474010004235, 4.552713389076487,-54.799
0.7428059850876506, 4.3364217549656505,-54.799
0.743922109, 3.678077651786931,-54.799
0.5339160736982402, 3.2621307821058214,-49.399
0.5387837046318096, 4.104016489248633,-49.399
0.5908958102573544, 4.400806571723882,-49.399
0.6240460579080156, 4.471897507227331,-49.399
0.8480859856841103, 4.804724674801231,-49.399
0.9457358497454357, 4.9047962181679665,-49.399
1.0716672965996126, 5.098567241395564,-49.399
1.3819120040708577, 5.490179452057251,-49.399
1.4819040488557185, 5.562751481423413,-49.399
1.526229361170032, 5.645625254469468,-49.399
1.5458784689388314,5.753941435,-49.399
1.5337508033826244, 5.934500340909527,-49.399
1.4973178763058668, 6.1345003409095265,-49.399
1.5182107336125896, 6.234500340909527,-49.399
1.5592496946882197, 6.534500340909527,-49.399
1.6447635287802918, 6.834500340909527,-49.399
1.6660678764529262, 6.934500340909527,-49.399
1.7328486985023486, 7.1345003409095265,-49.399
1.7554618159300501, 7.234500340909527,-49.399
1.8439696623090183, 7.434500340909527,-49.399
1.9631017747812742, 7.734500340909527,-49.399
2.065195783, 7.934500340909527,-49.399
2.200642344417048, 8.134500340909526,-49.399
2.361122821546656, 8.434500340909526,-49.399
2.491067877041161,8.604500342,-49.399
2.6802287155026994, 8.834500340909527,-49.399
2.991067877041161, 9.141434648208797,-49.399
3.1910678770411613, 9.293438888954219,-49.399
3.3910678770411615, 9.457833674848919,-49.399
3.491067877041161,9.50494233,-49.399
3.5910678770411617, 9.578971495236448,-49.399
3.791067877041162, 9.669449321011568,-49.399
3.8910678770411615, 9.680702872977037,-49.399
4.391067877041161, 9.677067908927544,-49.399
4.491067877041161, 9.660800919522243,-49.399
4.691067877041162,9.58840278,-49.399
4.991067877041161, 9.537909432576193,-49.399
5.191067877041162, 9.515196544074083,-49.399
5.591067877041162, 9.487881983904694,-49.399
5.891067877041161, 9.475663132072318,-49.399
5.991067877041161, 9.462871127988178,-49.399
6.191067877041162, 9.405729391747514,-49.399
6.372190327041162, 9.334500340909527,-49.399
6.591067877041162,9.181085707,-49.399
6.773691991, 9.034500340909526,-49.399
6.891067877041161, 8.916022080764597,-49.399
7.026820565750837, 8.734500340909525,-49.399
7.231223317973804, 8.434500340909526,-49.399
7.428094904608727, 8.134500340909526,-49.399
7.613323975211893, 7.834500340909527,-49.399
7.6510181262948915, 7.734500340909527,-49.399
7.711875331078428, 7.6345003409095265,-49.399
7.766960734779257, 7.434500340909527,-49.399
7.8103716751424255, 7.334500340909527,-49.399
7.850095655281903, 7.034500340909527,-49.399
7.9093371084514175, 6.734500340909527,-49.399
7.919438664119813, 6.6345003409095265,-49.399
7.916067877629397, 6.434500340909527,-49.399
7.924661627561994, 6.1345003409095265,-49.399
7.929473674625703, 5.6345003409095265,-49.399
7.917792015546906, 5.334500340909527,-49.399
7.904919229068188, 5.234500340909527,-49.399
7.843911479, 5.034500340909527,-49.399
7.814260648727908, 4.834500340909527,-49.399
7.7744012110280885, 4.734500340909527,-49.399
7.721901210930049, 4.534500340909527,-49.399
7.665465468005015, 4.434500340909526,-49.399
7.634094072410521,4.228438659,-49.399
7.598769087721523,4.116402121,-49.399
7.474057155853899, 3.866602893775713,-49.399
7.373313540920231, 3.710243983469203,-49.399
7.274849333292995,3.579227537,-49.399
7.091348812310144, 3.3617125533506917,-49.399
6.932030468678259, 3.202394209718806,-49.399
6.845260115504569, 3.0859487555293867,-49.399
6.712975966278866, 2.9603821610895205,-49.399
6.5836389184425865, 2.8636709462630057,-49.399
6.2108658433662045, 2.660220607275525,-49.399
6.058396933411197, 2.6139673105120043,-49.399
5.896367131517587, 2.5503945500353726,-49.399
5.730311067962874, 2.5183011731470635,-49.399
5.691067877041162, 2.496423417063373,-49.399
5.291067877041161, 2.367454885606496,-49.399
4.8710191, 2.1877914144068433,-49.399
4.6837690458532775, 2.0626395513237856,-49.399
4.585567664374988, 1.9624854734935444,-49.399
4.407727572, 1.849268401589986,-49.399
4.204356723004422, 1.705068436903074,-49.399
4.096637443495625, 1.603419529302268,-49.399
3.942918233995454, 1.5262468025901503,-49.399
3.7509339615564152, 1.4722178558716985,-49.399
3.4422947463338285, 1.476103577175542,-49.399
3.3144436082494875, 1.5144418601137302,-49.399
3.141657754186686, 1.604388482540269,-49.399
3.032452342702806, 1.7208405014986174,-49.399
2.9664041408027737, 1.8624813275604546,-49.399
2.9527831484915703, 1.9397298136201429,-49.399
2.9579072737773626, 2.3555057369344303,-49.399
3.009234707626708, 2.4999225368469213,-49.399
3.0633148511781214, 2.7131972893557523,-49.399
3.013129045949591, 2.855545417833535,-49.399
3.077897044167187, 3.0186974698709514,-49.399
3.105035364813528, 3.172606534367502,-49.399
3.103322978954814,3.599765025,-49.399
3.0447467965165256, 3.785544941233551,-49.399
2.9997553642170685, 3.849799365592493,-49.399
2.8933562905189514, 3.9452212106040925,-49.399
2.7956169155913435, 3.843028881980983,-49.399
2.7523324369853723, 3.734211041388315,-49.399
2.654582561767878, 3.610048601113788,-49.399
2.4626098777871523, 3.271290516874609,-49.399
2.393870161, 3.2001291208279374,-49.399
2.300272835748817, 3.0238914174754257,-49.399
2.180333613182041, 2.897068325225768,-49.399
1.8971601451660727, 2.529656683601713,-49.399
1.7840288053427582, 2.355729484834996,-49.399
1.6748423379258137, 2.2423699704056754,-49.399
1.554237437929491, 2.009283276441143,-49.399
1.5021947430199112, 1.9505941127343374,-49.399
1.3717744147038167, 1.8644835643466455,-49.399
1.2973595369773154, 1.8396786051044784,-49.399
1.1629645691748767, 1.827364056984313,-49.399
1.0090555046783258, 1.8545023776306542,-49.399
0.8737101448159346, 1.9326440575807726,-49.399
0.7732531374718802, 2.0523640569843122,-49.399
0.7017996571224621, 2.238591610775065,-49.399
0.6832604510454751, 2.3653189838776565,-49.399
0.6421168252969158, 2.477322938077251,-49.399
0.6004354166682926, 2.706526447551334,-49.399
0.5339160736982402, 3.2621307821058214,-49.399
6.6483564281405965, 2.6781592253472035,-49.699
5.948356428140595, 2.303337568076306,-49.699
5.6483564281405965, 2.1839756650447013,-49.699
5.448356428140595, 2.1427941187761017,-49.699
5.348356428140596, 2.0981378767971237,-49.699
5.1483564281405965, 2.0409793912472756,-49.699
5.048356428140595, 1.996519850154281,-49.699
4.8970384264675815, 1.9714862310493138,-49.699
4.763312547763422, 1.8490628052287181,-49.699
4.710349836290889, 1.818484769503039,-49.699
4.534552604646436, 1.6473598609275073,-49.699
4.285849893159057, 1.4909658142754432,-49.699
4.144209067, 1.4249176123754088,-49.699
4.066960581037532, 1.4112966200642043,-49.699
3.5616604099849205, 1.4164207453499962,-49.699
3.3963687777001694, 1.4665639707646045,-49.699
3.2610234178377775, 1.5447056507147232,-49.699
3.1291635575293335, 1.6810277014006378,-49.699
2.951676499104313, 1.9329983933332189,-49.699
2.898224441951817,2.079856713,-49.699
2.861546514894538, 2.307205472897084,-49.699
2.868383026039044, 2.564395648323841,-49.699
2.9117030310103367, 2.7340640911556724,-49.699
2.865698301039888, 2.860461047937587,-49.699
2.765241293695834, 2.9801810473411265,-49.699
2.7009868693368912, 3.0251724796405837,-49.699
2.6056980400082708, 3.0562816881424526,-49.699
2.412232793533109,2.870237182,-49.699
2.3301142516615903, 2.755318674260468,-49.699
2.2555994105138844, 2.677042501349278,-49.699
2.0985698914476068, 2.4370344834051574,-49.699
1.888399062799357, 2.1873539520642615,-49.699
1.7703143164070982, 1.9595718288007813,-49.699
1.6611089049232293, 1.8431198098424533,-49.699
1.5257635450608376, 1.7649781298923348,-49.699
1.3326343963278227,1.739552195,-49.699
1.2179454160677368, 1.7649781298923348,-49.699
1.0573302328259688, 1.8279697934557702,-49.699
0.9930758084670264, 1.8729612257552273,-49.699
0.892618801, 1.9926812251587669,-49.699
0.7849674809211623, 2.2065515028520797,-49.699
0.6931085070848169, 2.502638623480909,-49.699
0.6059189854445177, 2.624331325630918,-49.699
0.5407525848427466, 2.8258921112024273,-49.699
0.5339160736982402, 2.9324557685767845,-49.699
0.4929097457330524, 3.0144684245071613,-49.699
0.47423324187269444, 3.1427651184547303,-49.699
0.4791008728062636, 3.626553834644264,-49.699
0.5908958102573545, 4.102392412596151,-49.699
0.6362370907315789, 4.199673140215637,-49.699
0.6601182484938384, 4.295197771264677,-49.699
0.74010289, 4.520172235374975,-49.699
0.8226358137250696, 4.6599088391910986,-49.699
0.8567775856136253,4.759583973,-49.699
0.9415920625277004, 4.868974723586946,-49.699
0.9821430488612907, 4.949360161831699,-49.699
1.1407631967493008, 5.148088487582546,-49.699
1.267776403742059, 5.462751766236596,-49.699
1.3033837474212342, 5.525909002663661,-49.699
1.3569485269047419, 5.713385730855937,-49.699
1.4589999669942042, 5.943402021472243,-49.699
1.4743333451641232, 6.124009616377074,-49.699
1.531098176960693, 6.283396029165465,-49.699
1.605503951291637, 6.609071349269086,-49.699
1.6669748752361706, 6.766425295873829,-49.699
1.8143938626810472, 7.265582499350092,-49.699
1.876342663,7.391708239,-49.699
1.993442358157688, 7.743045153954461,-49.699
2.0734946333869306, 7.909747871083983,-49.699
2.1553305654662847, 8.023770173589229,-49.699
2.282370524040496, 8.238384079313407,-49.699
2.325006764936078, 8.351281575887825,-49.699
2.495306856,8.593280884,-49.699
2.724775720145627, 8.862259450200588,-49.699
2.9216333049709036, 9.042140943146723,-49.699
2.972316341049498, 9.109562670218804,-49.699
3.0845687866835805, 9.187339864757192,-49.699
3.141657754186686, 9.246878389023463,-49.699
3.3137128506974105, 9.360968306883262,-49.699
3.4400719133144158, 9.485609716325646,-49.699
3.664941520915126, 9.623434228101313,-49.699
3.8569257933541645, 9.677463174819763,-49.699
4.057581912713859, 9.680413964660428,-49.699
4.6483564281405965, 9.672035075376991,-49.699
5.248356428140596, 9.652544052175637,-49.699
5.448356428140595, 9.638105049995632,-49.699
5.6483564281405965, 9.586824699029842,-49.699
5.948356428140595, 9.547486660738496,-49.699
6.248356428140596, 9.442319786665495,-49.699
6.448356428140595, 9.341919623464817,-49.699
6.748356428140596, 9.120483143685435,-49.699
6.953207175155521, 8.913548836386164,-49.699
7.048356428140595, 8.797504061013031,-49.699
7.178684297539503, 8.613548836386165,-49.699
7.582126062, 8.013548836386164,-49.699
7.689462197852134, 7.813548836386165,-49.699
7.784286076884316, 7.613548836386165,-49.699
7.875913246890596, 7.313548836386165,-49.699
7.919985642185541, 7.013548836386165,-49.699
7.965023095460859, 6.813548836386165,-49.699
7.982971813268801, 6.613548836386165,-49.699
7.976322530400484, 6.413548836386165,-49.699
7.992078401683196, 6.113548836386165,-49.699
7.993668928587024, 5.813548836386165,-49.699
8.001734806969424, 5.613548836386165,-49.699
7.991246336856193, 5.313548836386165,-49.699
7.968668928765595, 5.113548836386165,-49.699
7.925163657658668, 4.913548836386165,-49.699
7.880896111209379, 4.6135488363861645,-49.699
7.781601109523574, 4.213548836386165,-49.699
7.736287463, 4.1135488363861645,-49.699
7.673356428728832, 3.913548836386165,-49.699
7.614927857283453, 3.8135488363861647,-49.699
7.581786661, 3.713548836386165,-49.699
7.5119658961879345, 3.613548836386165,-49.699
7.464234807194652, 3.513548836386165,-49.699
7.3949189287655965, 3.413548836386165,-49.699
7.162028303921845, 3.113548836386165,-49.699
7.048356428140595, 2.9989819064649055,-49.699
6.6483564281405965, 2.6781592253472035,-49.699
2.8925226146801006, 4.438711754141875,-49.099
2.7650634668236034, 4.233099078813178,-49.099
2.692649605159827,4.062466616,-49.099
2.5636037479296063, 3.853539788065044,-49.099
2.477759894173837, 3.6339591003612823,-49.099
2.2179355550987023, 3.2427527130500353,-49.099
2.134841954050284, 3.1499908252217415,-49.099
2.0429194597292084, 2.971360416392522,-49.099
1.8657815595316942, 2.704303614531923,-49.099
1.7497353639237834, 2.5858357396186014,-49.099
1.6217155301731525, 2.496195286986055,-49.099
1.4707573966262846, 2.4557461770112616,-49.099
1.234029968788623, 2.460870302297053,-49.099
1.0871716487387417, 2.514322359449549,-49.099
1.0229172243797993, 2.5593137917490063,-49.099
0.9224602170357449, 2.679033791152546,-49.099
0.8744917286594727, 2.7735384051947864,-49.099
0.8323302328259695, 2.9637166229780916,-49.099
0.8323302328259695, 3.351655029844141,-49.099
0.8386957609464394, 3.386726720064438,-49.099
0.7614824889480097, 3.5814553268498432,-49.099
0.7428059850876506, 3.709752020797416,-49.099
0.7428059850876506, 4.097690427663466,-49.099
0.8093253280577031, 4.444404850828543,-49.099
0.8594685534723108, 4.639537899026066,-49.099
0.9298306686359342, 4.786860296024351,-49.099
0.9597749640205928, 4.905165228257157,-49.099
1.0887279082654209, 5.164337607108864,-49.099
1.1492591642918133, 5.253129352693888,-49.099
1.2175655444255888, 5.4452561286709384,-49.099
1.294628747032844, 5.579061263265803,-49.099
1.3369312080766806, 5.7138288718858945,-49.099
1.3961279869528702, 5.823932578350907,-49.099
1.493517870816621,6.076052932,-49.099
1.5043331824833381, 6.234500340909527,-49.099
1.5738600841840187, 6.734500340909527,-49.099
1.611875329836192, 6.834500340909527,-49.099
1.6495541151145559, 7.034500340909527,-49.099
1.7503702021574403, 7.334500340909527,-49.099
1.80252621, 7.434500340909527,-49.099
1.8848178763058674, 7.6345003409095265,-49.099
1.949525587986435, 7.734500340909527,-49.099
1.9910678770411612, 7.832735636203644,-49.099
2.233305319506915, 8.234500340909525,-49.099
2.277216525014135, 8.334500340909527,-49.099
2.490677251259911, 8.634500340909526,-49.099
2.664343738535414, 8.834500340909527,-49.099
2.991067877041161, 9.159056554518996,-49.099
3.0910678770411617,9.247171574,-49.099
3.3910678770411615, 9.466293819713874,-49.099
3.491067877041161,9.50494233,-49.099
3.5910678770411617, 9.578547960433335,-49.099
3.791067877041162,9.668094091,-49.099
3.8910678770411615, 9.679543444788838,-49.099
4.391067877041161, 9.672607137511468,-49.099
4.490434966914579, 9.634500340909526,-49.099
4.691067877041162, 9.496148068750434,-49.099
4.891067877041161, 9.429649595387138,-49.099
4.991067877041161,9.406943523,-49.099
5.191067877041162, 9.389298321212555,-49.099
5.591067877041162,9.381118699,-49.099
5.891067877041161, 9.388153309402677,-49.099
6.191067877041162, 9.371067505586144,-49.099
6.391067877041161,9.269656591,-49.099
6.5826678778411605, 9.134500340909526,-49.099
6.691067877041162, 9.037172097398075,-49.099
6.891067877041161, 8.834097115909527,-49.099
7.0246700281164305, 8.634500340909526,-49.099
7.103136843248057, 8.534500340909526,-49.099
7.218624695791162, 8.334500340909527,-49.099
7.299341259, 8.234500340909525,-49.099
7.3448178775411606, 8.134500340909526,-49.099
7.416067877629397, 8.034500340909526,-49.099
7.529900365, 7.834500340909527,-49.099
7.629737828272686, 7.6345003409095265,-49.099
7.714260648727908, 7.434500340909527,-49.099
7.770755377666161, 7.1345003409095265,-49.099
7.8169399706458105, 6.934500340909527,-49.099
7.841956766374494, 6.6345003409095265,-49.099
7.838634249165054, 6.434500340909527,-49.099
7.845755377, 5.734500340909527,-49.099
7.841520366181433, 5.534500340909527,-49.099
7.820625888643372, 5.234500340909527,-49.099
7.746115954445008, 5.034500340909527,-49.099
7.732654416, 4.934500340909527,-49.099
7.620897423063889, 4.6345003409095265,-49.099
7.547913115731637, 4.534500340909527,-49.099
7.4242893542223705, 4.334500340909527,-49.099
7.259144800887315, 4.1345003409095265,-49.099
7.106418755111337, 3.934500340909527,-49.099
6.891067877041161, 3.717833673232759,-49.099
6.691067877041162, 3.5539740240674216,-49.099
6.391067877041161, 3.347798212186123,-49.099
6.191067877041162, 3.2533175441353333,-49.099
6.132093273496224, 3.238016660094415,-49.099
6.017057839, 3.0931398101357392,-49.099
5.838907132711454, 2.917410782702282,-49.099
5.688396441059396, 2.8039881144374603,-49.099
5.584196109, 2.749744855013844,-49.099
5.138549913286484, 2.6059814527190097,-49.099
5.002043875065616, 2.5055739553097305,-49.099
4.823206655, 2.4301610365370663,-49.099
4.676607853467662, 2.3523344756387186,-49.099
4.526810775288506, 2.307777501429344,-49.099
4.236630408, 2.304826711588682,-49.099
4.0391230645892895, 2.311663222733188,-49.099
3.9270865267561277, 2.3469882074221737,-49.099
3.775369371, 2.4350173485047764,-49.099
3.6535334172372225, 2.4844809435367754,-49.099
3.5754172731768072, 2.5408549436244336,-49.099
3.3120384775663196, 2.6918094178745724,-49.099
3.181659422, 2.824972890271204,-49.099
3.127416162843062, 2.9291732221326323,-49.099
3.101990228055436, 3.043862202392727,-49.099
3.100277842196721, 3.2024479502802756,-49.099
3.120204073826424, 3.315455225455303,-49.099
3.3166283714693705, 3.6453672040391853,-49.099
3.366771596883978, 3.8405002522367107,-49.099
3.3736081080284843, 3.9484833480996007,-49.099
3.3582747298585676, 4.0649519183957254,-49.099
3.2922265279585368, 4.206592744457563,-49.099
3.183021116474655, 4.323044763415914,-49.099
3.047675756612263, 4.401186443366033,-49.099
2.8925226146801006, 4.438711754141875,-49.099
1.5458211194660911, 5.117000553630435,-55.999
1.518682799, 4.873567241395564,-55.999
1.518682799, 4.575153082267835,-55.999
1.5340161769896674, 4.458684511971707,-55.999
1.6182997483678756, 4.275969221926272,-55.999
1.668495614855071, 4.141263170878425,-55.999
1.9190574905007542, 3.8391752079550705,-55.999
1.9974251870244888, 3.7249660147243726,-55.999
2.011478831594037, 3.623124866414063,-55.999
2.0979897810831774, 3.370366723450228,-55.999
2.1670512812323874, 3.242752713050042,-55.999
2.2174716496284868, 3.182664057874065,-55.999
2.396925968455567, 3.0128780258268635,-55.999
2.589970137666103, 2.8962609667190256,-55.999
2.8478151875923503, 2.7828951026645052,-55.999
2.9946735076422315, 2.729443045512009,-55.999
3.072815188, 2.722606534367503,-55.999
3.7088635900842646, 2.724318920226218,-55.999
3.8235525703443622, 2.749744855013844,-55.999
4.073692001324448, 2.872419350402825,-55.999
4.266853706038575, 3.0164766471446924,-55.999
4.401947576364954, 3.0813092617922355,-55.999
4.641033239419585, 3.271290516874609,-55.999
4.924755999021225, 3.6638005162740557,-55.999
4.975796335362238, 3.7851021082939016,-55.999
5.058813062198406, 3.868118835130069,-55.999
5.136954742148525, 4.0034641949924605,-55.999
5.250918483118024, 4.304545879954466,-55.999
5.3160032376251625, 4.421244017771284,-55.999
5.363081375524095, 4.604938003630665,-55.999
5.591623433707829, 4.834500340909526,-55.999
5.791067877041161, 5.0730420054928596,-55.999
5.991067877041161, 5.333652881587493,-55.999
6.058255378082828, 5.434500340909527,-55.999
6.2055306877849645, 5.734500340909528,-55.999
6.2384163626472215, 5.834500340909527,-55.999
6.299996449184018, 6.234500340909527,-55.999
6.310734544374496, 6.434500340909527,-55.999
6.301907038579621, 6.534500340909527,-55.999
6.249014897570962, 6.734500340909527,-55.999
6.191067877041162, 7.035306794135333,-55.999
6.091874330266968, 7.1345003409095265,-55.999
5.991067877041161, 7.196755243850704,-55.999
5.891067877041161,7.225602037,-55.999
5.691067877041162, 7.2621981833555695,-55.999
5.291067877041161, 7.2495003415761925,-55.999
5.091067877041162, 7.231091250758011,-55.999
4.891067877041161, 7.224289074008119,-55.999
4.691067877041162, 7.202966250568617,-55.999
4.491067877041161, 7.192833674817574,-55.999
4.291067877041161, 7.170736296527504,-55.999
4.091067877041162, 7.112312841534526,-55.999
3.791067877041162, 7.054276461058781,-55.999
3.3910678770411615, 6.929211880332603,-55.999
3.1910678770411613, 6.838346495854581,-55.999
3.0910678770411617, 6.815088577380115,-55.999
2.991067877041161,6.753636145,-55.999
2.8910678770411615, 6.725006671289274,-55.999
2.7910678770411614,6.644500342,-55.999
2.6910678770411613, 6.595269573217219,-55.999
2.5910678770411613, 6.524500342727709,-55.999
2.491067877041161, 6.413912107576193,-55.999
2.4151768382803755, 6.308235349362829,-55.999
2.311750485621677, 6.2960194183969085,-55.999
2.168358595340167, 6.233864335071388,-55.999
2.037176827633793, 6.115597958829215,-55.999
1.9480394826605982, 5.987227314549315,-55.999
1.5458211194660911, 5.117000553630435,-55.999
1.7114926233929928, 4.758659327580576,-47.299
2.237255542034705, 4.751822816436069,-47.299
2.3911646065312553,4.778961137,-47.299
2.4622555420347045, 4.812111384733072,-47.299
2.645875630044742, 4.946627064770849,-47.299
2.837406688934716, 5.028624510861395,-47.299
3.0213761245619977, 5.079026857148758,-47.299
3.291067877041161, 5.082604605838436,-47.299
3.3910678770411615, 5.065206862105179,-47.299
3.491067877041161, 4.999837763608913,-47.299
3.558902271308677, 4.934500340909527,-47.299
3.6295495519102716, 4.834500340909527,-47.299
3.6592496946882203, 4.6345003409095265,-47.299
3.7802287155026995, 4.434500340909526,-47.299
3.8910678770411615, 4.324925872115201,-47.299
4.091067877041162, 4.178971494274911,-47.299
4.291067877041161, 4.081656738539858,-47.299
4.491067877041161, 3.9586074831714315,-47.299
4.691067877041162, 3.7645598641238127,-47.299
4.791067877041161, 3.701605603541106,-47.299
4.991067877041161, 3.612244242738795,-47.299
5.091067877041162, 3.584063659250138,-47.299
5.391067877041161, 3.552769571037732,-47.299
5.591067877041162, 3.5506187613042637,-47.299
5.791067877041161, 3.583812267056316,-47.299
5.991067877041161, 3.6807722702954915,-47.299
6.091067877041162, 3.712244242738795,-47.299
6.291067877041161, 3.796313527173263,-47.299
6.4330123220411615, 3.9345003409095267,-47.299
6.514652783330469, 4.034500340909527,-47.299
6.691067877041162, 4.175084755844591,-47.299
6.904919229068188, 4.434500340909526,-47.299
7.0128470187589524, 4.6345003409095265,-47.299
7.050647316760786, 4.734500340909527,-47.299
7.112364173954742, 4.834500340909527,-47.299
7.207734544361422, 5.034500340909527,-47.299
7.3228860593941025, 5.334500340909527,-47.299
7.399341259, 5.6345003409095265,-47.299
7.414260648727909, 5.734500340909527,-47.299
7.420625888643372, 5.934500340909527,-47.299
7.4239626144095805, 6.434500340909526,-47.299
7.447483806687179, 6.834500340909527,-47.299
7.447483806687179, 6.934500340909527,-47.299
7.419838827, 7.1345003409095265,-47.299
7.307734544361422, 7.534500340909527,-47.299
7.263511059427524, 7.6345003409095265,-47.299
7.239584826617431, 7.734500340909527,-47.299
7.184817877776455, 7.834500340909527,-47.299
7.115624090650629, 8.034500340909526,-47.299
7.055788689731516, 8.134500340909526,-47.299
7.021012932535667, 8.234500340909525,-47.299
6.906630791610699, 8.434500340909526,-47.299
6.834332126263959, 8.534500340909526,-47.299
6.521465604882071, 8.934500340909526,-47.299
6.191067877041162, 9.257693112596273,-47.299
6.091067877041162, 9.340750341644819,-47.299
5.791067877041161, 9.566034432386799,-47.299
5.591067877041162, 9.688410955993325,-47.299
5.391067877041161, 9.784778119242858,-47.299
5.291067877041161,9.806129555,-47.299
5.191067877041162, 9.804172472603515,-47.299
4.891067877041161, 9.759500341497763,-47.299
4.791067877041161, 9.707357484338099,-47.299
4.591067877041162, 9.662871127988177,-47.299
4.491067877041161, 9.614187841534527,-47.299
4.291067877041161, 9.561643198623813,-47.299
4.191067877041162, 9.500532950148656,-47.299
3.8910678770411615, 9.369674760095572,-47.299
3.6910678770411613,9.217092934,-47.299
3.3910678770411615, 9.009500341594459,-47.299
3.291067877041161, 8.959677646583286,-47.299
2.991067877041161, 8.706178663287147,-47.299
2.6910678770411613, 8.467724025777947,-47.299
2.5910678770411613,8.378289161,-47.299
2.348760184141753, 8.134500340909526,-47.299
2.2080805015716227, 7.956910856321683,-47.299
2.194459509260418, 7.860605926027826,-47.299
2.152813150871223, 7.733641184089089,-47.299
2.0746714709211047, 7.598295824226698,-47.299
2.0192058958765076, 7.542830249182101,-47.299
1.8838605360141158, 7.464688569231982,-47.299
1.7984842, 7.4435460854264806,-47.299
1.7682413173373375, 7.396847660974591,-47.299
1.6541585510814303, 7.352177786992673,-47.299
1.534438551677891, 7.251720779648619,-47.299
1.4414786310021657, 7.0929617412474455,-47.299
1.3996127543836672, 6.962059367141291,-47.299
1.2718088038491995, 6.8027959288688225,-47.299
1.1132230559616578, 6.496133422991972,-47.299
1.0182152394471167, 6.175206973769377,-47.299
1.0120670678533612, 5.840467490972893,-47.299
0.9815373123898373, 5.649444055127663,-47.299
0.9844881022304997, 5.448787935767974,-47.299
1.0683584648617241, 5.137437999677837,-47.299
1.1226017242853328, 5.033237667816423,-47.299
1.2028635085942043, 4.943307596727673,-47.299
1.3671524956316046, 4.838643968907956,-47.299
1.7114926233929928, 4.758659327580576,-47.299
5.291067877041161, 9.661224479415273,-47.599
5.591067877041162, 9.557693112596274,-47.599
5.691067877041162, 9.503048728543936,-47.599
5.791067877041161, 9.474348057153183,-47.599
5.891067877041161, 9.407776203553203,-47.599
6.188396122079329, 9.234500340909525,-47.599
6.519846947389999, 8.934500340909526,-47.599
6.591067877041162, 8.834906845787577,-47.599
6.828699456514846, 8.534500340909526,-47.599
7.009337108451417, 8.234500340909525,-47.599
7.047229014955853, 8.134500340909526,-47.599
7.114720572250741, 8.034500340909526,-47.599
7.149049098167922, 7.934500340909527,-47.599
7.212847018758952, 7.834500340909527,-47.599
7.4202345442633835, 7.334500340909527,-47.599
7.4814934096652745, 7.034500340909527,-47.599
7.513323975211893, 6.934500340909527,-47.599
7.5198388273204895, 6.834500340909527,-47.599
7.512364173954742, 6.6345003409095265,-47.599
7.485512322226347, 6.434500340909527,-47.599
7.476067877707829, 5.734500340909527,-47.599
7.430063092830634, 5.434500340909527,-47.599
7.348044621692324, 5.234500340909527,-47.599
7.3177920155469085, 5.1345003409095265,-47.599
7.2210129325356665, 4.934500340909527,-47.599
7.091067877, 4.713667006385717,-47.599
7.004919229068188, 4.534500340909527,-47.599
6.891067877041161, 4.354003886299598,-47.599
6.682139306326874, 4.1345003409095265,-47.599
6.491067877041161, 3.9839353685931425,-47.599
6.291067877041161, 3.800723744632931,-47.599
6.191067877041162, 3.761224478265849,-47.599
6.091067877041162, 3.697619152295665,-47.599
5.991067877041161, 3.6562794814003245,-47.599
5.791067877041161, 3.5103931974571454,-47.599
5.591067877041162, 3.475198014863015,-47.599
5.391067877041161, 3.4769315331113613,-47.599
5.191067877041162, 3.5026821585565853,-47.599
4.991067877041161,3.592024612,-47.599
4.791067877041161, 3.7268916445327154,-47.599
4.5722322599178735, 3.9345003409095267,-47.599
4.391067877041161, 4.051167006922599,-47.599
4.191067877041162, 4.123042006881749,-47.599
3.991067877041161, 4.217833673589265,-47.599
3.813586960247268, 4.334500340909527,-47.599
3.6910678770411613, 4.469039813935842,-47.599
3.5744012097208997, 4.6345003409095265,-47.599
3.4952032146351466, 4.834500340909527,-47.599
3.3910678770411615, 4.935663130832008,-47.599
3.291067877041161, 4.983064933732494,-47.599
3.1089443687020863, 5.003756364390517,-47.599
2.8678844627802373, 4.887955114471366,-47.599
2.7639376816076426, 4.8033629805932545,-47.599
2.659737349746215, 4.749119721169636,-47.599
2.439796411396432,4.687926703,-47.599
2.353724112330833, 4.647790530954896,-47.599
2.237255542034705, 4.632457152784978,-47.599
1.8194757192558841, 4.632457152784978,-47.599
1.6911790253083179, 4.651133656645335,-47.599
1.4865181592826961, 4.719278305256865,-47.599
1.3511727994203044, 4.797419985206984,-47.599
1.2658658084629344, 4.882726976164352,-47.599
1.145531191573838, 5.043401622003215,-47.599
1.0833761082483202, 5.186793512284727,-47.599
1.0710615601281561, 5.291347064174388,-47.599
1.0778980712726625, 5.638061487339462,-47.599
1.1611915443379313, 5.904285471040437,-47.599
1.2386455998350596, 6.0010025185970495,-47.599
1.4002364956602487,6.322513195,-47.599
1.3993171351686584, 6.425320868859762,-47.599
1.4478350549417893, 6.702824642371197,-47.599
1.512603774269774, 6.847648984675219,-47.599
1.5282599947751514, 7.034500340909527,-47.599
1.550637254553123, 7.1345003409095265,-47.599
1.6437121073296233, 7.334500340909527,-47.599
1.7876587853744947, 7.534500340909527,-47.599
1.908646001259911, 7.6345003409095265,-47.599
2.0025262096800502, 7.734500340909527,-47.599
2.141803170668612, 8.034500340909526,-47.599
2.280856608731302, 8.234500340909525,-47.599
2.445697506053507, 8.434500340909526,-47.599
2.6910678770411613, 8.697000341623811,-47.599
3.0910678770411617, 9.072367988703645,-47.599
3.1910678770411613, 9.149573871056585,-47.599
3.3910678770411615, 9.265295043558533,-47.599
3.491067877041161, 9.305333674883885,-47.599
3.5910678770411617, 9.375695310091915,-47.599
3.791067877041162,9.482805426,-47.599
4.091067877041162, 9.564058352511735,-47.599
4.291067877041161, 9.594079780629153,-47.599
4.491067877041161, 9.608628248467666,-47.599
4.591067877041162, 9.640055897205823,-47.599
4.891067877041161,9.673202264,-47.599
5.291067877041161, 9.661224479415273,-47.599
2.983782902525826, 9.263589842461768,-47.899
3.2501071121201788, 9.433603569814714,-47.899
3.4171055312577447, 9.487797839737935,-47.899
3.694782936827899, 9.623434228101313,-47.899
3.848692001324449, 9.650572548747654,-47.899
4.284930672227846, 9.643736037603148,-47.899
4.370238280182058, 9.618985548865755,-47.899
4.6728690790938945, 9.613894621690374,-47.899
4.758298670940613, 9.589087250929733,-47.899
4.881758990483305,9.584053206,-47.899
5.060694623333062, 9.529538928347405,-47.899
5.210014566, 9.524370373952054,-47.899
5.478587308738766, 9.464687542126509,-47.899
5.654317355541078, 9.411241793378794,-47.899
5.822927436500154, 9.384702900799127,-47.899
5.927127768361579,9.330459641,-47.899
6.162591115218563, 9.232186989497375,-47.899
6.226845539577505, 9.187195557197917,-47.899
6.311092250331957, 9.090910508890008,-47.899
6.414561807151138, 9.024858515159584,-47.899
6.4945204940546875, 8.951783697938918,-47.899
6.577347475556474, 8.837219931489027,-47.899
6.716802390839223, 8.692776515558728,-47.899
6.834606617438699,8.500488655,-47.899
7.167528653589116, 7.917026907636848,-47.899
7.270513512681014, 7.779314307241234,-47.899
7.304598299162702, 7.671906252129191,-47.899
7.419720592244883, 7.451058732200721,-47.899
7.506231541734019, 7.228142005149669,-47.899
7.521564919903937, 7.107619761161992,-47.899
7.576380120795913, 6.909109585049297,-47.899
7.5744112405849755, 6.585910516211828,-47.899
7.551406336, 6.504346325159737,-47.899
7.551406336, 5.649444055127663,-47.899
7.536072957646787, 5.532975484831516,-47.899
7.4645851833448225, 5.316486495154473,-47.899
7.403476508936787, 5.204104280320717,-47.899
7.341910687955842, 5.036505648261614,-47.899
7.2842606617472345, 4.959592629993521,-47.899
7.222545024, 4.827615736872204,-47.899
7.174980881432364, 4.760788601940332,-47.899
7.086118748987849, 4.582796875682269,-47.899
6.908980848790334, 4.315740073821666,-47.899
6.7043081941818725, 4.111067419213205,-47.899
6.542576797028215, 4.009917217404928,-47.899
6.371481026607973, 3.8571860755243343,-47.899
6.061658764, 3.6748287483098077,-47.899
6.027476762936163, 3.664453372492209,-47.899
5.927533591712008, 3.5407610488273407,-47.899
5.837603520623249,3.460499265,-47.899
5.695962694561413, 3.394451062618428,-47.899
5.618714208501724, 3.3808300703072245,-47.899
5.381986780664074, 3.385954195593017,-47.899
5.186853732466551, 3.4360974210076236,-47.899
5.056079965137556, 3.4990890845710587,-47.899
4.903199081778071, 3.6302852965656482,-47.899
4.675280616618882, 3.897416169894209,-47.899
4.537494581, 4.001167951079023,-47.899
4.427195426764067, 4.058680577974126,-47.899
4.0533389096752845, 4.164173488404531,-47.899
3.927086527, 4.226997409926886,-47.899
3.6999768844323793, 4.362928708989852,-47.899
3.569597829132715, 4.496092181386515,-47.899
3.411012081245188, 4.7430718554377895,-47.899
3.3838379206250027, 4.844487203525352,-47.899
3.1020716377632405, 4.936176090219596,-47.899
2.992221970150516, 4.889864983947521,-47.899
2.7236807277358728, 4.809532901598791,-47.899
2.555047770218219, 4.713838732854928,-47.899
2.413406944156382, 4.647790530954896,-47.899
2.2969383738602542, 4.632457152784978,-47.899
1.8791585510814302, 4.632457152784978,-47.899
1.7252494865848798, 4.659595473431319,-47.899
1.6472468267396299, 4.697585362568137,-47.899
1.5462009911082422, 4.719278305256865,-47.899
1.4108556312458505, 4.797419985206984,-47.899
1.2957072243757073, 4.912568392077126,-47.899
1.1611915443379313,5.09618848,-47.899
1.0565535223853006, 5.324085573442125,-47.899
1.0412201442153832, 5.440554143738253,-47.899
1.0412201442153832, 5.709126886953209,-47.899
1.0710615601281561,5.918016798,-47.899
1.0778980712726625, 6.1155241419438315,-47.899
1.1294007239252144,6.258201951,-47.899
1.1674223190109811, 6.473621132897108,-47.899
1.2226822817944925, 6.654793821806814,-47.899
1.227105150836527, 6.801876707937611,-47.899
1.2772483762511349, 6.997009756135135,-47.899
1.340240039814569, 7.127783523464131,-47.899
1.4415948358963928,7.250822991,-47.899
1.5780444198902923, 7.358431027035374,-47.899
1.638654198942298, 7.485880514417407,-47.899
1.7423595098292994,7.658033036,-47.899
1.8615676732635187, 7.774480981080853,-47.899
1.9753734044726938, 7.928524196951584,-47.899
2.026592605808349, 8.052867416760094,-47.899
2.085902824555863, 8.131522306828916,-47.899
2.2565755289707066, 8.414232388158561,-47.899
2.3699981972355353, 8.564743079810633,-47.899
2.4508029944757244,8.647969556,-47.899
2.562176655186641, 8.841983595122587,-47.899
2.983782902525826, 9.263589842461768,-47.899
3.5910678770411617, 1.2325772632172187,-49.999
3.291067877041161, 1.2915971144579135,-49.999
3.0910678770411617, 1.4003276783195986,-49.999
2.933860668933054, 1.5345003409095266,-49.999
2.744244918864213, 1.739273654987292,-49.999
2.740101862715747, 1.9078844982428353,-49.999
2.686649805563251, 2.0547428182927168,-49.999
2.6416583732637937, 2.118997242651659,-49.999
2.521938373860254, 2.2194542499957137,-49.999
2.3750800538103727,2.272906307,-49.999
2.218796693910136,2.272906307,-49.999
2.143029309363704, 2.252604497646375,-49.999
2.007683949501312, 2.174462817696256,-49.999
1.913808643734543, 2.064142462281288,-49.999
1.863048462470841, 2.040405754519075,-49.999
1.7433284630673012, 1.9399487471750205,-49.999
1.6239627994162094, 1.790741667611155,-49.999
1.5226722898303342, 1.6417954978142528,-49.999
1.3910678770411615, 1.5986364660404166,-49.999
1.1910678770411613, 1.5850851356463687,-49.999
1.0910678770411613, 1.5989234171915778,-49.999
1.0112931810413361, 1.659332452723364,-49.999
0.9131035195660105, 1.6904770573411845,-49.999
0.7850836858153803, 1.7801175099737323,-49.999
0.7048219015065087, 1.8700475810624824,-49.999
0.5610543943445814, 2.1234549924877615,-49.999
0.45122833710442795, 2.437953704336378,-49.999
0.44439182595992155, 2.5542136314148087,-49.999
0.41455041004714865, 2.6951438797631333,-49.999
0.42138692119165505, 3.1015411347537554,-49.999
0.4504693000658188, 3.1961385110851617,-49.999
0.45004354159740406,3.303385092,-49.999
0.5694092052484958, 4.049420489510378,-49.999
0.5957001868308329, 4.147177802747605,-49.999
0.5935989055237861, 4.217056091314559,-49.999
0.6207372261701274,4.370965156,-49.999
0.6757438249270894, 4.476075200065418,-49.999
0.7903137491376884, 4.776399200242815,-49.999
0.8866190015263957, 4.968473884455759,-49.999
1.0315257251144838, 5.197054325621016,-49.999
1.0656674970030364, 5.296729459496262,-49.999
1.2019965416066902, 5.484199873103685,-49.999
1.229447629915942, 5.594004226340692,-49.999
1.3369312080766806, 5.773511703711443,-49.999
1.612847017531959, 6.334500340909527,-49.999
1.6744012097209002, 6.534500340909527,-49.999
1.8206258875383994, 6.834500340909527,-49.999
1.852959768392513, 6.934500340909527,-49.999
1.914980919898304, 7.034500340909527,-49.999
1.9492550109592899, 7.1345003409095265,-49.999
2.0054974065713624, 7.234500340909527,-49.999
2.1711354439330535, 7.6345003409095265,-49.999
2.2361727714467556, 7.734500340909527,-49.999
2.5416813733601797, 8.334500340909527,-49.999
2.6529581203338446, 8.534500340909526,-49.999
2.730893457855115, 8.634500340909526,-49.999
2.8438739989799364, 8.834500340909527,-49.999
3.1195368856356365, 9.201745512825621,-49.999
3.232564431137842, 9.269043839312797,-49.999
3.4194601031829936,9.354205706,-49.999
3.6369049965800877, 9.392575661085809,-49.999
3.778545822641923, 9.458623862985844,-49.999
4.380108711381502, 9.680376810246976,-49.999
4.556698622978527, 9.735339273869165,-49.999
4.707188477938575, 9.758431789746433,-49.999
4.816959425783404,9.795022106,-49.999
5.618144356107273,9.795022106,-49.999
5.791067877041161, 9.761583674838098,-49.999
5.991067877041161, 9.684500341480954,-49.999
6.391067877041161,9.470098168,-49.999
6.591067877041162, 9.302732385660907,-49.999
6.689083750850685, 9.234500340909525,-49.999
6.791067877041161, 9.142773722923915,-49.999
7.091458502822411, 8.834500340909527,-49.999
7.158730921062901, 8.734500340909525,-49.999
7.313323975211892, 8.534500340909526,-49.999
7.367415183029184, 8.434500340909526,-49.999
7.5173684556538785, 8.234500340909525,-49.999
7.569288736550362, 8.134500340909526,-49.999
7.711875331078428, 7.934500340909527,-49.999
7.748384950699698, 7.834500340909527,-49.999
7.811380377666161, 7.734500340909527,-49.999
7.867875106559234, 7.534500340909527,-49.999
7.917368455653877, 7.434500340909527,-49.999
7.936623433041161, 7.334500340909527,-49.999
7.972278068760906, 7.034500340909527,-49.999
8.014260648727909, 6.934500340909527,-49.999
8.030063092830636, 6.834500340909527,-49.999
8.041504559, 6.6345003409095265,-49.999
8.043041561690284, 6.334500340909527,-49.999
8.054500713, 5.834500340909527,-49.999
8.071256556915376, 5.6345003409095265,-49.999
8.066960734779256, 5.334500340909527,-49.999
8.024661627561995, 4.834500340909527,-49.999
7.997317877776455, 4.6345003409095265,-49.999
7.973325942202452, 4.534500340909527,-49.999
7.921774399, 4.234500340909527,-49.999
7.851015521543777, 4.034500340909527,-49.999
7.831976968485012, 3.9345003409095267,-49.999
7.714260648727908, 3.6345003409095265,-49.999
7.650316433, 3.534500340909527,-49.999
7.613598741855975, 3.4345003409095267,-49.999
7.4079743525807284, 3.1345003409095265,-49.999
7.240710734898304, 2.9345003409095267,-49.999
7.137191908824107, 2.8345003409095266,-49.999
6.891067877041161, 2.6316777594579137,-49.999
6.691067877041162, 2.4860435501687856,-49.999
6.291067877041161, 2.282682158485284,-49.999
6.091067877041162, 2.1738085163812246,-49.999
5.991067877041161, 2.107430276578316,-49.999
5.891067877041161, 2.0729378402845264,-49.999
5.791067877041161, 2.017724024462158,-49.999
5.591067877041162, 1.9689515598119653,-49.999
5.291067877041161, 1.8494308957706376,-49.999
5.091067877041162, 1.7600399085354257,-49.999
4.891067877041161, 1.6564234170633727,-49.999
4.691067877041162,1.511189529,-49.999
4.591067877041162, 1.4698128402845265,-49.999
4.491067877041161, 1.4064882921143458,-49.999
4.291067877041161, 1.320070810037043,-49.999
4.191067877041162, 1.2941357570553598,-49.999
3.5910678770411617, 1.2325772632172187,-49.999
4.562507222, 7.449269335715464,-44.899
4.40981496, 7.743255940951742,-44.899
4.323555667712509, 7.800008643305836,-44.899
4.202545989239154,7.834667646,-44.899
3.965260370142966, 7.952820503407164,-44.899
3.8439906720872576, 7.914908895955112,-44.899
3.6830997414224345,7.813927016,-44.899
3.5520508670336657, 7.602867416760095,-44.899
3.360707917743308, 7.369782831211506,-44.899
3.2799320741448152, 7.247149187115223,-44.899
3.216940410581381, 7.116375419786228,-44.899
3.189216785622382, 7.020692355187942,-44.899
3.127416162843062, 6.907485508396817,-44.899
3.077272937428454, 6.712352460199293,-44.899
3.077272937428454, 6.526227684386282,-44.899
3.1307249945809503, 6.379369364336402,-44.899
3.1757164268804075, 6.315114939977459,-44.899
3.2908648337505513, 6.1999665331073155,-44.899
3.449623872151725,6.107006612,-44.899
3.639802089935039, 6.064845116598082,-44.899
3.9978990808883137, 6.064845116598082,-44.899
4.178001652636329, 6.101522337630511,-44.899
4.275631559, 6.203053965920614,-44.899
4.362037204474808, 6.262039874915999,-44.899
4.4478576626250375, 6.481300835616186,-44.899
4.449978069416012, 6.533303964722654,-44.899
4.500953830455271, 6.674851850620465,-44.899
4.562507222, 6.913282314902484,-44.899
4.562507222, 7.449269335715464,-44.899
3.395253178168935, 7.175124504232948,-45.199
3.2418061595624312, 7.002365294709008,-45.199
3.033814037, 6.826636267275549,-45.199
2.9630013357270566, 6.778586660268392,-45.199
2.9347969762755697, 6.727619206640329,-45.199
2.868383026039044,6.503462549,-45.199
2.833417485,6.315333874,-45.199
2.831705098981765, 5.888175382429848,-45.199
2.847038477151684, 5.771706812133714,-45.199
2.9037080107280424, 5.638314332820994,-45.199
2.993348463360586, 5.510294499070362,-45.199
3.0733071502641405, 5.437219681849688,-45.199
3.247161698136305, 5.345948039425098,-45.199
3.3453902842336625, 5.316149204077203,-45.199
3.4262101936129428, 5.356111752574768,-45.199
3.580119258109493, 5.3832500732211095,-45.199
3.7340283226060436, 5.356111752574768,-45.199
3.805119258109493, 5.322961504924106,-45.199
3.9248392575130326, 5.2225044975800525,-45.199
3.9698306898124898,5.158250073,-45.199
4.023282746964986, 5.011391753171229,-45.199
4.016255217684214, 4.8288812969434725,-45.199
4.032198246637191, 4.616377065968809,-45.199
4.085044567, 4.464143071300787,-45.199
4.121722494, 4.109072995451666,-45.199
4.174568815056549, 3.9707781936281146,-45.199
4.1762812009152634, 3.8794218479503897,-45.199
4.223086734829681, 3.670979574588164,-45.199
4.281759410932133, 3.5383473187352092,-45.199
4.366053595348144, 3.421395385176249,-45.199
4.454680054348698, 3.335190605481105,-45.199
4.590025414211089, 3.2570489255309867,-45.199
4.803617310533186, 3.2299106048846458,-45.199
4.974432013980101, 3.2328613947253078,-45.199
5.124229092159256, 3.2774183689346823,-45.199
5.251024243534125, 3.3447574615554436,-45.199
5.501099598833637, 3.4212791802820153,-45.199
5.698367825244594, 3.557210479344991,-45.199
5.897692175799235, 3.7496509602167527,-45.199
6.002355803618943, 3.913939947254143,-45.199
6.033770828217965, 4.014022250635131,-45.199
6.091880051357261, 4.122829858643554,-45.199
6.171864692684641, 4.407487154579396,-45.199
6.206830233883206, 4.595615829856928,-45.199
6.211252139231415, 4.749523568338653,-45.199
6.401676778273194,4.942409808,-45.199
6.536192458310969, 5.1558713119127075,-45.199
6.6109890643508225, 5.353926989354877,-45.199
6.623359042,5.48338315,-45.199
6.679168763201785, 5.690668038828637,-45.199
6.686005274346292, 6.574527948423627,-45.199
6.640830480263597, 6.870045014196408,-45.199
6.5747822783635606, 7.0116858402582425,-45.199
6.506956778869654, 7.096467714625626,-45.199
6.500120267725147, 7.3688636102802985,-45.199
6.446668210572652, 7.515721930330179,-45.199
6.395733782886929, 7.608514158513693,-45.199
6.3089413028119115, 7.7013028291595305,-45.199
6.225947750839731, 7.817809893253541,-45.199
6.145989063936179,7.89088471,-45.199
5.909506270254596, 8.031057021914382,-45.199
5.657635804215404, 8.121823826051722,-45.199
5.457794690475781, 8.176325947980711,-45.199
5.360546689369313, 8.076656267568831,-45.199
5.236270481598825, 7.989177198403669,-45.199
5.148337309936725, 7.866868567441655,-45.199
4.993640405, 7.709987383899535,-45.199
4.909251646882094, 7.647045896446509,-45.199
4.778477879553098, 7.584054232883074,-45.199
4.593061170279293, 7.5535432020862725,-45.199
4.360254916, 7.484705888060044,-45.199
4.119097697637116, 7.4386663723461535,-45.199
4.014805741601081, 7.440538287100761,-45.199
3.395253178168935, 7.175124504232948,-45.199
3.935839027703894, 5.100122490036552,-45.499
3.9955203195799114, 4.818071289133674,-45.499
3.998471109420574, 4.702752537948649,-45.499
4.0406951136626015, 4.458684511971707,-45.499
4.123423949336881, 4.2817715745656795,-45.499
4.157047479064508, 4.176084953095116,-45.499
4.4368785879980654, 3.778018502085027,-45.499
4.503430126568508, 3.633959100361282,-45.499
4.614047386079799, 3.451642624439416,-45.499
4.745420109498167, 3.280997599214067,-45.499
4.804109273204972, 3.2289549043044867,-45.499
5.001377499615932, 3.1228650211542837,-45.499
5.113414037449118, 3.087540036465287,-45.499
5.436613106286583, 3.0855711562543493,-45.499
5.809551505134463, 3.2076314730211046,-45.499
5.953701203829149, 3.2603577572688742,-45.499
6.076740671275861, 3.3617125533506917,-45.499
6.192786866883781, 3.480180428264022,-45.499
6.3155882034722755, 3.698622298490729,-45.499
6.380754604074055, 3.9001830840622564,-45.499
6.400781149468582, 4.086266587253667,-45.499
6.498972519560892, 4.176055855514149,-45.499
6.658866953699951, 4.4510854336840575,-45.499
6.778232617351042, 4.749499592811787,-45.499
6.830619938540992, 4.967041732171745,-45.499
6.867756865089361, 5.047913751939517,-45.499
6.894895185735702, 5.201822816436068,-45.499
6.908315802236884, 5.437632462078803,-45.499
6.947741506416741, 5.571302375177544,-45.499
6.953551258420266, 5.739146566599653,-45.499
6.984419433474021, 5.947858214255395,-45.499
6.984419433474021, 6.5446865325108545,-45.499
6.979551802540452, 6.610695425921567,-45.499
6.924736601648475, 6.809205602034263,-45.499
6.909403223478556, 6.929727846021946,-45.499
6.796029045788564, 7.169323908315224,-45.499
6.763209442163873,7.272010237,-45.499
6.682919096074984, 7.3998987046913856,-45.499
6.686005274346292, 7.529453257632365,-45.499
6.6673287704859305, 7.6577499515799445,-45.499
6.608656094383477, 7.790382207432898,-45.499
6.532933802683494, 7.898524847390172,-45.499
6.342411740180708, 8.029601478953067,-45.499
6.222273947044108, 8.128054600724772,-45.499
6.008403669350777,8.235705921,-45.499
5.857445535803908, 8.276155030901378,-45.499
5.587428593751515,8.271914131,-45.499
5.509651934766852,8.250432748,-45.499
5.151828947716109, 7.9082862451496485,-45.499
5.075524515636712,7.768676548,-45.499
4.962038504966048, 7.6612269595951945,-45.499
4.893061492411039, 7.623876835511841,-45.499
4.741054930190519, 7.587565768003349,-45.499
4.535044567318229, 7.586757328149506,-45.499
4.3912723012284705, 7.601643237792934,-45.499
4.356925393892488, 7.569950364495692,-45.499
4.071313240016046, 7.441702034730992,-45.499
3.969786414349023, 7.361859880428864,-45.499
3.7369701310877823, 7.245592927588543,-45.499
3.5094618274794125, 7.110187804063011,-45.499
3.2652406746187266,6.863782373,-45.499
3.0015872603824403, 6.510604710807963,-45.499
2.907143683665452, 6.4161611340909745,-45.499
2.799160588, 6.221132942403036,-45.499
2.7788587783007253, 6.1453655578566035,-45.499
2.772022267156219, 5.828492550604302,-45.499
2.7788587783007253, 5.7503508706541835,-45.499
2.8323108354532214, 5.603492550604303,-45.499
2.9327678427972756, 5.483772551200763,-45.499
3.068113202659667, 5.4056308712506445,-45.499
3.4124533304210556, 5.325646229923263,-45.499
3.501753966019848, 5.321216649273078,-45.499
3.664941520915126, 5.256423791686779,-45.499
3.740410769370397, 5.243116526970324,-45.499
3.935839027703894, 5.100122490036552,-45.499
5.391067877041161, 3.123042006881749,-45.799
5.791067877041161, 3.226891644532715,-45.799
5.990667877841162, 3.3345003409095266,-45.799
6.091067877041162, 3.423042006881749,-45.799
6.1922306685140285, 3.534500340909527,-45.799
6.320234544263384, 3.7345003409095265,-45.799
6.414720572250742, 4.034500340909527,-45.799
6.473860085, 4.1345003409095265,-45.799
6.626997526, 4.334500340909527,-45.799
6.736045046447554, 4.534500340909527,-45.799
6.821012932535666, 4.734500340909526,-45.799
6.869288736550363, 4.934500340909527,-45.799
6.919838827, 5.034500340909527,-45.799
6.939971386251688, 5.1345003409095265,-45.799
6.978998912213575, 5.434500340909527,-45.799
7.020234544263383, 5.534500340909527,-45.799
7.048500309924043, 5.934500340909527,-45.799
7.050927032440223, 6.534500340909527,-45.799
7.021395746440069, 6.934500340909527,-45.799
6.976067877707829, 7.034500340909527,-45.799
6.918624695791161, 7.234500340909527,-45.799
6.8394635995010535, 7.434500340909527,-45.799
6.810879198424809, 7.6345003409095265,-45.799
6.691067877041162, 7.933890586031478,-45.799
6.591067877041162, 8.063609930635554,-45.799
6.372208228795547, 8.234500340909525,-45.799
6.191067877041162, 8.363776657356894,-45.799
5.891067877041161, 8.456423418601835,-45.799
5.691067877041162, 8.484946770373812,-45.799
5.491067877041161, 8.477441518556585,-45.799
5.380379340935382, 8.456915912236731,-45.799
4.943189284098781, 8.453462164094082,-45.799
4.6245688150565485, 8.456915912236731,-45.799
4.470659750559998, 8.429777591590389,-45.799
4.3988440671259506, 8.396119869975422,-45.799
4.140780098867014, 8.392365449477616,-45.799
3.9794402327637406, 8.360555153353907,-45.799
3.6389683678986793, 8.254543751098211,-45.799
3.4422947463338285, 8.211348073790042,-45.799
3.2954364262839477, 8.157896016637546,-45.799
3.202238374750001, 8.086382636468494,-45.799
3.1219765904411285, 7.996452565379746,-45.799
3.0080504991919703, 7.772886569867234,-45.799
2.9579072737773626, 7.607594937582484,-45.799
2.9510707626328565, 7.471002885689206,-45.799
2.877441050616961, 7.391129939067666,-45.799
2.7863728918164585, 7.2442556187510645,-45.799
2.635135267513083, 7.033278909421893,-45.799
2.6026854133656214, 6.931972504848113,-45.799
2.5509572879912983, 6.835456898224157,-45.799
2.4922846118888446, 6.672983226458424,-45.799
2.4736081080284866, 6.5446865325108545,-45.799
2.4736081080284866, 6.097065293819259,-45.799
2.5007464286748275, 5.9431562293227085,-45.799
2.5969973961406128,5.789701582,-45.799
2.675710733469733, 5.6345003409095265,-45.799
2.758502086909582, 5.534500340909527,-45.799
2.8910678770411615, 5.404555285415022,-45.799
3.073283915001819, 5.358543443584127,-45.799
3.2846021923367146, 5.274460265123131,-45.799
3.4402908468692948, 5.260839272811924,-45.799
3.5392325369142346, 5.282355945659623,-45.799
3.6910678770411622, 5.240055895724342,-45.799
3.833783108166989, 5.1345003409095265,-45.799
3.9165064729475945, 5.034500340909527,-45.799
3.9495541151145557, 4.834500340909527,-45.799
3.9527637910237527, 4.725839594218415,-45.799
3.9358374877543656, 4.575153082267835,-45.799
3.9375498736130794, 4.237518838903665,-45.799
3.977998984, 4.0865607053567965,-45.799
4.100800320176371, 3.8979602510428433,-45.799
4.336212179435383, 3.6004438806528762,-45.799
4.484521470261471, 3.4545562691321967,-45.799
4.638300142358732, 3.349882005007194,-45.799
5.091067877041162, 3.1483516915852023,-45.799
5.191067877041162, 3.129649593894601,-45.799
5.391067877041161, 3.123042006881749,-45.799
7.130541561730157, 6.934500340909527,-46.099
7.131488438256113, 6.034500340909526,-46.099
7.124661627561995, 5.834500340909527,-46.099
7.101907038579622, 5.6345003409095265,-46.099
7.050370203087672, 5.434500340909527,-46.099
7.003739110602806, 5.1345003409095265,-46.099
6.961509866543924, 5.034500340909527,-46.099
6.8276350417177785, 4.6345003409095265,-46.099
6.725346228072089, 4.434500340909526,-46.099
6.662697091086105, 4.334500340909527,-46.099
6.491067877041161, 4.121891644387787,-46.099
6.388396122079328, 3.9345003409095267,-46.099
6.306067877707827, 3.7345003409095265,-46.099
6.151015521543778, 3.534500340909527,-46.099
6.056841687160208, 3.4345003409095267,-46.099
5.891067877041161, 3.3095003403212915,-46.099
5.691067877041162,3.222431375,-46.099
5.391067877041161, 3.1749209011899002,-46.099
5.191067877041162, 3.1799744784095263,-46.099
5.091067877041162, 3.1932561008173606,-46.099
4.891067877041161, 3.2860628404630985,-46.099
4.691067877041162, 3.401808032667769,-46.099
4.591067877041162, 3.487590227988178,-46.099
4.1760678763744945, 3.9345003409095267,-46.099
4.1098576853214155, 4.034500340909527,-46.099
4.0224567653744945, 4.1345003409095265,-46.099
3.9665116634316937, 4.234500340909527,-46.099
3.944206890045646, 4.334500340909527,-46.099
3.903739109232942, 4.6345003409095265,-46.099
3.9236075590517427, 4.734500340909527,-46.099
3.909337107169366, 4.934500340909527,-46.099
3.8674151818315807, 5.034500340909527,-46.099
3.800642344417048, 5.1345003409095265,-46.099
3.5910678770411617, 5.268438164225588,-46.099
3.291067877041161, 5.280836547375044,-46.099
2.991067877041161, 5.309944127300059,-46.099
2.7910678770411614, 5.383515118742039,-46.099
2.5910678770411613, 5.516792006881749,-46.099
2.4701662368772266, 5.6345003409095265,-46.099
2.388774298142079, 5.734500340909527,-46.099
2.260651209541161, 5.934500340909527,-46.099
2.215647787908762, 6.084511746350858,-46.099
2.163018881125249, 6.164391919059236,-46.099
2.104346205022797, 6.297024174912191,-46.099
2.0856697011624385, 6.425320868859762,-46.099
2.0856697011624385, 6.664052196161947,-46.099
2.1128080218087795, 6.817961260658498,-46.099
2.2506325335844437, 7.072672284171981,-46.099
2.3497422972938677,7.169351563,-46.099
2.3846895967616244, 7.247149187115223,-46.099
2.4473433699501266, 7.3290659523632105,-46.099
2.5007464286748275, 7.474472410739504,-46.099
2.605293851600307, 7.689790059502893,-46.099
2.8323108354532214, 8.082708832672868,-46.099
3.1215234206133626, 8.423210104225024,-46.099
3.2276010221255227,8.496265266,-46.099
3.4115341094898417, 8.673948491294508,-46.099
3.5238658133000675, 8.730370545265162,-46.099
3.6191204087910527,8.829098566,-46.099
3.8027404968010865, 8.963614246282418,-46.099
4.032171679413901, 9.045045101303662,-46.099
4.3636398652560295, 9.215126377831568,-46.099
4.4955660771547175, 9.256569435943247,-46.099
4.6644677544758775,9.429246353,-46.099
4.822329004139315, 9.548728221088613,-46.099
4.973287137686187, 9.589177331063395,-46.099
5.161714301486464, 9.590889716922106,-46.099
5.345464781895788, 9.563751396275764,-46.099
5.595604212875874, 9.441076900886786,-46.099
5.688802264409825,9.369563521,-46.099
5.828746880544243, 9.219950617803434,-46.099
5.884459836277257,9.110265305,-46.099
6.266897067851794, 8.723478889325023,-46.099
6.4315181941859665, 8.564743079810633,-46.099
6.566033874223742, 8.381122991800597,-46.099
6.612776297,8.259305369,-46.099
6.737152214992969, 8.134500340909526,-46.099
6.803136843248058, 8.034500340909526,-46.099
6.869288736550363, 7.834500340909527,-46.099
6.916506474117185, 7.734500340909527,-46.099
6.980856610139753, 7.434500340909527,-46.099
7.023248728636906, 7.334500340909527,-46.099
7.064767299584513, 7.1345003409095265,-46.099
7.130541561730157, 6.934500340909527,-46.099
2.7550229594088393, 7.927913093475187,-46.399
3.4197824562389534, 8.235705920926586,-46.399
3.6178560873196144, 8.305089002433448,-46.399
3.7181966153666806, 8.384913000490451,-46.399
3.8729718518646266, 8.432073133884602,-46.399
3.9950372333917326, 8.493679575469507,-46.399
4.057696487124507, 8.581837161679601,-46.399
4.220165983827464, 8.863157238938363,-46.399
4.312058850419204,8.95307571,-46.399
4.399214479304101, 9.072047150327775,-46.399
4.540663774410218, 9.182636694664255,-46.399
4.694714993739074, 9.330459641375512,-46.399
4.996397133, 9.470918316799558,-46.399
5.143255453361892, 9.524370373952054,-46.399
5.400445628788647,9.531206885,-46.399
5.554354693285198, 9.504068564450218,-46.399
5.685128460614193, 9.441076900886786,-46.399
5.834689875930505, 9.310778477629958,-46.399
5.897808381, 9.211702271054323,-46.399
5.936033369741181, 9.100147542579652,-46.399
6.091067877041162, 8.984010145811487,-46.399
6.491067877041161,8.653250342,-46.399
6.697922717, 8.434500340909526,-46.399
6.9206000413686475, 8.134500340909526,-46.399
7.017792015546908, 7.834500340909527,-46.399
7.106630791610698, 7.534500340909527,-46.399
7.165629281134729, 7.234500340909527,-46.399
7.223248728636905, 7.034500340909527,-46.399
7.234432806425048, 6.834500340909527,-46.399
7.210879198424809, 6.6345003409095265,-46.399
7.210879198424809, 6.034500340909527,-46.399
7.196623433337457, 5.834500340909527,-46.399
7.1142606487279085, 5.334500340909527,-46.399
7.074401211028089, 5.234500340909527,-46.399
7.026016857143203, 5.034500340909527,-46.399
6.891067877041161, 4.709138020619672,-46.399
6.8250057013934935, 4.534500340909527,-46.399
6.699341259055551, 4.3345003409095275,-46.399
6.449785826271931, 4.034500340909527,-46.399
6.291067877041161, 3.749067269255983,-46.399
6.203136843248059, 3.6345003409095265,-46.399
5.991067877041161, 3.4167584047804946,-46.399
5.867048270178415, 3.3345003409095266,-46.399
5.691067877041162, 3.261643197480955,-46.399
5.491067877041161, 3.2127211991917353,-46.399
5.391067877041161, 3.205729390630197,-46.399
5.191067877041162,3.218381919,-46.399
5.091067877041162, 3.244711607810935,-46.399
4.901164029925777, 3.3345003409095266,-46.399
4.691067877041162, 3.4964189449792937,-46.399
4.491067877041161, 3.733328465128277,-46.399
4.215590169397849, 4.034500340909527,-46.399
4.092990953195008, 4.1345003409095265,-46.399
4.011875329836192, 4.234500340909527,-46.399
3.953196589417399, 4.334500340909527,-46.399
3.8744012097209004, 4.534500340909527,-46.399
3.854186688, 4.6345003409095265,-46.399
3.876638346168678, 4.734500340909527,-46.399
3.865195783, 4.934500340909527,-46.399
3.8304398572343987, 5.034500340909527,-46.399
3.759505376416161, 5.1345003409095265,-46.399
3.5910678770411617, 5.262466442039471,-46.399
3.491067877041161, 5.279779310437424,-46.399
3.291067877041161, 5.282425651697909,-46.399
3.0910678770411617, 5.255307793704558,-46.399
2.7910678770411614, 5.287537723619807,-46.399
2.6910678770411613, 5.317292548052384,-46.399
2.491067877041161, 5.397760008865328,-46.399
2.3910678770411615, 5.468148139022735,-46.399
2.2910678770411614, 5.511838469686505,-46.399
2.1517160242633833, 5.6345003409095265,-46.399
2.0601855231195927, 5.734500340909527,-46.399
1.9896660069477035, 5.834500340909527,-46.399
1.9035678761790926, 6.034500340909527,-46.399
1.8922722770468103, 6.2487323180679875,-46.399
1.8498891637009176,6.403713245,-46.399
1.8537748850047617, 6.712352460199293,-46.399
1.8787580974996967, 6.798159145862122,-46.399
1.8836163009175346,6.980925203,-46.399
1.9487827015193113, 7.212327404898544,-46.399
2.056434021721122, 7.396356266679088,-46.399
2.1193755091741444,7.480745025,-46.399
2.216573860890722, 7.575759097908173,-46.399
2.327271752444814, 7.652153383172022,-46.399
2.7550229594088393, 7.927913093475187,-46.399
2.202712141189249, 5.316106623512325,-46.699
1.879650513753217, 5.496902513675234,-46.699
1.7433284630673012, 5.628762373983678,-46.699
1.659747210715249, 5.749431649722969,-46.699
1.5936990088152148, 5.891072475784806,-46.699
1.5783656306452958,6.007541046,-46.699
1.5852021417898021, 6.622828212460973,-46.699
1.626883550418428, 6.792348890109521,-46.699
1.6950281990299556, 6.997009756135135,-46.699
1.7580198625933896, 7.127783523464131,-46.699
1.8387957061918865,7.250417168,-46.699
2.190949701758898, 7.699342018340214,-46.699
2.3699981972355353, 7.878390513816852,-46.699
2.489718196639075, 7.9788475211609065,-46.699
2.691112897084883,8.074611456,-46.699
2.8474608518399056, 8.236487504770128,-46.699
2.9671808512434454, 8.336944512114183,-46.699
3.1819868059647693, 8.427216601792006,-46.699
3.381128718356079, 8.558873699505464,-46.699
3.4813808955021814, 8.651019024006004,-46.699
3.619778891013352,8.711509476,-46.699
3.6995821603019445, 8.762281935662184,-46.699
3.983244835, 8.973579870084004,-46.699
4.080624049953393, 9.113975391235751,-46.699
4.1365847314754065, 9.219950617803434,-46.699
4.322820194,9.468653329,-46.699
4.433093796677092, 9.585644486713498,-46.699
4.577621957090911, 9.699402171611451,-46.699
4.619486958481715, 9.831944267848574,-46.699
4.6976286384318335, 9.967289627710965,-46.699
4.812777045301976, 10.082438034581108,-46.699
4.877031469660919, 10.127429466880566,-46.699
5.02388979, 10.180881524033062,-46.699
5.221397133, 10.187718035177568,-46.699
5.478587308738766, 10.180881524033062,-46.699
5.625445628788647, 10.127429466880566,-46.699
5.857280982349234, 9.993882740080789,-46.699
6.0179556281880915, 9.873548123191696,-46.699
6.192786866883781, 9.698716884496008,-46.699
6.304735835791411, 9.529506763068243,-46.699
6.422826594256454, 9.385003439546166,-46.699
6.518608214146491,9.193847042,-46.699
6.566033874223742, 9.127158389619924,-46.699
6.658866953699951,8.906860375,-46.699
6.679681533964638, 8.777227554553537,-46.699
6.7163215919386445, 8.702748839730436,-46.699
6.879139432877561, 8.505060247985087,-46.699
7.0282077295771455, 8.256531000538079,-46.699
7.0910006701725985, 8.113417286334712,-46.699
7.1294785381103605, 7.911728074203018,-46.699
7.234315672828619, 7.627908535667159,-46.699
7.252992176688977, 7.447164068576699,-46.699
7.3058384973700194, 7.219656530716433,-46.699
7.342516424427299, 6.902783523464131,-46.699
7.315378103780958,6.748874459,-46.699
7.2776001191140525, 6.671174430068656,-46.699
7.276322530400483, 6.013548836386166,-46.699
7.255965124517406, 5.713548836386166,-46.699
7.240083047565056, 5.613548836386165,-46.699
7.1720091233501755, 5.313548836386166,-46.699
7.076727215219247, 5.013548836386166,-46.699
7.022917832234162, 4.913548836386165,-46.699
6.993176248410865, 4.813548836386166,-46.699
6.860425394347493, 4.513548836386166,-46.699
6.748356428140596, 4.342896661748485,-46.699
6.6483564281405965, 4.216220591347997,-46.699
6.447965803921846, 4.013548836386165,-46.699
6.348356428140596, 3.837233046160601,-46.699
6.248747053921846, 3.7135488363861655,-46.699
6.048356428140595, 3.504620264243308,-46.699
5.948356428140595, 3.4116257586938574,-46.699
5.748356428140596, 3.2985488357194983,-46.699
5.6483564281405965, 3.2717680140117356,-46.699
5.448356428140595, 3.2488280236958094,-46.699
5.1483564281405965, 3.2677155026142355,-46.699
4.948356428140595, 3.364957286620907,-46.699
4.848356428140596, 3.4436083596004514,-46.699
4.748356428140596, 3.5555733756499692,-46.699
4.556629808716135, 3.8135488363861656,-46.699
4.348356428140596, 4.025617801213752,-46.699
4.248356428140596,4.083603781,-46.699
4.048356428140595, 4.249609441840711,-46.699
3.908938438193506, 4.413548836386165,-46.699
3.798096961, 4.604570977584193,-46.699
3.844234251488348,4.73574273,-46.699
3.851070762632854, 4.843725825482792,-46.699
3.8239324419865133, 4.997634889979342,-46.699
3.790782194335852, 5.068725825482792,-46.699
3.6903251869917977, 5.188445824886331,-46.699
3.554979827129406,5.266587505,-46.699
3.3712293467200825, 5.293725825482792,-46.699
3.217320282223532,5.266587505,-46.699
3.0750955643874813, 5.181566466912673,-46.699
3.0059935889909846, 5.199444055127664,-46.699
2.7527934045815634, 5.202394844968327,-46.699
2.202712141189249, 5.316106623512325,-46.699
2.991067877041161, 9.245339502447989,-48.199
3.291067877041161, 9.438635680007271,-48.199
3.491067877041161,9.515710533,-48.199
3.5910678770411617, 9.578191930161863,-48.199
3.791067877041162, 9.650063255479063,-48.199
3.8910678770411615, 9.662871127988177,-48.199
4.291067877041161, 9.652769572319782,-48.199
4.391067877041161,9.624925874,-48.199
4.591067877041162,9.618381921,-48.199
4.891067877041161, 9.592719519448337,-48.199
5.091067877041162, 9.558607484361907,-48.199
5.191067877041162, 9.553290150463667,-48.199
5.391067877041161,9.504555287,-48.199
5.591067877041162, 9.467040023978308,-48.199
5.891067877041161, 9.384929525888067,-48.199
6.191067877041162, 9.259056554518995,-48.199
6.391067877041161, 9.093939116929935,-48.199
6.483528195295129, 9.034500340909526,-48.199
6.591067877041162, 8.930552973365666,-48.199
6.651901210930049, 8.834500340909527,-48.199
6.741810451793636, 8.734500340909525,-48.199
6.899341259, 8.534500340909528,-48.199
6.940101693949373, 8.434500340909526,-48.199
7.0103716751424265, 8.334500340909527,-48.199
7.052936564414898, 8.234500340909525,-48.199
7.121395746440069, 8.134500340909526,-48.199
7.169288736550364, 8.034500340909526,-48.199
7.317368455653877, 7.834500340909527,-48.199
7.353317878, 7.734500340909527,-48.199
7.416067877629397, 7.6345003409095265,-48.199
7.447685524590183, 7.534500340909527,-48.199
7.5128470187589524, 7.434500340909527,-48.199
7.578396644849381, 7.1345003409095265,-48.199
7.634148234630448, 6.934500340909527,-48.199
7.641731594297799, 6.6345003409095265,-48.199
7.629769800598854, 6.434500340909527,-48.199
7.6320400997263445, 5.734500340909526,-48.199
7.625683262169366, 5.534500340909527,-48.199
7.553567877531357, 5.334500340909527,-48.199
7.535903558261818, 5.234500340909527,-48.199
7.306630791610699, 4.734500340909527,-48.199
7.153424110186069, 4.4510973102204945,-48.199
6.952691218924627, 4.309914800941438,-48.199
6.848377110525685, 4.212484562225376,-48.199
6.617682844285488, 4.077309463993397,-48.199
6.518309344863432, 4.039780620674867,-48.199
6.440719208730899, 3.981453476601819,-48.199
6.2604642949371865, 3.896573340707576,-48.199
6.171620457588061, 3.8341995410233443,-48.199
5.828874110294019, 3.6906969155920253,-48.199
5.4644137609117935, 3.592765118454729,-48.199
5.263280832603404, 3.592765118454729,-48.199
5.128975792, 3.6371145721103537,-48.199
4.8765281731535275,3.681132063,-48.199
4.635698537363231, 3.7893349499234033,-48.199
4.506408001572695, 3.8261694638341734,-48.199
4.367125794148269, 3.9087006135744975,-48.199
4.260895355919923, 3.942469858563204,-48.199
3.973136602256824, 4.089168531916866,-48.199
3.8946435058478115, 4.159146284325961,-48.199
3.7560921135074583, 4.224524046651144,-48.199
3.689021574903604, 4.287260352116871,-48.199
3.542430238601696, 4.363281715920109,-48.199
3.5255182828587808, 4.520172235374975,-48.199
3.4473766029086623, 4.655517595237367,-48.199
3.3276566035051225, 4.7559746025814205,-48.199
3.2565656680016737, 4.789124850232082,-48.199
3.102656603505123, 4.816263170878424,-48.199
2.9487475390085724, 4.789124850232082,-48.199
2.813402179146181, 4.710983170281963,-48.199
2.7129451718021262, 4.591263170878424,-48.199
2.677918962100337, 4.513171049687095,-48.199
2.5951029099655702, 4.514190985030153,-48.199
2.4806888542695775, 4.4507055620419065,-48.199
2.326779789773027, 4.423567241395565,-48.199
2.1178898783836133, 4.423567241395565,-48.199
1.9895931844360366, 4.442243745255926,-48.199
1.7635656578759353, 4.527280804510459,-48.199
1.550175948525406, 4.568645545425485,-48.199
1.462453973189576,4.612083358,-48.199
1.3671524956316046, 4.629754057518546,-48.199
1.2363787283026095, 4.692745721081981,-48.199
1.116658729, 4.793202728426035,-48.199
1.0330774765470199, 4.913872004165321,-48.199
0.9405309844246503,5.103367538,-48.199
0.9218544805642882, 5.231664232348843,-48.199
0.9286909917087947, 5.638061487339462,-48.199
1.0086756330361786, 5.9227187832753065,-48.199
1.0637147235381543, 6.0250702260667515,-48.199
1.2550069639226225, 6.340970265079659,-48.199
1.256946567, 6.413938301071562,-48.199
1.296875800284064, 6.533949631836312,-48.199
1.3166293985748458, 6.652669628373745,-48.199
1.3925682351331536, 6.895878938607842,-48.199
1.4596057034656607, 7.038259275725811,-48.199
1.5337532169970047, 7.1340914606220505,-48.199
1.6571300526888302, 7.434500340909527,-48.199
1.7749494553306353, 7.6345003409095265,-48.199
1.9410678764697331, 7.834500340909527,-48.199
2.1631017747812744, 8.234500340909525,-48.199
2.2869325379434167, 8.434500340909526,-48.199
2.453250617650298, 8.634500340909526,-48.199
2.5796095430133836, 8.834500340909527,-48.199
2.991067877041161, 9.245339502447989,-48.199
3.4612775209026028, 9.505008644008523,-48.499
3.8756995012010615, 9.429988901691221,-48.499
4.009281648676513, 9.384078794060393,-48.499
4.2783798153137695, 9.378772719399906,-48.499
4.44552032, 9.347400867003115,-48.499
4.8132563429939985, 9.351925726270677,-48.499
4.904524126059704,9.324395962,-48.499
5.271189071648705, 9.319884282194002,-48.499
5.307586919161762, 9.379129081552504,-48.499
5.413484956563617, 9.481153964215807,-48.499
5.445574632, 9.551025746286498,-48.499
5.529868815946291, 9.667977679845459,-48.499
5.652908283393015, 9.769332475927289,-48.499
5.838688199156562, 9.827908658365576,-48.499
6.027115362956882, 9.859462460137065,-48.499
6.1350984588197734, 9.852625948992559,-48.499
6.281956778869654, 9.799173891840063,-48.499
6.4961992041421395, 9.586567026332988,-48.499
6.620609219323778, 9.380113006896082,-48.499
6.676875869338649, 9.321464225801352,-48.499
6.771377736, 9.124779628311519,-48.499
6.905893415977036, 8.941159540301486,-48.499
6.999272978422166, 8.846229912353433,-48.499
7.061043490927163, 8.733573241000279,-48.499
7.187596121666463, 8.544553361338435,-48.499
7.266561631806218, 8.463125224696247,-48.499
7.506231541734017,7.854811739,-48.499
7.547698931142544, 7.641390606952251,-48.499
7.551406336, 7.469293232973818,-48.499
7.612364173954742, 7.334500340909527,-48.499
7.661122822645556, 7.034500340909527,-48.499
7.705497407913644, 6.834500340909527,-48.499
7.717368455653878, 6.6345003409095265,-48.499
7.705497407913644, 6.434500340909527,-48.499
7.711875331078428, 5.734500340909527,-48.499
7.701279145, 5.534500340909527,-48.499
7.665629281134727, 5.434500340909527,-48.499
7.634354914541161, 5.234500340909527,-48.499
7.546705132433317, 5.034500340909527,-48.499
7.474107725879363, 4.838215177579053,-48.499
7.406573821672279,4.770681273,-48.499
7.180685192023802, 4.604475475549039,-48.499
7.072056883, 4.5486461282436235,-48.499
6.9809129317172225, 4.464386047068006,-48.499
6.822645870633182, 4.364257790446807,-48.499
6.713959891622443, 4.309914800941438,-48.499
6.616796535472683, 4.210358220733121,-48.499
6.428785097125114, 4.129304868413186,-48.499
6.265286873, 4.0149110520832005,-48.499
6.132649662326894, 3.952299598335758,-48.499
5.940488208573527, 3.9056873153253138,-48.499
5.793376165908583, 3.8566048617013586,-48.499
5.658555025146612,3.758913424,-48.499
5.464830445546879, 3.6449873323970357,-48.499
5.213163341282295, 3.590958385678584,-48.499
4.982665806009823, 3.588007595837921,-48.499
4.785158462408613, 3.594844106982427,-48.499
4.541825238950578, 3.654526938807973,-48.499
4.427061471455337, 3.654526938807973,-48.499
4.303093911648391, 3.6843683547207466,-48.499
4.218171560065927, 3.6843683547207466,-48.499
4.052879927781176, 3.7345115801353534,-48.499
3.922106160452182, 3.7975032436987886,-48.499
3.8289081089182306, 3.8690166238678443,-48.499
3.682051544159548, 4.028793480968924,-48.499
3.619901992634597,4.146243537,-48.499
3.5829750062328163,4.276591038,-48.499
3.3525176531139698, 4.445846100004418,-48.499
3.162339435330669, 4.488007595837919,-48.499
3.0924290091951936, 4.517662507524773,-48.499
2.779127935701087, 4.363015208004617,-48.499
2.7292720257229917, 4.254541300641771,-48.499
2.4849954179265428, 3.822178992042078,-48.499
2.3722593823845544, 3.5999881984735853,-48.499
2.2688699827844268, 3.365386357146326,-48.499
2.0913829243594066, 3.1134156652137452,-48.499
1.9778969136887414, 3.0059660772026007,-48.499
1.871514757667004, 2.949162793894182,-48.499
1.721717679487849, 2.904605819684805,-48.499
1.5807443919537008, 2.901655029844142,-48.499
1.426835327, 2.9287933504904835,-48.499
1.1336151159338899, 3.079747824740622,-48.499
0.9805816118096738, 3.2327813288648355,-48.499
0.8148088968339284, 3.4897323871013355,-48.499
0.6860739431027666, 3.8671928923910093,-48.499
0.6831231532621048, 4.067849011750694,-48.499
0.6899596644066113, 4.3847220190029965,-48.499
0.7161003981041059, 4.473011016895352,-48.499
0.7198010803193842, 4.563770514479634,-48.499
0.7604723332249155, 4.686874952504495,-48.499
0.8594685534723108,4.878269226,-48.499
1.0716672965996126, 5.247774320959429,-48.499
1.136050479079414, 5.331678339827179,-48.499
1.220874376163477, 5.576029895999933,-48.499
1.2816638573762806,5.671398628,-48.499
1.295284849687484,5.765912625,-48.499
1.3369312080766806, 5.892877367362534,-48.499
1.3880852843890796, 5.991727077121448,-48.499
1.4673275411403184,6.246432776,-48.499
1.5169399694830221, 6.6345003409095265,-48.499
1.5557886887162882, 7.034500340909527,-48.499
1.6571300526888302, 7.334500340909527,-48.499
1.818624694654798, 7.6345003409095265,-48.499
2.0217743982368135, 7.934500340909527,-48.499
2.063101774781274, 8.034500340909526,-48.499
2.1322306672737197, 8.134500340909526,-48.499
2.1796095430133833, 8.234500340909525,-48.499
2.3789989108342646, 8.534500340909526,-48.499
2.544242479686664, 8.734500340909525,-48.499
2.6103716738766045, 8.834500340909525,-48.499
2.6910678770411613,8.921235035,-48.499
2.991067877041161, 9.213692888114494,-48.499
3.1910678770411613, 9.362466443169414,-48.499
3.4612775209026028, 9.505008644008523,-48.499
3.3578523551703436, 4.267579188371317,-48.799
3.2115589202992343, 4.406626015767961,-48.799
3.069918094237399, 4.472674217667998,-48.799
2.9084336835479014, 4.480212985271178,-48.799
2.884242519513472, 4.500746964053885,-48.799
2.697179794769156, 4.3945671483002915,-48.799
2.625860324350443, 4.309539195285614,-48.799
2.600434389562817,4.18251269,-48.799
2.537442725999383, 4.021897507227331,-48.799
2.472577342502343, 3.9366222296108098,-48.799
2.351554799947889, 3.712016011535022,-48.799
2.297693736233236, 3.548134617136127,-48.799
2.292480624, 3.333196181719568,-48.799
2.239028566871654, 3.186337861669687,-48.799
2.1376737707898217, 3.063298394222961,-48.799
2.009653937039188, 2.9736579415904183,-48.799
1.8586958034923184, 2.9332088316156293,-48.799
1.681651207, 2.938332956901422,-48.799
1.5930356249449178, 2.9646259795189587,-48.799
1.4130784642652636, 2.9681743728141936,-48.799
1.3010419264320618, 3.0034993575031974,-48.799
1.20196572, 3.0666178622661473,-48.799
1.0629188924597948, 3.212911297137256,-48.799
0.9730626285572423, 3.3550179654167187,-48.799
0.832935969, 3.5145934367101903,-48.799
0.779483912, 3.6614517567600715,-48.799
0.7726474010004235, 3.8291176844485095,-48.799
0.779483912,4.235514939,-48.799
0.8476636109958853, 4.512573157087316,-48.799
0.9043331445722469, 4.675807052312823,-48.799
1.0032360606342599, 4.863103894538605,-48.799
1.155776399324396, 5.075966229466787,-48.799
1.208093572, 5.224020438934406,-48.799
1.278329799787135, 5.3505600537762055,-48.799
1.3447552699284646, 5.569860057719668,-48.799
1.3763122304003916, 5.757427150990555,-48.799
1.4562968717277722, 5.982401615100853,-48.799
1.5093175602845619, 6.081870481177476,-48.799
1.4891447993488538, 6.234500340909527,-48.799
1.4952032146351462, 6.334500340909527,-48.799
1.5306413362828675, 6.534500340909527,-48.799
1.5495541151145558, 6.734500340909527,-48.799
1.584133569741891, 6.934500340909527,-48.799
1.6626970899625095, 7.234500340909527,-48.799
1.753567876550965, 7.434500340909527,-48.799
1.9683406037078277, 7.834500340909527,-48.799
2.0447443471392006, 7.934500340909527,-48.799
2.0802287155026997, 8.034500340909526,-48.799
2.1551382282974427, 8.134500340909526,-48.799
2.261509865438952, 8.334500340909527,-48.799
2.3386994554622142, 8.434500340909526,-48.799
2.4717640789398954, 8.634500340909526,-48.799
2.6910678770411613, 8.887278119304588,-48.799
2.991067877041161, 9.179830011788647,-48.799
3.1910678770411605, 9.348351692936552,-48.799
3.3910678770411615, 9.471302371873993,-48.799
3.491067877041161,9.506943523,-48.799
3.5910678770411617,9.578604115,-48.799
3.791067877041162, 9.664058352511736,-48.799
3.8910678770411615, 9.676808033669706,-48.799
4.291067877041161,9.672305219,-48.799
4.4682586380640545, 9.651035176067252,-48.799
4.524523138341463,9.539291471,-48.799
4.633728549825335, 9.422839451686803,-48.799
4.697982974184278, 9.377848019387345,-48.799
4.858598157426049, 9.314856355823911,-48.799
5.140106677603407,9.260827409,-48.799
5.519811292439739, 9.257876619264795,-48.799
5.937990098733856, 9.317559451090343,-48.799
6.217949217118929, 9.320258335187413,-48.799
6.372160314856288, 9.234500340909525,-48.799
6.591067877041162, 9.056756439080258,-48.799
6.898676573417973, 8.734500340909525,-48.799
6.991067877041161, 8.581848826515587,-48.799
7.101907038579622, 8.434500340909526,-48.799
7.141546346419151, 8.334500340909527,-48.799
7.214260648727908, 8.234500340909525,-48.799
7.330470051497683, 8.034500340909526,-48.799
7.410879198424809, 7.934500340909527,-48.799
7.450023101419271, 7.834500340909527,-48.799
7.516506474117184, 7.734500340909527,-48.799
7.549934872607663, 7.6345003409095265,-48.799
7.613323975211893, 7.534500340909527,-48.799
7.717792015546907, 7.1345003409095265,-48.799
7.758173140725372, 6.834500340909527,-48.799
7.775504963796129, 6.6345003409095265,-48.799
7.7656292811347285, 6.434500340909527,-48.799
7.776638347510959, 5.734500340909527,-48.799
7.764767299584513, 5.534500340909527,-48.799
7.7470586609121295, 5.434500340909527,-48.799
7.732040099726346, 5.234500340909527,-48.799
7.647135838691646, 5.034500340909527,-48.799
7.6263470653660335, 4.934500340909527,-48.799
7.531231812013839, 4.734500340909527,-48.799
7.291067877041161, 4.465522237989819,-48.799
6.991067877041161, 4.181138995531375,-48.799
6.691067877041162, 3.927490994180555,-48.799
6.536587921802268, 3.8282947649206287,-48.799
6.345313414490826, 3.6302852965656536,-48.799
6.076334847925445, 3.4306578486056942,-48.799
5.938484946080747, 3.3726639077194416,-48.799
5.598872193321073, 3.042719441739642,-48.799
5.389982281931662, 2.9233537780885497,-48.799
5.248341455869825, 2.8573055761885153,-48.799
4.986622584491067, 2.8166535099582974,-48.799
4.654410230969321, 2.8121307821058226,-48.799
4.516585719193657, 2.8189672932503287,-48.799
4.231928423257814, 2.898951934577709,-48.799
3.856335794738893, 3.0685284575452636,-48.799
3.7393838611799075, 3.1528226419612926,-48.799
3.6292806609582633, 3.272594128962816,-48.799
3.5750374015346558, 3.3767944608242293,-48.799
3.519770050834257, 3.5810076888226443,-48.799
3.518057664975542, 3.7466162594646937,-48.799
3.4291391537086797, 3.842849011750694,-48.799
3.3756870965561836, 3.989707331800575,-48.799
3.3578523551703436, 4.267579188371317,-48.799
7.203739110602806, 8.934500340909526,-51.199
7.604919229068187, 8.334500340909527,-51.199
7.643483336461452, 8.234500340909525,-51.199
7.708275669898304, 8.134500340909526,-51.199
7.8929909547334685, 7.734500340909527,-51.199
8.020234544263383, 7.334500340909527,-51.199
8.072798646912956, 7.1345003409095265,-51.199
8.113323975211893, 7.034500340909527,-51.199
8.198676573417973, 6.6345003409095265,-51.199
8.228259995760373, 6.434500340909527,-51.199
8.246744733373038, 6.1345003409095265,-51.199
8.253262999480185, 5.834500340909527,-51.199
8.273860085482719, 5.6345003409095265,-51.199
8.281493409665273, 5.434500340909527,-51.199
8.271764080205719, 4.734500340909527,-51.199
8.253567877531358, 4.534500340909527,-51.199
8.246744733373038, 4.334500340909527,-51.199
8.223607560109944, 4.1345003409095265,-51.199
8.156789527, 3.9345003409095267,-51.199
8.104919229068187, 3.7345003409095265,-51.199
8.052072662208625, 3.6345003409095265,-51.199
8.022148958662783, 3.534500340909527,-51.199
7.931509054001946, 3.3345003409095266,-51.199
7.862697091086105, 3.2345003409095265,-51.199
7.823962614409581, 3.1345003409095265,-51.199
7.699341259055549, 2.9345003409095267,-51.199
7.491067877041161, 2.6635003402428596,-51.199
7.267482972009715, 2.4345003409095267,-51.199
6.991067877041161, 2.189681687541651,-51.199
6.691067877041162, 2.0053336736873044,-51.199
6.591067877041162, 1.962057158523163,-51.199
6.372102360489436, 1.8345003409095266,-51.199
6.191067877041162, 1.7132040439959464,-51.199
5.991067877041161, 1.5970003404193305,-51.199
5.791067877041161, 1.5108476456999458,-51.199
5.691067877041162, 1.4800192083623567,-51.199
5.477178988945923, 1.3345003409095266,-51.199
5.191067877041162, 1.1992211525846534,-51.199
4.891067877041161, 1.1086282473048752,-51.199
4.691067877041162, 1.064058351406764,-51.199
4.491067877041161, 1.0019606578407434,-51.199
4.291067877041161, 0.9595003403212912,-51.199
4.191067877041162, 0.9189374263399901,-51.199
3.991067877041161, 0.8680940903886931,-51.199
3.8910678770411615, 0.8122442427387946,-51.199
3.6910678770411613, 0.7825091900245706,-51.199
3.1910678770411613, 0.7242890725996671,-51.199
3.0910678770411617, 0.7318285844209769,-51.199
2.8910678770411615, 0.7749765308566166,-51.199
2.6910678770411613, 0.8065342386496395,-51.199
2.5910678770411613, 0.8539270918649404,-51.199
2.491067877041161, 0.8802579160610415,-51.199
2.2894215475574504, 0.8893078546120767,-51.199
2.1209299035711537, 0.9344356180091667,-51.199
1.8306054415625488, 1.0439246859482918,-51.199
1.4378633739749924, 1.1409013826737713,-51.199
1.0396262295043313, 1.1401998782999163,-51.199
0.8910678770411613, 1.2159192591527697,-51.199
0.7514127039377132, 1.3345003409095266,-51.199
0.6769299453170232, 1.4345003409095265,-51.199
0.6280501249701553, 1.5345003409095266,-51.199
0.5545736235928855, 1.6345003409095265,-51.199
0.5139337300899416, 1.7345003409095265,-51.199
0.44963930504116134, 1.8345003409095266,-51.199
0.3622969267618319, 2.1345003409095265,-51.199
0.3256832611437255, 2.3345003409095266,-51.199
0.2722780674870211, 2.534500340909527,-51.199
0.27044052349037045, 2.595849266089117,-51.199
0.32141611297348194, 2.760495282653259,-51.199
0.40397455449403824, 2.9367723004202833,-51.199
0.4177942995425899, 3.0359399649720076,-51.199
0.49349880223235704, 3.2650278754607873,-51.199
0.5363759061784736, 3.473316792439501,-51.199
0.5685150122278203, 3.8315864560229045,-51.199
0.6194591481142804, 4.069120998676829,-51.199
0.6725472977089946, 4.399001680146161,-51.199
0.687880676, 4.594913770145204,-51.199
0.7596318462677789, 4.8962844800336685,-51.199
0.8184112515824193, 5.013843290662951,-51.199
0.834465364, 5.102710462474943,-51.199
0.9112786250111793, 5.264402741616579,-51.199
0.9266120031810969, 5.391422855590729,-51.199
0.9974597470590569, 5.580830193005638,-51.199
1.0228851509549204, 5.745872887722273,-51.199
1.0910678770411608, 6.051044459291879,-51.199
1.2132376874185198, 6.1345003409095265,-51.199
1.3910678770411615, 6.226226960333987,-51.199
1.4910678770411612, 6.292000341465082,-51.199
1.6370356184390102, 6.434500340909527,-51.199
1.908809811879871, 6.734500340909527,-51.199
2.050703293186995, 6.934500340909527,-51.199
2.2200312910655517, 7.1345003409095265,-51.199
2.3906772512599117, 7.434500340909527,-51.199
2.463080455028583, 7.534500340909527,-51.199
2.5910678770411613, 7.676276657356895,-51.199
2.847798645630905, 7.934500340909527,-51.199
2.912270408053819, 8.034500340909526,-51.199
2.954677343905067, 8.134500340909526,-51.199
3.0910678770411617, 8.347278119798416,-51.199
3.134199744623579, 8.434500340909526,-51.199
3.3358655643243984, 8.734500340909525,-51.199
3.4430812991888122, 8.934500340909526,-51.199
3.5836765718237698, 9.134500340909526,-51.199
3.681207020036688,9.244353412,-51.199
3.7188049086965944,9.309474866,-51.199
3.8587495248310133, 9.459087768456058,-51.199
4.052199517391983, 9.596283780047225,-51.199
4.202545989239154, 9.671234974436507,-51.199
4.313201499164557, 9.702928386311635,-51.199
4.440818334647225, 9.772641307665175,-51.199
4.6245688150565485, 9.799779628311517,-51.199
4.757649728369557, 9.797155540341135,-51.199
4.922982974184277, 9.829621044224291,-51.199
5.579494124265285, 9.829621044224291,-51.199
5.707790818212861,9.81094454,-51.199
5.939887601655274, 9.724676122691761,-51.199
6.095729225078902, 9.691578876712843,-51.199
6.317885728670186, 9.603064784697613,-51.199
6.399327963, 9.554591774057979,-51.199
6.515707739867932, 9.518886805175823,-51.199
6.643321750268127, 9.449825305026607,-51.199
6.873649607319057, 9.288611165695444,-51.199
6.991067877041161, 9.145339502447987,-51.199
7.203739110602806, 8.934500340909526,-51.199
0.7963121727899224, 1.5782089406808053,-51.499
0.674949455, 1.7345003409095265,-51.499
0.5722780674870211, 1.9345003409095265,-51.499
0.5383054455494487, 2.0345003409095264,-51.499
0.43802219125435915, 2.2345003409095265,-51.499
0.3760678763744947, 2.3345003409095266,-51.499
0.28839612055261155, 2.534500340909527,-51.499
0.25888702544541653, 2.6345003409095265,-51.499
0.2474964479935422, 2.8345003409095266,-51.499
0.2524964478983043, 3.1345003409095265,-51.499
0.27100418213670263, 3.3345003409095266,-51.499
0.30313684186874745, 3.534500340909527,-51.499
0.3181226708767775, 3.8345003409095266,-51.499
0.37846625021189295, 4.534500340909527,-51.499
0.39866787624116107, 4.6345003409095265,-51.499
0.4822892503236038, 4.934500340909527,-51.499
0.6176551778348123, 5.3345003409095275,-51.499
0.6772883486947046, 5.534500340909527,-51.499
0.7859897512599114, 5.834500340909527,-51.499
0.8797540076980956, 6.034500340909527,-51.499
0.9454012097078279, 6.1345003409095265,-51.499
1.0910678770411613, 6.256756439080259,-51.499
1.2910678770411614, 6.3045552865139225,-51.499
1.4910678770411612, 6.397412429371066,-51.499
1.6278656292883524, 6.534500340909527,-51.499
1.7986765719686977, 6.734500340909527,-51.499
2.033436297567477, 7.034500340909527,-51.499
2.0986765719686975, 7.1345003409095265,-51.499
2.2555063791801993, 7.434500340909527,-51.499
2.3004928621505902, 7.507746363132994,-51.499
2.321697933, 7.593838074390597,-51.499
2.4145310126743973,7.814136089,-51.499
2.549046692712173, 7.997756177467945,-51.499
2.703743597834542, 8.154637361010069,-51.499
2.9507074768638892,8.312314393,-51.499
3.1118163382739135, 8.471001575291364,-51.499
3.296199404543033, 8.598123489040349,-51.499
3.501058357228161, 8.763472739032828,-51.499
3.6321561460311265, 8.834463810262731,-51.499
3.791067877041162, 8.994420976623813,-51.499
3.991067877041161, 9.158143752537432,-51.499
4.291067877041161, 9.344074809703852,-51.499
4.391067877041161, 9.393438888954218,-51.499
4.491067877041161,9.464994847,-51.499
4.691067877041162, 9.556279482627318,-51.499
5.091067877041162, 9.661643198623812,-51.499
5.191067877041162, 9.672607137511468,-51.499
5.491067877041161, 9.676281163283956,-51.499
5.691067877041162, 9.671067505586143,-51.499
5.891067877041161, 9.650618762620052,-51.499
5.991067877041161, 9.614187841534527,-51.499
6.191067877041162, 9.576808033669707,-51.499
6.391067877041161, 9.487302065478492,-51.499
6.491067877041161, 9.470106402020637,-51.499
6.691067877041162, 9.373662902978493,-51.499
6.891067877041161, 9.222431376081941,-51.499
6.991067877041161, 9.163271291188856,-51.499
7.091067877, 9.075518305580184,-51.499
7.222886059394103, 8.934500340909526,-51.499
7.472278068760906, 8.534500340909526,-51.499
7.605497407913644, 8.334500340909527,-51.499
7.634341420090488, 8.234500340909525,-51.499
7.729174673643104, 8.034500340909526,-51.499
7.763511059427525, 7.934500340909527,-51.499
7.901279145351021, 7.6345003409095265,-51.499
7.957474127561994, 7.434500340909527,-51.499
7.999341259, 7.334500340909527,-51.499
8.061509866543924, 7.1345003409095265,-51.499
8.114260648727909, 7.034500340909527,-51.499
8.210371675142426, 6.6345003409095265,-51.499
8.244415157794299, 6.434500340909527,-51.499
8.273860085482719, 6.034500340909527,-51.499
8.280856610139754, 5.834500340909527,-51.499
8.301279145, 5.6345003409095265,-51.499
8.308275669898304, 5.434500340909527,-51.499
8.299341259, 4.734500340909527,-51.499
8.270260424, 4.334500340909527,-51.499
8.245323197, 4.1345003409095265,-51.499
8.221012932535665, 4.034500340909527,-51.499
8.176638348, 3.9345003409095267,-51.499
8.123607560109944, 3.7345003409095265,-51.499
8.059986797, 3.6345003409095265,-51.499
8.031208722581068, 3.534500340909527,-51.499
7.932489446, 3.3345003409095266,-51.499
7.858528195030578, 3.2345003409095265,-51.499
7.825005701393492, 3.1345003409095265,-51.499
7.623210734733469, 2.8345003409095266,-51.499
7.491067877041161, 2.678707657372941,-51.499
7.291067877041161, 2.458693888651462,-51.499
7.166067877707828, 2.3345003409095266,-51.499
6.891067877041161, 2.106534238649639,-51.499
6.691067877041162, 1.9764906316862259,-51.499
6.600015246514847, 1.9345003409095265,-51.499
6.291067877041161, 1.746569305737113,-51.499
6.191067877041162, 1.6722607570553598,-51.499
5.891067877041161, 1.512721199191735,-51.499
5.695613332596716, 1.4345003409095265,-51.499
5.591067877041162, 1.3595003403212913,-51.499
5.291067877041161, 1.2141878402845265,-51.499
5.091067877041162, 1.152242275748236,-51.499
4.991067877041161, 1.1081997622968098,-51.499
4.791067877041161, 1.0732022635056802,-51.499
4.591067877041162, 1.0012542670875368,-51.499
4.391067877041161,0.959056553,-51.499
4.091067877041162, 0.8218291073478825,-51.499
3.791067877041162,0.730365002,-51.499
3.5910678770411617, 0.6886478058864849,-51.499
3.3910678770411615, 0.6628711268645826,-51.499
3.1910678770411613, 0.6086282473048752,-51.499
3.0910678770411617, 0.6030487274686662,-51.499
2.9164821863441555, 0.6206753771476013,-51.499
2.826440066875732, 0.6804814267784827,-51.499
2.5403716860951238, 0.8202165338332683,-51.499
2.3309847969777038, 0.9028190247439407,-51.499
2.1290196006902966, 1.014083270035512,-51.499
1.8930954224962897, 1.1083975460369395,-51.499
1.6152877927991598, 1.2678377725248637,-51.499
1.5676099493545794, 1.2762446627061375,-51.499
1.331788432266775, 1.3710644659749232,-51.499
1.2824339064749866, 1.3816361258829815,-51.499
1.1373661563006763, 1.4648455984239237,-51.499
0.9829775512226075, 1.509064830280201,-51.499
0.7963121727899224, 1.5782089406808053,-51.499
0.06328993, 4.563770514479634,-51.799
0.059521058919388546, 3.8461950507223057,-51.799
0.028324389039814102, 3.719130689121097,-51.799
0.06328993, 3.4227204294578875,-51.799
0.11613625091941782, 3.2764016623527263,-51.799
0.13146962908933968, 3.056137964071358,-51.799
0.27861580206116154, 2.6798875392926984,-51.799
0.34672491055324334, 2.5265587311434743,-51.799
0.4601517640323764, 2.3423683903029633,-51.799
0.555614822, 2.1386203242774315,-51.799
0.6523260367691712, 2.009283276441142,-51.799
0.7552422699026193, 1.899483173624814,-51.799
0.8591680147252682, 1.8219699938591962,-51.799
1.0327749349421858, 1.746918527708932,-51.799
1.1013280259982372, 1.7017196830227368,-51.799
1.1776135913237633, 1.5532854222900117,-51.799
1.2468833189128425, 1.4828046472270748,-51.799
1.4240638723709635, 1.2323884930883173,-51.799
1.5706070584663794, 1.1575555640601354,-51.799
1.6235404247279894, 0.9672388501772492,-51.799
1.668495614855071, 0.8587074204733903,-51.799
1.7698504109368995, 0.7356679530266674,-51.799
1.934139398,0.631004325,-51.799
2.1591138620845864, 0.5510196838795778,-51.799
2.236717593521885, 0.5510196838795778,-51.799
2.322077804840341, 0.5116386615558676,-51.799
2.4759868693368916, 0.48450034090952643,-51.799
3.072815188, 0.48450034090952643,-51.799
3.196439695146166, 0.5018145644711549,-51.799
3.355772297654097, 0.5513533341722877,-51.799
3.5592088724932047, 0.5927010925082054,-51.799
3.6721447984969786, 0.6491690555100922,-51.799
3.8512018130273153,0.673060775,-51.799
4.247760130497167, 0.8250759958707609,-51.799
4.411606982342891, 0.9389087137282787,-51.799
4.6483564281405965, 0.9922525394725845,-51.799
4.748356428140596, 1.0411056539998012,-51.799
5.048356428140595, 1.1059401400093531,-51.799
5.548356428140595, 1.2908215630528315,-51.799
5.748356428140596, 1.4191043912009798,-51.799
5.948356428140595, 1.5027096748477031,-51.799
6.1483564281405965, 1.613158210604915,-51.799
6.548356428140595, 1.8796110120338332,-51.799
6.748356428140596, 1.982467754764543,-51.799
7.1483564281405965, 2.2932363357611645,-51.799
7.269785000190284, 2.4135488363861644,-51.799
7.338145161239186, 2.513548836386165,-51.799
7.448356428140595, 2.6262200685779455,-51.799
7.748356428140596, 3.016465502219498,-51.799
7.9101064286405975, 3.3135488363861647,-51.799
7.983962489251708, 3.413548836386165,-51.799
8.020799611, 3.513548836386165,-51.799
8.172009123350175, 3.8135488363861647,-51.799
8.231148636582155, 4.013548836386165,-51.799
8.272912641750064, 4.1135488363861645,-51.799
8.309950631522238, 4.313548836386165,-51.799
8.319985642, 4.713548836386165,-51.799
8.322484335698736, 5.513548836386165,-51.799
8.313407449058964, 6.013548836386165,-51.799
8.292189027700067, 6.313548836386165,-51.799
8.274657006753312, 6.413548836386165,-51.799
8.210249632509527, 6.613548836386165,-51.799
8.188776989, 6.813548836386165,-51.799
8.107112188970088, 7.013548836386165,-51.799
8.078301483635101, 7.113548836386165,-51.799
8.019985642, 7.213548836386165,-51.799
7.940083047565057, 7.413548836386165,-51.799
7.880896111209379, 7.613548836386165,-51.799
7.8275489753455645, 7.713548836386165,-51.799
7.742106428875891, 7.913548836386165,-51.799
7.68053728, 8.113548836386165,-51.799
7.624249285878692, 8.213548836386165,-51.799
7.579808041581455, 8.413548836386164,-51.799
7.427060132461584, 8.613548836386165,-51.799
7.266625659550854, 8.913548836386164,-51.799
7.1483564281405965,9.046183568,-51.799
7.048356428140595, 9.140691694100452,-51.799
6.848356428140596,9.259422623,-51.799
6.748356428140596, 9.340691694100451,-51.799
6.548356428140595, 9.442715503608387,-51.799
6.348356428140596, 9.496882170373093,-51.799
6.248356428140596, 9.554263122576641,-51.799
5.948356428140595, 9.630215503706426,-51.799
5.748356428140596, 9.654793076478331,-51.799
5.448356428140595, 9.660201556469847,-51.799
5.1483564281405965, 9.644255358668774,-51.799
4.848356428140596, 9.546794910208154,-51.799
4.748356428140596, 9.486405979814736,-51.799
4.6483564281405965,9.455743959,-51.799
4.477252531387348, 9.313548836386165,-51.799
4.248356428140596, 9.066371417837779,-51.799
4.065737297949929, 8.899811180423747,-51.799
3.789501132170703,8.726444356,-51.799
3.6536611924157265, 8.595295787102385,-51.799
3.3650384065112915, 8.455203526378018,-51.799
3.247161698136305,8.429777592,-51.799
3.0916215948041037, 8.366426226335165,-51.799
2.986188033208982, 8.352058286328491,-51.799
2.829381875357481, 8.310411927939299,-51.799
2.7582909398540316, 8.277261680288637,-51.799
2.537155331952962, 8.077573342866806,-51.799
2.4129695756227783, 7.916899701826624,-51.799
2.305872138, 7.726946400734723,-51.799
2.1757996853722137, 7.545563346242953,-51.799
2.0531251899832337, 7.295423915262866,-51.799
1.9955144958521946, 7.140003611403286,-51.799
1.835285784, 6.886550465346857,-51.799
1.6239627994162094, 6.684733877305931,-51.799
1.4545032115967707, 6.478885382875489,-51.799
1.3705396745897318, 6.427699630168166,-51.799
1.1237444849384375, 6.425987244309452,-51.799
1.0464959988787492, 6.4123662519982485,-51.799
0.9048551728169121, 6.346318050098216,-51.799
0.7552422699026123, 6.206373433963794,-51.799
0.6523260367691697,6.096573331,-51.799
0.5345218101696969, 5.934126886953209,-51.799
0.4998238425051376, 5.824078993055724,-51.799
0.44168873069348985, 5.7138288718858945,-51.799
0.34370266616918704, 5.449485174034725,-51.799
0.29404583602717677, 5.246092753747669,-51.799
0.24893778950511025, 5.131915352225779,-51.799
0.18698665605172288, 4.904761196230027,-51.799
0.143274572, 4.818586394502705,-51.799
0.06328993, 4.563770514479634,-51.799
4.724100874616993, 9.052009014977399,-53.299
5.280026543402242, 9.047927370646185,-53.299
5.469059490910667, 9.035067726631835,-53.299
5.7334031887618355, 8.966923078020304,-53.299
6.401322442520746, 8.665200087154687,-53.299
6.521396654, 8.593072171636853,-53.299
6.669895185735703, 8.545834423503594,-53.299
6.754283943667961, 8.482892936050575,-53.299
6.932879269316844,8.294866725,-53.299
6.975603602900008, 8.217307699980564,-53.299
7.169989055936039, 7.977900976929833,-53.299
7.330080139612347, 7.817809893253527,-53.299
7.475967751133022, 7.639659186514669,-53.299
7.653105651330536, 7.402443800566841,-53.299
7.73669013, 7.221029753147901,-53.299
7.819373342560209, 7.097942107551357,-53.299
7.928298909119026, 6.848702871528648,-53.299
8.031572085687507, 6.638912765181859,-53.299
8.053181179248279, 6.548203055467213,-53.299
8.180779165251376, 6.250974358315809,-53.299
8.232891271, 6.043708523578881,-53.299
8.237758901810489, 5.858333966517075,-53.299
8.230922390665983, 5.451936711526454,-53.299
8.2037432, 5.361420734957451,-53.299
8.201080975, 5.2728882160498145,-53.299
8.174940241055715, 5.184599218157459,-53.299
8.171239558840437, 5.093839720573175,-53.299
8.121096333425825, 4.868865256462879,-53.299
8.075872938, 4.771820298492554,-53.299
8.061413502, 4.689816760986242,-53.299
7.997795585105498,4.555982761,-53.299
7.9960767846676415, 4.404338378820927,-53.299
7.953852780425611, 4.219953184669516,-53.299
7.882365006123643, 4.033305610905234,-53.299
7.757892288775989, 3.7805980528191867,-53.299
7.703316510647006, 3.5856843722136396,-53.299
7.643368458257972, 3.4746853328406733,-53.299
7.554109431083141, 3.227587381260364,-53.299
7.343472125,2.874684338,-53.299
7.032563769222374, 2.5593137917490063,-53.299
6.862334294227554, 2.4463454692743207,-53.299
6.686010908675186, 2.2868753828332906,-53.299
6.545578253361652, 2.1337624754207964,-53.299
6.363525526599874,1.991790005,-53.299
6.286528371403051, 1.9028026416679986,-53.299
6.048869694732427,1.756448641,-53.299
5.9669405684595525, 1.6772012768402913,-53.299
5.7847638285717276, 1.563548747115965,-53.299
5.595604212875874, 1.4101899706769467,-53.299
5.449241092304497, 1.3413347132588673,-53.299
5.360140866018894, 1.2522344869732631,-53.299
5.239081872, 1.1934739625244337,-53.299
5.118141558271504, 1.1117758115492165,-53.299
4.934112696490948, 1.033965907260173,-53.299
4.7729325822629285, 0.9935167972853823,-53.299
4.663341261265803, 0.9507980834614802,-53.299
4.493820583617255,0.909116675,-53.299
4.182169359950992, 0.8724387477755758,-53.299
4.084526235271682, 0.8280892941199511,-53.299
3.948881176564889,0.812755916,-53.299
3.6994849217605847, 0.7530730841244843,-53.299
3.2455376214838267,0.757940715,-53.299
2.948747539008572, 0.8100528206835975,-53.299
2.799540459444708,0.869735653,-53.299
2.6131723383208247,0.972103723,-53.299
2.351919220753114, 1.0487841479857813,-53.299
2.246860435478029, 1.1037477353521825,-53.299
2.053505061625381, 1.168149811636875,-53.299
1.8569609285830821, 1.2482020868661197,-53.299
1.680213698265344, 1.3421936302192428,-53.299
1.4865181592826961, 1.4068811389390592,-53.299
1.3823178274212848, 1.4611243983626658,-53.299
1.25298078,1.557835613,-53.299
1.1226017242853328, 1.6909990855858437,-53.299
1.0330774765470236, 1.8402061651496948,-53.299
0.9120794008330008, 2.088208959598629,-53.299
0.8030945533846531, 2.261253968373723,-53.299
0.6954432331828364, 2.475124246067053,-53.299
0.6595598458439172, 2.593543355394842,-53.299
0.5257734060298711, 2.854814306183992,-53.299
0.42836829855860103, 3.0684099993771294,-53.299
0.35180042943519885, 3.1991046315808007,-53.299
0.24264067, 3.3092384004944835,-53.299
0.10240492361723408, 3.3797234209199676,-53.299
0.009206872, 3.4512368010890118,-53.299
-0.197332525, 3.6706964900156573,-53.299
-0.282967068, 3.850028070064803,-53.299
-0.301643572, 4.008166179925146,-53.299
-0.294807061, 4.265356355351903,-53.299
-0.241355004, 4.412214675401785,-53.299
-0.166522155, 4.536151931586273,-53.299
0.1308092304746983, 4.835904996716554,-53.299
0.2643876299031212, 5.052123774200414,-53.299
0.32836378337685634,5.120562118,-53.299
0.5553735324585448,5.466937531,-53.299
0.6423533375993922, 5.634155678769115,-53.299
0.6763742532266003, 5.761905133922467,-53.299
0.7762740228933871, 5.998123990272076,-53.299
0.8476636109958887, 6.243375280028166,-53.299
0.9489928012106293, 6.519547101530767,-53.299
1.0271344811607477, 6.654892461393159,-53.299
1.1541497463518642, 6.758751307042235,-53.299
1.355390056201253, 6.983148036433661,-53.299
1.4751100556047927, 7.083605043777715,-53.299
1.6219683756546743, 7.137057100930211,-53.299
1.7474982301402013, 7.1385405743801105,-53.299
1.8792386169419029, 7.2261397683634785,-53.299
2.011716335321182, 7.2776271677286575,-53.299
2.221145453424119,7.411860619,-53.299
2.5461330480194238, 7.569816102521906,-53.299
2.730733751294936, 7.681498514741163,-53.299
2.890432230227148, 7.916899701826624,-53.299
2.9971111977842986, 8.029857113710099,-53.299
3.1291635575293313, 8.215313860954353,-53.299
3.235319441, 8.328353614338255,-53.299
3.3315091342175833, 8.483105771831786,-53.299
3.3841839635815947, 8.720212800788321,-53.299
3.4589805696214526,8.918268478,-53.299
3.5039720019209097, 8.982522902589453,-53.299
3.709948268617576, 9.181252561811654,-53.299
3.7778794471922326,9.220472646,-53.299
3.9288375807391014, 9.260921756022888,-53.299
4.176947576364954, 9.262634141881604,-53.299
4.330856640861505, 9.235495821235261,-53.299
4.516332873712139, 9.160789814222547,-53.299
4.724100874616993, 9.052009014977399,-53.299
7.164459415242671, 8.074971286285813,-53.599
7.312069272043069, 7.843977505370683,-53.599
7.454982195898209, 7.4190446566822645,-53.599
7.521067877647221, 7.334500340909527,-53.599
7.564421171053139, 7.234500340909527,-53.599
7.633158273086359, 7.1345003409095265,-53.599
7.73499053, 6.934500340909527,-53.599
7.772278068760906, 6.834500340909527,-53.599
7.830903042425778, 6.734500340909527,-53.599
7.917368455653877, 6.534500340909527,-53.599
7.9467130388691185, 6.434500340909527,-53.599
8.031338147851972, 6.234500340909528,-53.599
8.071764080205718, 6.034500340909527,-53.599
8.084133571201745, 5.834500340909527,-53.599
8.077802571598985, 5.534500340909527,-53.599
8.030278403883267, 5.1345003409095265,-53.599
8.012847018758952, 5.034500340909527,-53.599
7.9744012110280895, 4.934500340909527,-53.599
7.923770580284403, 4.734500340909527,-53.599
7.849661627561995, 4.534500340909527,-53.599
7.820897423063888, 4.334500340909527,-53.599
7.771764080205719, 4.234500340909527,-53.599
7.712364173954741, 4.034500340909527,-53.599
7.654062228, 3.9345003409095267,-53.599
7.623749442, 3.8345003409095266,-53.599
7.569288736550362, 3.7345003409095265,-53.599
7.541920150336615, 3.6345003409095265,-53.599
7.448826498305529, 3.4345003409095267,-53.599
7.413738685115694, 3.3345003409095266,-53.599
7.306839689792838, 3.1345003409095265,-53.599
7.240141952, 3.034500340909527,-53.599
7.091067877, 2.842689995219872,-53.599
6.991067877041161, 2.730028795381071,-53.599
6.791067877041161, 2.5549864513261933,-53.599
6.479586396300421, 2.2345003409095265,-53.599
6.191067877041162, 1.9881114514650822,-53.599
5.991067877041161, 1.8641410588735983,-53.599
5.891067877041161, 1.7859207948867992,-53.599
5.691067877041162, 1.6576016060993999,-53.599
5.591067877041162, 1.577232898467666,-53.599
5.391067877041161, 1.4506187613042634,-53.599
5.191067877041162, 1.3050059583252567,-53.599
4.991067877041161, 1.1860710210142384,-53.599
4.791067877041161, 1.104555285415021,-53.599
4.491067877041161, 1.0268916445327148,-53.599
4.191067877041162, 0.9927503404095264,-53.599
4.091067877041162, 0.9736195113758477,-53.599
3.8910678770411615, 0.9053336736873043,-53.599
3.6910678770411613,0.86944932,-53.599
3.291067877041161,0.844074808,-53.599
2.8910678770411615, 0.8957984173518341,-53.599
2.7910678770411614,0.944711608,-53.599
2.3910678770411615, 1.0777130101402956,-53.599
2.1910678770411613, 1.1680940903886932,-53.599
2.0910678770411613, 1.1935281182243414,-53.599
1.7910678770411614, 1.3242890725996672,-53.599
1.4910678770411612, 1.4688246646933103,-53.599
1.2910678770411614, 1.6129378402845267,-53.599
1.1802287155026998, 1.7345003409095265,-53.599
1.0585281939723785, 1.9345003409095265,-53.599
1.0202345431522724, 2.0345003409095264,-53.599
0.9522353892239024, 2.1345003409095265,-53.599
0.9088098118798711, 2.2345003409095265,-53.599
0.8371654375289663, 2.3345003409095266,-53.599
0.7424377395982389, 2.534500340909527,-53.599
0.7186246946547976, 2.6345003409095265,-53.599
0.6596162636003009, 2.7345003409095265,-53.599
0.6306309833518411, 2.834500340909527,-53.599
0.5783966434795174, 2.9345003409095267,-53.599
0.5019070371810215, 3.1345003409095265,-53.599
0.44019514248949115, 3.2415589509941567,-53.599
0.22675095357223185, 3.3019135166309272,-53.599
0.12767474699661008, 3.365032021393877,-53.599
-0.059047852, 3.549570342429016,-53.599
-0.166383372, 3.6988682597982443,-53.599
-0.254135808, 3.866602893775714,-53.599
-0.298692782,4.016399972,-53.599
-0.301643572, 4.127531843576239,-53.599
-0.274505251,4.370965156,-53.599
-0.196363571, 4.506310515673501,-53.599
-0.080317376, 4.624778390586838,-53.599
0.061173824455051456, 4.734809006615883,-53.599
0.2755049624716248, 5.034500340909527,-53.599
0.3910678770411613, 5.159334778657871,-53.599
0.5966234318559762, 5.434500340909527,-53.599
0.7225194894067526, 5.6345003409095265,-53.599
0.7574657259658926, 5.734500340909527,-53.599
0.8226321222925579, 5.834500340909527,-53.599
0.9209561446389265, 6.034500340909527,-53.599
0.9493125573603101, 6.1345003409095265,-53.599
1.086217130026236, 6.434500340909527,-53.599
1.148346357420908, 6.534500340909527,-53.599
1.518511485311838, 6.934500340909527,-53.599
1.5910678770411613, 6.988713824617392,-53.599
1.7910678770411614, 7.081601790667982,-53.599
1.9910678770411612, 7.195053105231135,-53.599
2.2910678770411614, 7.383799406797378,-53.599
2.491067877041161, 7.482436121184755,-53.599
2.5910678770411613, 7.514187841534527,-53.599
2.778177251259911, 7.6345003409095265,-53.599
2.991067877041161, 7.791953757679714,-53.599
3.1910678770411613, 7.962549122210341,-53.599
3.3986920013244504, 8.117322094600706,-53.599
3.4173685051848093, 8.254578269835397,-53.599
3.485513153796337, 8.459239135861013,-53.599
3.565565429, 8.655783268903308,-53.599
3.6830204973975467, 8.863157238938363,-53.599
3.7895011321706944, 8.965175683334039,-53.599
3.951947576364955, 9.082979909933508,-53.599
4.098805896414835, 9.136431967086004,-53.599
4.494583856431808, 9.143212286509163,-53.599
4.654410230969321, 9.173109894143284,-53.599
4.738959898, 9.173109894143284,-53.599
4.858598157426049,9.105966444,-53.599
4.934365541972481, 9.085664634932664,-53.599
5.086632908195851, 9.082900164333351,-53.599
5.254135642579734, 9.157776515973362,-53.599
5.389800416747111, 9.173109894143284,-53.599
5.5407216780560375, 9.243957638021246,-53.599
5.795288620510994, 9.299224457829883,-53.599
5.967432531131336,9.322316974,-53.599
6.3738297861219575, 9.315480462562643,-53.599
6.520688106171838, 9.262028405410147,-53.599
6.613886158, 9.190515025241101,-53.599
6.759773769226469,9.042205734,-53.599
6.906088623, 8.804882691123376,-53.599
7.0136551129153375, 8.679537150928327,-53.599
7.067107170067833, 8.532678830878446,-53.599
7.076646776478771, 8.429397719948241,-53.599
7.164459415242671, 8.074971286285813,-53.599
5.698859787916376, 9.053744230492192,-53.899
5.904852605950829,9.008569436,-53.899
6.151183012,8.937081662,-53.899
6.222273947044108,8.903931414,-53.899
6.493398556784434,8.694669433,-53.899
6.673163166180906, 8.584424243556187,-53.899
6.836168054490314, 8.424203772343771,-53.899
6.942257937640516, 8.226935545932813,-53.899
6.9784554915297825, 8.104925496502773,-53.899
7.081940646841721, 7.994542009520541,-53.899
7.196012440129863, 7.802727985780008,-53.899
7.216314249631697, 7.726960601233576,-53.899
7.221831146726677, 7.603894247765132,-53.899
7.2848178777764545, 7.434500340909527,-53.899
7.4093371084514175, 7.234500340909527,-53.899
7.456872475317024, 7.1345003409095265,-53.899
7.5275085555722345, 7.034500340909527,-53.899
7.566816380633975, 6.934500340909527,-53.899
7.627406675401817, 6.834500340909527,-53.899
7.661470176, 6.734500340909527,-53.899
7.722033786700251, 6.6345003409095265,-53.899
7.752881064403798, 6.534500340909527,-53.899
7.837324562067899, 6.334500340909527,-53.899
7.908809813170194, 6.1345003409095265,-53.899
7.928502432538542, 6.034500340909527,-53.899
7.937161627561995, 5.834500340909527,-53.899
7.934332126263959, 5.534500340909527,-53.899
7.919438664119813, 5.334500340909527,-53.899
7.8290997924666925, 4.934500340909527,-53.899
7.761345655374495, 4.734500340909527,-53.899
7.710371675142426, 4.534500340909527,-53.899
7.6702604242461305, 4.434500340909526,-53.899
7.614260648727907, 4.234500340909527,-53.899
7.534533786700251, 4.034500340909527,-53.899
7.477802571598984, 3.9345003409095267,-53.899
7.409857687, 3.7345003409095265,-53.899
7.355148337385989, 3.6345003409095265,-53.899
7.322538465864691, 3.534500340909527,-53.899
7.25705625, 3.4345003409095267,-53.899
7.225499015364514, 3.3345003409095266,-53.899
7.152814865595378, 3.2345003409095265,-53.899
7.106802143474727, 3.1345003409095265,-53.899
7.033880377666161, 3.034500340909527,-53.899
6.8534902379107265, 2.8345003409095266,-53.899
6.602606339278923, 2.534500340909527,-53.899
6.391067877041161, 2.3070809854256553,-53.899
6.291067877041161, 2.2158728892755395,-53.899
5.991067877041161, 2.008628247304875,-53.899
5.891067877041161, 1.9532901491897814,-53.899
5.591067877041162, 1.7471715731013073,-53.899
5.391067877041161, 1.5925558959095265,-53.899
5.298590001819923, 1.5345003409095266,-53.899
4.991067877041161, 1.3157105313553863,-53.899
4.791067877041161, 1.2224313747026299,-53.899
4.691067877041162, 1.1916081835565853,-53.899
4.491067877041161, 1.156279481400324,-53.899
4.191067877041162, 1.1136928868722593,-53.899
3.991067877041161, 1.0742439301402957,-53.899
3.791067877041162, 0.9933673354908072,-53.899
3.3910678770411615, 0.9303650018117822,-53.899
3.291067877041161, 0.9206489888824994,-53.899
2.8910678770411615, 0.9691157250120905,-53.899
2.7910678770411614, 0.9932561008173606,-53.899
2.3910678770411615, 1.1103931974571455,-53.899
2.2910678770411614, 1.1677464136843958,-53.899
2.095673138883267, 1.2345003409095265,-53.899
1.6910678770411613, 1.4103931974571455,-53.899
1.3910678770411615, 1.6132040439959463,-53.899
1.2663654954935422, 1.7345003409095265,-53.899
1.1403325824333184, 1.9345003409095265,-53.899
0.9840319447098522, 2.214680263056059,-53.899
0.8779274015968832, 2.316365207665874,-53.899
0.6749804855937453, 2.6757658107073388,-53.899
0.5141102333715888, 2.9906679478298517,-53.899
0.35547331469305943, 3.1863378616696867,-53.899
0.3179924801605943, 3.2735907674426192,-53.899
0.2301078514453902, 3.405955466347811,-53.899
0.15629807092819453, 3.5781621229635046,-53.899
0.052683322,3.768714972,-53.899
-0.060867607, 3.9345003409095267,-53.899
-0.140321012, 4.1345003409095265,-53.899
-0.141624431, 4.334500340909527,-53.899
-0.060719307, 4.510694219945272,-53.899
-0.026234317, 4.683136178130727,-53.899
0.027217739652555695, 4.829994498180608,-53.899
0.074816736, 4.896856486799374,-53.899
0.22332684679499898, 5.194179023021634,-53.899
0.32563189878028653, 5.367139984610523,-53.899
0.5504091983280262, 5.700704523956066,-53.899
0.6059189854445177, 5.8396222729109715,-53.899
0.7604723332249155, 6.178945748143147,-53.899
0.9828301375267411, 6.527308942521016,-53.899
1.1297886913735407, 6.812767313054024,-53.899
1.3136572795292654, 7.033123785919747,-53.899
1.5513949387127153, 7.264214976305973,-53.899
1.8083459969492075, 7.429987691281715,-53.899
1.9464851763214008, 7.484324254890728,-53.899
2.1088741497551786, 7.529225266015364,-53.899
2.288007343563774, 7.602679762818728,-53.899
2.4058072636493275, 7.620437917962565,-53.899
2.5737449091049314, 7.678088308663971,-53.899
2.753167726674618, 7.681039098504633,-53.899
2.8441413837967304, 7.787968477340771,-53.899
2.957951275494724, 7.871936953125989,-53.899
3.0412007468426316, 7.993184584934548,-53.899
3.1416577541866864, 8.112904584338088,-53.899
3.375696336542028, 8.288090772081679,-53.899
3.650265436792019, 8.554582827643411,-53.899
3.756947786, 8.609491141537289,-53.899
4.036900231569876,8.829098566,-53.899
4.280203151405456,8.993455662,-53.899
4.351294086908906, 9.026605909845852,-53.899
4.505203151405456, 9.053744230492192,-53.899
5.698859787916376, 9.053744230492192,-53.899
3.275949544544945, 7.889929009894045,-54.199
2.625193948900756, 7.889929009894045,-54.199
2.4828914541931795, 7.866836494016776,-54.199
2.247480174419454, 7.786968887221126,-54.199
1.9341393979742898, 7.653900777858292,-54.199
1.7304434341893524, 7.532787719520929,-54.199
1.5311190836347115, 7.340347238649169,-54.199
1.4483801840785677, 7.224281245477999,-54.199
1.3733401113548145, 7.152489449570842,-54.199
1.118569324178193, 6.805615482311381,-54.199
0.999203661, 6.5370427390964325,-54.199
0.8148088968339313, 6.167877847951482,-54.199
0.776177368, 6.027227728449764,-54.199
0.7401028898212189, 5.952560199188079,-54.199
0.6831630671115068, 5.746355824306639,-54.199
0.45682811077487373, 5.520020867970004,-54.199
0.3853147306058323, 5.426822816436068,-54.199
0.2956007736810487, 5.171717909124892,-54.199
0.21686849321385177, 4.997864935455025,-54.199
0.091067877, 4.827538316858894,-54.199
0.03478985, 4.6345003409095265,-54.199
0.006067876, 4.334500340909527,-54.199
0.039396430133613713, 4.140396133129346,-54.199
0.13487903595217726, 3.9241470942230414,-54.199
0.3011754606369218, 3.6711192596062077,-54.199
0.3373462422295615, 3.5494152189268817,-54.199
0.4276616154717799, 3.3969961070022716,-54.199
0.4567119058806532, 3.3106838916246977,-54.199
0.5796520253334365,3.102039942,-54.199
0.7114398849122008, 2.9074805012432776,-54.199
0.7607400076422541, 2.7345003409095265,-54.199
0.8151750193030662, 2.6345003409095265,-54.199
0.8458987944324656, 2.534500340909527,-54.199
0.9561777666016007, 2.3345003409095266,-54.199
1.1169399694830218, 2.1345003409095265,-54.199
1.1581731396727402, 2.0345003409095264,-54.199
1.2246616265203278, 1.9345003409095265,-54.199
1.2707553764161612, 1.8345003409095266,-54.199
1.357634141498993, 1.7345003409095265,-54.199
1.4910678770411612, 1.6061295538308746,-54.199
1.6910678770411613, 1.4562794814003244,-54.199
1.8910678770411615, 1.3726071365405945,-54.199
1.9910678770411612, 1.320070810037043,-54.199
2.2910678770411614, 1.207357483195241,-54.199
2.491067877041161, 1.1077762024037794,-54.199
2.7910678770411614, 1.0543116610353125,-54.199
2.8910678770411615, 1.0218291073478825,-54.199
3.291067877041161, 0.9973082221903147,-54.199
3.3910678770411615, 1.0057293906301967,-54.199
3.5910678770411617, 1.0648282092155372,-54.199
3.791067877041162, 1.1077762024037794,-54.199
3.8910678770411615, 1.1640583514067642,-54.199
4.091067877041162, 1.2333375494366583,-54.199
4.191067877041162, 1.2543116610353127,-54.199
4.591067877041162, 1.2816295270339284,-54.199
4.691067877041162, 1.3012542670875369,-54.199
4.954817877874495, 1.4345003409095265,-54.199
5.222667877841161, 1.6345003409095265,-54.199
5.591067877041162,1.89208461,-54.199
5.691067877041162, 1.9751253403413447,-54.199
6.091067877041162, 2.212244242738795,-54.199
6.266242702915287, 2.3345003409095266,-54.199
6.391067877041161, 2.4579697279843566,-54.199
6.537157263074683, 2.6345003409095265,-54.199
6.745310301889646, 2.9345003409095267,-54.199
6.9131073513832675, 3.134500340909527,-54.199
6.954241530334574, 3.2345003409095265,-54.199
7.029690632130983, 3.3345003409095266,-54.199
7.071912033534668, 3.4345003409095267,-54.199
7.1360678776293955, 3.534500340909527,-54.199
7.171764080205717, 3.6345003409095265,-54.199
7.232496449041163, 3.7345003409095265,-54.199
7.264579782398304, 3.8345003409095266,-54.199
7.322988781560936, 3.9345003409095267,-54.199
7.354270125, 4.034500340909527,-54.199
7.411380377666161, 4.1345003409095265,-54.199
7.468811780089942, 4.334500340909527,-54.199
7.516067877629396, 4.434500340909526,-54.199
7.622148958662782, 4.734500340909527,-54.199
7.665629281134727, 4.934500340909527,-54.199
7.7285678775730755, 5.1345003409095265,-54.199
7.776067877707829, 5.434500340909527,-54.199
7.784133571201744, 5.834500340909527,-54.199
7.769288736550363, 6.034500340909527,-54.199
7.727698893618699, 6.234500340909526,-54.199
7.516506474117184, 6.734500340909527,-54.199
7.415918177041162, 6.934500340909527,-54.199
7.348977482125907, 7.034500340909527,-54.199
7.237559105696134, 7.234500340909527,-54.199
7.167919729510297, 7.334500340909527,-54.199
7.067875106559233, 7.534500340909527,-54.199
7.0310104063515055, 7.734500340909527,-54.199
6.999341259, 7.834500340909527,-54.199
6.919189258378054, 7.941505722390527,-54.199
6.852733689902195, 8.107569882281728,-54.199
6.729932353313696, 8.326011752508448,-54.199
6.520688106171838, 8.515993007590822,-54.199
6.426183492129601, 8.563961495967092,-54.199
6.275225358582732, 8.604410605941883,-54.199
5.997273947044109, 8.606122991800596,-54.199
5.880805376747981, 8.590789613630678,-54.199
5.741708413926686, 8.543485907733519,-54.199
5.6897510648206815, 8.544426984634805,-54.199
5.601691746763633,8.588456644,-54.199
5.170645331782949, 8.766494983416875,-54.199
5.014316525988584, 8.785171487277236,-54.199
4.902072588567979, 8.826177815242424,-54.199
4.686084599979803,8.873579611,-54.199
4.367378639629792, 8.867859223871047,-54.199
4.220520319579911, 8.814407166718551,-54.199
4.10080032, 8.713950159374496,-54.199
3.973781530792709, 8.511195324896127,-54.199
3.799066693005477, 8.354955379683465,-54.199
3.681967038469167, 8.201220245718186,-54.199
3.4578170080591675, 7.981442599518975,-54.199
3.275949544544945, 7.889929009894045,-54.199
1.4589999669942042, 4.873567241395564,-55.099
1.3910678770411615, 5.031559158556585,-55.099
1.3565440667237012, 5.234500340909527,-55.099
1.3522124547520047, 5.434500340909527,-55.099
1.365328231479031, 5.534500340909527,-55.099
1.429199189667424, 5.734500340909527,-55.099
1.4492804369445431, 5.834500340909527,-55.099
1.5194386629962175, 5.934500340909527,-55.099
1.5562511225908997, 6.034500340909527,-55.099
1.7910678770411614, 6.242164575216096,-55.099
2.0910678770411613, 6.472000341550553,-55.099
2.1910678770411613, 6.514129971279897,-55.099
2.2910678770411614, 6.597886168468581,-55.099
2.525833501259911, 6.834500340909527,-55.099
2.6910678770411613, 6.977964393850703,-55.099
2.7910678770411614, 7.0440748097038535,-55.099
2.991067877041161, 7.154812841534527,-55.099
3.1910678770411613, 7.239351087924453,-55.099
3.3910678770411615, 7.275034321977487,-55.099
3.5910678770411617, 7.296695463348551,-55.099
3.791067877041161, 7.356756439080258,-55.099
4.091067877041162, 7.415710532629272,-55.099
4.191067877041162, 7.461224479415274,-55.099
4.391067877041161, 7.577580698498814,-55.099
4.691067877041162, 7.656279482627319,-55.099
4.991067877041161, 7.6962503414095265,-55.099
5.291067877041161, 7.770786055766671,-55.099
5.491067877041161, 7.787147400321293,-55.099
5.691067877041162, 7.788323870909527,-55.099
6.191067877041162, 7.777316433438263,-55.099
6.291067877041161, 7.759045796061042,-55.099
6.491067877041161, 7.6449654579637905,-55.099
6.591067877041162, 7.5533003417095275,-55.099
6.691067877041162, 7.428402780746926,-55.099
6.747409341, 7.334500340909527,-55.099
6.767875106559233, 7.1345003409095265,-55.099
6.845031292285064, 6.934500340909527,-55.099
6.915130377666163, 6.834500340909527,-55.099
6.953639306184019, 6.734500340909527,-55.099
7.009337108451417, 6.534500340909527,-55.099
7.068406007256987, 6.034500340909527,-55.099
7.080483936165249, 5.734500340909527,-55.099
7.066446665677525, 5.534500340909527,-55.099
6.999271002822411, 5.234500340909527,-55.099
6.936189829073681, 5.034500340909527,-55.099
6.822886059685789, 4.734500340909527,-55.099
6.693241790954204, 4.434500340909526,-55.099
6.572691809519794, 4.1345003409095265,-55.099
6.428893964867248, 3.8345003409095266,-55.099
6.210804720023617, 3.4345003409095267,-55.099
5.991067877041161, 3.133875339659527,-55.099
5.728567878128118, 2.8345003409095266,-55.099
5.444486681314666, 2.534500340909527,-55.099
5.091067877041162, 2.2003276783195984,-55.099
4.891067877041161, 2.062240066251992,-55.099
4.691067877041162, 1.9101852717314443,-55.099
4.491067877041161, 1.8217417195302164,-55.099
4.391067877041161, 1.7915991057243412,-55.099
4.191067877041162, 1.7562794814003242,-55.099
3.8910678770411615, 1.6707362954039087,-55.099
3.6910678770411613, 1.6036179873801146,-55.099
3.291067877041161, 1.5672925480523836,-55.099
2.8910678770411615, 1.5692406000004357,-55.099
2.6910678770411613, 1.5985942999699292,-55.099
2.3910678770411615, 1.6957586183929703,-55.099
2.0910678770411613, 1.8120171187618754,-55.099
1.8910678770411615, 1.9234316378560914,-55.099
1.7910678770411614, 1.999537934142609,-55.099
1.658567876326876, 2.1345003409095265,-55.099
1.5861806582441687, 2.2345003409095265,-55.099
1.463536231, 2.4345003409095267,-55.099
1.370206949226592, 2.7345003409095265,-55.099
1.3571637667671883, 2.9345003409095267,-55.099
1.357611993952926, 3.1345003409095265,-55.099
1.3705709728230242, 3.3391362242869564,-55.099
1.3695933216473974, 3.6305150624026785,-55.099
1.4291585510814313, 3.9386239520032573,-55.099
1.4340261820150004, 4.223382152899725,-55.099
1.4589999669942042, 4.322710558998863,-55.099
1.4589999669942042, 4.873567241395564,-55.099
6.805370937997384, 6.720964923897617,-55.399
6.805370937997384, 5.679285471040437,-55.399
6.778232617351042, 5.525376406543886,-55.399
6.7444074427012515, 5.453321575391935,-55.399
6.688708369612724, 5.167279415590609,-55.399
6.609468585142176, 5.030835951207789,-55.399
6.528719127238899, 4.782286422708436,-55.399
6.349200285917547, 4.421982249703672,-55.399
6.3007699627466724, 4.242195522294645,-55.399
6.002355803618943, 3.6453672040391853,-55.399
5.924214123668824, 3.5100218441767934,-55.399
5.852520724959732, 3.4422305283698584,-55.399
5.804848460017732, 3.3608147646129285,-55.399
5.536496245877781, 3.093660739311047,-55.399
5.297544389500589, 2.7341450304446946,-55.399
5.222760635618674, 2.6636133380288003,-55.399
5.118495894023952, 2.525255119055284,-55.399
4.943664655328264, 2.350423880359594,-55.399
4.6141054681995675, 2.117635548443681,-55.399
4.301015224948731, 1.973868041281745,-55.399
4.015729049394512, 1.8902494669128183,-55.399
3.8277816157081612, 1.8161991449318995,-55.399
3.6994849217605847, 1.7975226410715393,-55.399
2.9142294397048056, 1.7992350269302542,-55.399
2.7261007644272754, 1.8342005681288194,-55.399
2.588299020759641, 1.883429474357608,-55.399
2.441443468491433, 1.9141852094561997,-55.399
2.340355425337481, 1.9666315881567604,-55.399
2.2027121411892496, 2.0037094571945193,-55.399
1.9480011176757628, 2.141533968970183,-55.399
1.7996918268496627, 2.287421580490875,-55.399
1.6983370307678438, 2.410461047937588,-55.399
1.6651867831171825, 2.481551983441037,-55.399
1.6099194324167825, 2.6857652114394677,-55.399
1.615043557702575,3.041858303,-55.399
1.650368542391573,3.153894841,-55.399
1.7574141261219332, 3.366561705183843,-55.399
1.7635368603974684, 3.515158821869871,-55.399
1.7940920531792124, 3.7282108689219893,-55.399
1.8347633060847464, 3.851315306946857,-55.399
1.8806328344643255, 3.9376846589536756,-55.399
1.9200570806204018, 4.117307211191497,-55.399
1.966304037511347, 4.246395527192448,-55.399
1.966304037511347, 4.395862743278759,-55.399
1.9089595836684163, 4.635642820823771,-55.399
1.8773855262444812, 4.6784086573083385,-55.399
1.7642506372664395, 4.974474056922085,-55.399
1.7574141261219332,5.103661491,-55.399
1.717108896499957, 5.1911178532630045,-55.399
1.5931524302654407, 5.311974365218158,-55.399
1.545821119466091, 5.406010742892793,-55.399
1.5194912386735924, 5.532957939993686,-55.399
1.518682799, 5.679285471040437,-55.399
1.545821119466091, 5.833194535536988,-55.399
1.6239627994162094, 5.968539895399379,-55.399
1.6794283744608065, 6.024005470443976,-55.399
1.8299390661128703, 6.137428138708801,-55.399
2.0470773242513904, 6.266172470683567,-55.399
2.219698504939635, 6.306797924806152,-55.399
2.372460119291066, 6.361361903626369,-55.399
2.459522444973855,6.475843966,-55.399
2.584163854416238, 6.602203028533523,-55.399
2.6940365154950894, 6.740199452350528,-55.399
3.002437441623646, 7.010013066037448,-55.399
3.103148566176918, 7.115007896742111,-55.399
3.468397387872831, 7.3052757594140925,-55.399
3.5724024063554527, 7.346105841876432,-55.399
3.694782936827899, 7.4151694505561085,-55.399
4.009281648676514, 7.465312675970716,-55.399
4.147969598347467, 7.472149187115223,-55.399
4.225500685883829, 7.519511939020036,-55.399
4.388734581109316, 7.576181472596393,-55.399
4.505203151405456, 7.591514850766314,-55.399
6.155859694931653, 7.589802464907599,-55.399
6.270548675191751, 7.564376530119973,-55.399
6.525259698705235, 7.426552018344308,-55.399
6.646538227397959, 7.287343976179351,-55.399
6.621564919903938, 7.081832018940769,-55.399
6.6487032405502795, 6.9279229544442185,-55.399
6.726844920500398, 6.792577594581827,-55.399
6.805370937997384, 6.720964923897617,-55.399
1.8218544805642862,4.933250073,-55.699
1.818903690723624, 5.850100174487351,-55.699
1.7920130646515133, 6.0274556039788205,-55.699
1.9072269421572576, 6.262382461993712,-55.699
2.050434222124546,6.46054468,-55.699
2.293603911971686, 6.782925897141249,-55.699
2.407089923, 6.890375485152394,-55.699
2.6737470584196252, 7.042049284415666,-55.699
2.8341197312305013, 7.104175346760293,-55.699
2.9423198016345693, 7.161414948066753,-55.699
3.322929082682737, 7.256422764581304,-55.699
3.4562542419974784, 7.263259275725811,-55.699
3.563142131749822, 7.3101576805988415,-55.699
3.669643505847812, 7.322942107551357,-55.699
4.2354953271372935, 7.322942107551357,-55.699
4.291067877041161, 7.350063255479062,-55.699
4.491067877041161, 7.390023597304876,-55.699
4.701820553783536, 7.393406195006057,-55.699
4.871533934388447, 7.439356981361787,-55.699
5.094750272490615,7.442307771,-55.699
5.232779701100211, 7.465312675970716,-55.699
5.400116026, 7.472149187115223,-55.699
5.526715877296027,7.508739503,-55.699
5.669018372003603, 7.531832018940769,-55.699
6.0867981947824275, 7.531832018940769,-55.699
6.240707259278978, 7.504693698294427,-55.699
6.311798194782427, 7.4715434506437655,-55.699
6.4315181941859665, 7.371086443299712,-55.699
6.509659874136085, 7.235741083437319,-55.699
6.529961684, 7.159973698890887,-55.699
6.535085808923712, 6.982929102878777,-55.699
6.509659874136085, 6.868240122618673,-55.699
6.468444009239201, 6.782312930359029,-55.699
6.532676269348855, 6.6345003409095265,-55.699
6.554490696504249, 6.434500340909527,-55.699
6.541767178439763, 6.034500340909527,-55.699
6.514114752822412, 5.734500340909527,-55.699
6.488984544541161, 5.6345003409095265,-55.699
6.380873703254753, 5.334500340909527,-55.699
6.285089617258553, 5.1345003409095265,-55.699
6.222244348805868, 5.034500340909527,-55.699
6.183635445960078, 4.934500340909527,-55.699
6.0918031726293975, 4.834500340909527,-55.699
5.991067877041161, 4.633591248182253,-55.699
5.891976969768434, 4.534500340909528,-55.699
5.857139309184019, 4.434500340909526,-55.699
5.788499416, 4.345030066584895,-55.699
5.731053430569319, 4.230138095954274,-55.699
5.644258812665668, 3.973622779079689,-55.699
5.571146445778095, 3.8276775299069605,-55.699
5.524893149014576, 3.675208619951959,-55.699
5.467853616120929,3.567675819,-55.699
5.420345726089077, 3.4300495552757524,-55.699
5.327385805413362, 3.271290516874609,-55.699
5.152554566717674, 3.0964592781789206,-55.699
5.019155546732599, 2.994702193000261,-55.699
4.970257767698091, 2.8948196762835563,-55.699
4.8319730956554245, 2.714010696871369,-55.699
4.704933328, 2.589155207661778,-55.699
4.640678903667137, 2.5441637753623207,-55.699
4.185878606661424, 2.3235032154490387,-55.699
4.109030952509677, 2.3077775014293436,-55.699
3.9542269454088985, 2.304826711588682,-55.699
3.696587828405634, 2.2007944261075094,-55.699
3.5201731972186234, 2.190827982682012,-55.699
3.103536328007043, 2.1863939923316105,-55.699
3.0259966453199088, 2.1982454748901037,-55.699
2.8843880237920327, 2.2468562656218496,-55.699
2.6962593485145026, 2.2818218068204144,-55.699
2.558457604846861, 2.3310507130492066,-55.699
2.4116020525786594, 2.361806448147795,-55.699
2.2808282852496653, 2.4247981117112296,-55.699
2.1183818410553994, 2.5426023383107075,-55.699
2.0000098455230475, 2.6543278650458353,-55.699
1.8868055679946523, 2.8009976401809116,-55.699
1.7987940381118983, 2.857727950876736,-55.699
1.6239627994162096, 3.032559189572425,-55.699
1.5403815470641633, 3.1532284653117078,-55.699
1.4179936390290155, 3.4024068313732134,-55.699
1.409480822892006, 3.506248118455014,-55.699
1.430346253544643, 3.600315071387735,-55.699
1.560030637384834, 3.8360222693047983,-55.699
1.6116673648970048, 4.053021899007265,-55.699
1.6890529419785938, 4.257122139612074,-55.699
1.7604592628800264, 4.565774413944169,-55.699
1.7621716487387404, 4.663340151451434,-55.699
1.8218544805642862,4.933250073,-55.699