X,Y,Z
-0.688,-12.25748214,-3.2
-1.088,-12.01066667,-3.2
-1.288,-11.85570732,-3.2
-1.538,-11.63938462,-3.2
-1.788,-11.45542857,-3.2
-1.941676472,-11.299,-3.2
-2.106125001,-11.099,-3.2
-2.350209303,-10.749,-3.2
-2.647693879,-10.249,-3.2
-2.715604168,-10.099,-3.2
-2.843500001,-9.849,-3.2
-2.949160715,-9.599,-3.2
-3.070589287,-9.249,-3.2
-3.146333334,-9.099,-3.2
-3.197920636,-8.949,-3.2
-3.230045455,-8.499,-3.2
-3.321680556,-7.999,-3.2
-3.330500001,-7.849,-3.2
-3.358312501,-7.649,-3.2
-3.306103449,-7.399,-3.2
-3.226315218,-7.099,-3.2
-3.197848485,-6.849,-3.2
-3.15075,-6.699,-3.2
-3.052690722,-6.499,-3.2
-2.950096775,-6.349,-3.2
-2.738,-6.130971153,-3.2
-2.588,-6.020822033,-3.2
-2.238,-5.736043795,-3.2
-1.938,-5.530678082,-3.2
-1.738,-5.43196875,-3.2
-1.538,-5.377551136,-3.2
-1.338,-5.355335616,-3.2
-1.188,-5.325741293,-3.2
-0.938,-5.242664383,-3.2
-0.688,-5.236946428,-3.2
-0.438,-5.26969378,-3.2
-0.188,-5.283836065,-3.2
0.4120000000000008,-5.431196969,-3.2
0.7120000000000006,-5.535849711,-3.2
0.9120000000000008,-5.638110429,-3.2
1.2120000000000006,-5.818385026,-3.2
1.4620000000000006,-5.941218543,-3.2
1.9120000000000008,-6.257333333,-3.2
2.0120000000000013,-6.31775,-3.2
2.2620000000000013,-6.430878307,-3.2
2.562000000000001,-6.620783625,-3.2
2.7620000000000013,-6.737207547,-3.2
3.2620000000000013,-7.091931034,-3.2
3.362000000000001,-7.178475308,-3.2
3.718034483103449,-7.549,-3.2
3.963704545833333,-7.849,-3.2
4.177909091176471,-8.149,-3.2
4.228269841534394,-8.249,-3.2
4.271905660691826,-8.399,-3.2
4.2853258930803575,-8.499,-3.2
4.304785235,-8.849,-3.2
4.341237288418081,-9.099,-3.2
4.424581699673204,-9.449,-3.2
4.4371582281645585,-9.549,-3.2
4.445152174275363,-9.799,-3.2
4.518651376605505,-10.049,-3.2
4.5285865389423074,-10.149,-3.2
4.523280488414636,-10.349,-3.2
4.471328358955225,-10.599,-3.2
4.432081968032787,-10.699,-3.2
4.229982457017544,-11.149,-3.2
4.112000000000001,-11.27448077,-3.2
3.9120000000000017,-11.43601923,-3.2
3.7620000000000013,-11.56908929,-3.2
3.5620000000000003,-11.71230645,-3.2
3.362000000000001,-11.83507143,-3.2
3.112000000000001,-12.01628723,-3.2
3.0120000000000013,-12.06885294,-3.2
2.812000000000001,-12.1313913,-3.2
2.362000000000001,-12.31199342,-3.2
2.162000000000001,-12.36643827,-3.2
2.062000000000001,-12.38285417,-3.2
1.7120000000000006,-12.50867153,-3.2
1.5620000000000012,-12.53435156,-3.2
1.2620000000000013,-12.60377273,-3.2
1.1620000000000008,-12.61246154,-3.2
0.6620000000000008,-12.61954455,-3.2
0.362,-12.61496386,-3.2
0.062000000000001165,-12.53574243,-3.2
-0.038,-12.51691667,-3.2
-0.188,-12.46335185,-3.2
-0.438,-12.33426786,-3.2
-0.688,-12.25748214,-3.2
2.0120000000000013,-6.167351063,-3
2.362000000000001,-6.332611111,-3
2.7620000000000013,-6.580510416,-3
2.912000000000001,-6.68070103,-3
3.3120000000000003,-6.980666666,-3
3.4620000000000006,-7.124485436,-3
3.8287372885593216,-7.549,-3
3.979658730555557,-7.749,-3
4.180659420652176,-8.049,-3
4.237344827931035,-8.149,-3
4.327647482374101,-8.349,-3
4.380703704074075,-8.549,-3
4.399873134701495,-8.799,-3
4.4441721315573774,-8.999,-3
4.535863636818184,-9.249,-3
4.574383178037384,-9.399,-3
4.612000000000001,-9.693047617,-3
4.650701923557693,-9.849,-3
4.732343138,-9.999,-3
4.771027778,-10.099,-3
4.809897196728971,-10.349,-3
4.815400000400001,-10.549,-3
4.781964029136691,-10.799,-3
4.7150991739669434,-10.999,-3
4.670739838,-11.099,-3
4.579366412595422,-11.249,-3
4.468623932051282,-11.399,-3
4.362000000000001,-11.52231933,-3
4.162000000000002,-11.70535965,-3
3.9620000000000006,-11.85647863,-3
3.8120000000000003,-11.95379167,-3
3.5620000000000003,-12.06989286,-3
3.362000000000001,-12.13496154,-3
3.062000000000001,-12.26819355,-3
2.7620000000000013,-12.32962914,-3
2.4620000000000006,-12.4182953,-3
2.362000000000001,-12.43109677,-3
2.162000000000001,-12.48292857,-3
1.862000000000001,-12.58658503,-3
1.6620000000000008,-12.66722581,-3
1.362000000000001,-12.7598156,-3
1.1620000000000008,-12.80548148,-3
0.7120000000000006,-12.84194355,-3
0.31200000000000117,-12.89998425,-3
0.11200000000000099,-12.91320863,-3
-0.288,-12.86013281,-3
-0.438,-12.80886842,-3
-0.638,-12.69092708,-3
-0.788,-12.62689256,-3
-0.988,-12.56221138,-3
-1.188,-12.47045833,-3
-1.288,-12.40740909,-3
-1.538,-12.22753982,-3
-2.088,-11.86008491,-3
-2.238,-11.72326471,-3
-2.352449542,-11.599,-3
-2.497027778,-11.399,-3
-2.808833334,-10.899,-3
-2.93223077,-10.649,-3
-3.107017094,-10.349,-3
-3.19997479,-10.149,-3
-3.254463415,-9.999,-3
-3.313434783,-9.799,-3
-3.451034188,-9.449,-3
-3.547285715,-9.149,-3
-3.597951457,-8.949,-3
-3.619842106,-8.699,-3
-3.62294898,-8.499,-3
-3.654891892,-8.199,-3
-3.671686441,-7.849,-3
-3.670723578,-7.649,-3
-3.653551181,-7.549,-3
-3.479435186,-7.049,-3
-3.405592593,-6.749,-3
-3.353076336,-6.599,-3
-3.210745902,-6.349,-3
-3.096168317,-6.199,-3
-2.888,-5.995978021,-3
-2.788,-5.92445045,-3
-2.588,-5.817693693,-3
-2.288,-5.609879629,-3
-2.138,-5.485904761,-3
-1.988,-5.387761467,-3
-1.738,-5.285228813,-3
-1.488,-5.232403361,-3
-1.138,-5.205653225,-3
-1.088,-5.185652542,-3
-0.938,-5.167933823,-3
-0.688,-5.159634328,-3
-0.488,-5.173414062,-3
-0.388,-5.197284313,-3
-0.138,-5.21585606,-3
-0.038,-5.233791666,-3
0.1620000000000008,-5.303637096,-3
0.5120000000000013,-5.376330508,-3
0.7120000000000006,-5.433598214,-3
0.7620000000000013,-5.463139344,-3
0.9620000000000006,-5.539691489,-3
1.1620000000000008,-5.661850467,-3
1.362000000000001,-5.763189189,-3
1.5120000000000013,-5.826806122,-3
2.0120000000000013,-6.167351063,-3
4.988339286607144,-9.499,-2.8
5.005461539,-9.849,-2.8
5.027357144,-10.049,-2.8
4.9784351856481495,-10.499,-2.8
4.926669421900827,-10.699,-2.8
4.886635036861317,-10.799,-2.8
4.718395349224807,-11.099,-2.8
4.576310345172414,-11.299,-2.8
4.412000000000002,-11.48786861,-2.8
4.298678832481753,-11.599,-2.8
3.862000000000001,-11.91552047,-2.8
3.5620000000000003,-12.07964103,-2.8
3.4120000000000017,-12.17059091,-2.8
3.112000000000001,-12.32154673,-2.8
3.0120000000000013,-12.36472581,-2.8
2.812000000000001,-12.42912821,-2.8
2.612000000000001,-12.51386111,-2.8
2.4620000000000006,-12.56397253,-2.8
2.2620000000000013,-12.61082635,-2.8
2.112000000000001,-12.63563793,-2.8
1.9120000000000008,-12.68694643,-2.8
1.7120000000000006,-12.75988957,-2.8
1.5120000000000013,-12.81544022,-2.8
1.2620000000000013,-12.86902618,-2.8
0.9120000000000008,-12.92569271,-2.8
0.612,-12.92755263,-2.8
0.362,-12.91805405,-2.8
0.11200000000000099,-12.86753448,-2.8
0.012000000000001343,-12.83460606,-2.8
-0.188,-12.80441958,-2.8
-0.388,-12.80592568,-2.8
-0.538,-12.7671694,-2.8
-0.688,-12.7115,-2.8
-0.888,-12.6197672,-2.8
-0.988,-12.56134756,-2.8
-1.288,-12.34519565,-2.8
-1.838,-12.01458989,-2.8
-1.988,-11.91364497,-2.8
-2.133229008,-11.799,-2.8
-2.338,-11.61939877,-2.8
-2.49357554,-11.449,-2.8
-2.609407186,-11.299,-2.8
-2.908833334,-10.849,-2.8
-3.161843931,-10.399,-2.8
-3.206472222,-10.299,-2.8
-3.319716418,-9.949,-2.8
-3.501150289,-9.549,-2.8
-3.644632653,-9.249,-2.8
-3.707642857,-9.099,-2.8
-3.756596059,-8.949,-2.8
-3.788195313,-8.699,-2.8
-3.796870968,-8.449,-2.8
-3.800719299,-7.949,-2.8
-3.76821327,-7.699,-2.8
-3.748648148,-7.449,-2.8
-3.700278107,-7.199,-2.8
-3.45378125,-6.499,-2.8
-3.353209791,-6.299,-2.8
-3.251345865,-6.149,-2.8
-3.088,-5.958403669,-2.8
-2.978596331,-5.849,-2.8
-2.638,-5.544990566,-2.8
-2.488,-5.433722222,-2.8
-2.288,-5.323404762,-2.8
-2.038,-5.140749999,-2.8
-1.788,-4.996891566,-2.8
-1.538,-4.885392404,-2.8
-1.388,-4.833797297,-2.8
-1.188,-4.784958903,-2.8
-0.938,-4.755249999,-2.8
-0.888,-4.737076922,-2.8
-0.638,-4.690666666,-2.8
-0.188,-4.722051947,-2.8
0.062000000000001165,-4.726034883,-2.8
0.4120000000000008,-4.822387096,-2.8
0.5620000000000012,-4.840745283,-2.8
0.7620000000000013,-4.885009174,-2.8
0.9120000000000008,-4.931476635,-2.8
1.112000000000001,-5.029528846,-2.8
1.3120000000000012,-5.140581632,-2.8
1.6620000000000008,-5.369478723,-2.8
1.9620000000000006,-5.531908163,-2.8
2.2120000000000006,-5.676747252,-2.8
2.562000000000001,-5.837013698,-2.8
2.7120000000000006,-5.943196428,-2.8
2.9620000000000006,-6.137942307,-2.8
3.1855000010000003,-6.349,-2.8
3.424272728,-6.599,-2.8
3.5022777787037045,-6.699,-2.8
3.775257576515153,-6.999,-2.8
3.9711269849206365,-7.249,-2.8
4.228269842063493,-7.599,-2.8
4.4687460325396815,-7.999,-2.8
4.580283582835821,-8.199,-2.8
4.674500000757576,-8.399,-2.8
4.783250000833335,-8.699,-2.8
4.801754099,-8.799,-2.8
4.988339286607144,-9.499,-2.8
5.519598039705882,-10.299,-2.6
5.426843750520836,-10.599,-2.6
5.2785662656626515,-10.849,-2.6
5.112000000000001,-11.04242105,-2.6
4.7139841277777785,-11.449,-2.6
4.457000000769232,-11.699,-2.6
4.312,-11.81673256,-2.6
4.012000000000001,-12.01427778,-2.6
3.8120000000000003,-12.11810377,-2.6
3.612000000000001,-12.1946422,-2.6
3.362000000000001,-12.31500719,-2.6
3.112000000000001,-12.38604268,-2.6
2.862000000000001,-12.46551786,-2.6
2.7620000000000013,-12.48787195,-2.6
2.5120000000000013,-12.57040719,-2.6
2.112000000000001,-12.66945455,-2.6
1.9620000000000006,-12.6915,-2.6
1.4620000000000006,-12.81066667,-2.6
1.3120000000000012,-12.82758974,-2.6
1.1620000000000008,-12.86616216,-2.6
0.9120000000000008,-12.87375369,-2.6
0.362,-12.87375369,-2.6
0.21200000000000063,-12.86689618,-2.6
-0.088,-12.7903961,-2.6
-0.338,-12.784,-2.6
-0.488,-12.76581287,-2.6
-0.638,-12.72028571,-2.6
-0.788,-12.6595,-2.6
-1.138,-12.47915152,-2.6
-1.338,-12.40645968,-2.6
-1.538,-12.32186325,-2.6
-1.838,-12.16634234,-2.6
-2.088,-12.01657426,-2.6
-2.238,-11.91068478,-2.6
-2.488,-11.70833735,-2.6
-2.593448719,-11.599,-2.6
-2.800202382,-11.349,-2.6
-3.049890245,-10.999,-2.6
-3.150500001,-10.849,-2.6
-3.262438203,-10.649,-2.6
-3.359093751,-10.399,-2.6
-3.40917347,-10.199,-2.6
-3.43875,-9.899,-2.6
-3.469445313,-9.799,-2.6
-3.563,-9.599,-2.6
-3.749259542,-9.149,-2.6
-3.811538961,-8.899,-2.6
-3.855534723,-8.649,-2.6
-3.8623007,-8.449,-2.6
-3.861581561,-7.949,-2.6
-3.855095589,-7.799,-2.6
-3.825589928,-7.649,-2.6
-3.815962963,-7.349,-2.6
-3.801958334,-7.149,-2.6
-3.701443397,-6.749,-2.6
-3.553707965,-6.349,-2.6
-3.500028302,-6.249,-2.6
-3.357772728,-6.049,-2.6
-3.138,-5.818594594,-2.6
-2.938,-5.630306306,-2.6
-2.788,-5.51417094,-2.6
-2.638,-5.382260869,-2.6
-2.364358696,-5.199,-2.6
-1.988,-4.885895161,-2.6
-1.838,-4.782527131,-2.6
-1.538,-4.59539423,-2.6
-1.388,-4.533243697,-2.6
-1.288,-4.516173913,-2.6
-1.038,-4.437221153,-2.6
-0.788,-4.388210526,-2.6
-0.438,-4.369535714,-2.6
-0.338,-4.385562499,-2.6
-0.088,-4.454059523,-2.6
0.11200000000000188,-4.485918604,-2.6
0.5120000000000013,-4.655531531,-2.6
0.6120000000000019,-4.680473214,-2.6
0.9120000000000008,-4.78412931,-2.6
1.4620000000000006,-5.034539215,-2.6
1.7620000000000013,-5.212144329,-2.6
1.9120000000000008,-5.282988763,-2.6
2.2620000000000013,-5.471802197,-2.6
2.362000000000001,-5.515052631,-2.6
2.662000000000001,-5.586643678,-2.6
2.812000000000001,-5.640867469,-2.6
2.9620000000000006,-5.729706521,-2.6
3.2620000000000013,-5.933438775,-2.6
3.4496760570422547,-6.099,-2.6
3.612000000000001,-6.262805969,-2.6
3.7285625006250003,-6.399,-2.6
3.9039014091549307,-6.649,-2.6
4.146375000694445,-6.949,-2.6
4.4263333340000015,-7.249,-2.6
4.727357143571429,-7.649,-2.6
4.850934427049181,-7.899,-2.6
4.969500001000001,-8.099,-2.6
5.074755103061226,-8.299,-2.6
5.167978261956523,-8.499,-2.6
5.270173077884617,-8.749,-2.6
5.374719299122808,-9.099,-2.6
5.397655738524592,-9.199,-2.6
5.517597015671643,-9.499,-2.6
5.537328948026318,-9.599,-2.6
5.534647059411765,-9.949,-2.6
5.519598039705882,-10.299,-2.6
0.4120000000000017,-4.034648147,-2.4
1.0120000000000013,-4.260413042,-2.4
1.1620000000000008,-4.288893616,-2.4
1.4620000000000006,-4.451906976,-2.4
1.8120000000000012,-4.595568626,-2.4
2.0120000000000013,-4.693607842,-2.4
2.562000000000001,-5.035224489,-2.4
2.7120000000000006,-5.160792452,-2.4
2.812000000000001,-5.230696428,-2.4
3.176329269,-5.599,-2.4
3.362000000000001,-5.769047169,-2.4
3.612000000000001,-5.940161616,-2.4
3.733116505339807,-6.049,-2.4
3.9251188123762395,-6.249,-2.4
4.172051546907217,-6.549,-2.4
4.449239583854168,-6.899,-2.4
4.623138614356436,-7.099,-2.4
4.741567308173077,-7.249,-2.4
4.862000000000001,-7.381102272,-2.4
5.012000000000001,-7.510746987,-2.4
5.162000000000002,-7.587988095,-2.4
5.359685186111112,-7.749,-2.4
5.463056338732398,-7.849,-2.4
5.578954023563219,-7.999,-2.4
5.672632184482759,-8.149,-2.4
5.7195000005555565,-8.249,-2.4
5.778071429081636,-8.499,-2.4
5.797843374096385,-9.049,-2.4
5.8189444450000005,-9.299,-2.4
5.827801887264154,-9.549,-2.4
5.815826531122451,-9.749,-2.4
5.777990991441443,-9.949,-2.4
5.746829060256412,-10.049,-2.4
5.722991379741379,-10.199,-2.4
5.669675439,-10.449,-2.4
5.629418033196724,-10.599,-2.4
5.470750000500002,-10.949,-2.4
5.385750000500001,-11.099,-2.4
5.273647727840911,-11.249,-2.4
5.012000000000001,-11.51469149,-2.4
4.562,-11.91904505,-2.4
4.162000000000002,-12.21507143,-2.4
4.062,-12.26802174,-2.4
3.7620000000000013,-12.38396094,-2.4
3.5620000000000003,-12.46937671,-2.4
3.3120000000000003,-12.49358955,-2.4
3.112000000000001,-12.53325325,-2.4
2.9620000000000006,-12.57968182,-2.4
2.7120000000000006,-12.68214394,-2.4
2.562000000000001,-12.75773984,-2.4
2.362000000000001,-12.81850758,-2.4
1.9620000000000006,-12.90996154,-2.4
1.7620000000000013,-12.93391736,-2.4
1.362000000000001,-13.01297638,-2.4
1.162,-13.03069291,-2.4
0.4120000000000008,-13.03305512,-2.4
-0.088,-13.0236124,-2.4
-0.188,-13.01636641,-2.4
-0.438,-12.96933582,-2.4
-0.838,-12.81855782,-2.4
-1.188,-12.63622222,-2.4
-1.338,-12.59415504,-2.4
-1.488,-12.56696875,-2.4
-1.638,-12.51184247,-2.4
-1.838,-12.4115,-2.4
-2.188,-12.20992593,-2.4
-2.338,-12.10131092,-2.4
-2.488,-11.97193103,-2.4
-2.857107143,-11.599,-2.4
-2.991151261,-11.449,-2.4
-3.156392857,-11.249,-2.4
-3.303178572,-11.049,-2.4
-3.458616883,-10.799,-2.4
-3.519866198,-10.649,-2.4
-3.705723881,-10.299,-2.4
-3.777663462,-10.049,-2.4
-3.897151786,-9.749,-2.4
-3.968504588,-9.449,-2.4
-4.053598291,-9.199,-2.4
-4.07204762,-9.099,-2.4
-4.147490741,-8.849,-2.4
-4.198491072,-8.599,-2.4
-4.209136364,-8.449,-2.4
-4.209527778,-7.399,-2.4
-4.197234235,-7.149,-2.4
-4.145380953,-6.999,-2.4
-4.077030613,-6.849,-2.4
-4.006495935,-6.649,-2.4
-3.95787705,-6.549,-2.4
-3.708801527,-6.149,-2.4
-3.598307018,-5.999,-2.4
-3.365521009,-5.749,-2.4
-3.199697248,-5.549,-2.4
-2.938,-5.286259615,-2.4
-2.638,-5.033953703,-2.4
-2.488,-4.932849557,-2.4
-2.088,-4.755839622,-2.4
-1.938,-4.663639639,-2.4
-1.838,-4.582254717,-2.4
-1.538,-4.381783018,-2.4
-1.438,-4.334336538,-2.4
-1.338,-4.311259615,-2.4
-1.188,-4.25377528,-2.4
-0.938,-4.130402438,-2.4
-0.788,-4.082653846,-2.4
-0.538,-4.020666666,-2.4
-0.338,-3.997076922,-2.4
0.1620000000000008,-4.011301587,-2.4
0.4120000000000017,-4.034648147,-2.4
0.362,-3.588015151,-2.2
0.9620000000000006,-3.760328124,-2.2
1.2120000000000006,-3.827174602,-2.2
1.612000000000001,-4.060507936,-2.2
1.9620000000000006,-4.240544117,-2.2
2.2120000000000006,-4.384069444,-2.2
2.5120000000000013,-4.56484507,-2.2
2.7620000000000013,-4.683420289,-2.2
2.912000000000001,-4.793583333,-2.2
3.077000000769231,-4.949,-2.2
3.2315205486301393,-5.149,-2.2
3.492747127011495,-5.549,-2.2
3.5836145838541666,-5.649,-2.2
3.930043478695654,-5.999,-2.2
4.022416667129629,-6.099,-2.2
4.232275590944883,-6.349,-2.2
4.496600000400002,-6.699,-2.2
4.798711712162162,-7.049,-2.2
4.912000000000002,-7.156323232,-2.2
5.062000000000002,-7.264654205,-2.2
5.262,-7.387861386,-2.2
5.528869919105692,-7.649,-2.2
5.676522059191178,-7.849,-2.2
5.827645161612904,-8.099,-2.2
5.874175325,-8.199,-2.2
5.9420324678571435,-8.449,-2.2
5.9776690144366205,-8.549,-2.2
6.027429687890627,-8.749,-2.2
6.066481132547172,-9.049,-2.2
6.0810366977064225,-9.299,-2.2
6.081859813551403,-9.499,-2.2
6.067526316315791,-9.799,-2.2
6.026887641011238,-10.099,-2.2
5.927588235882355,-10.549,-2.2
5.825719512804878,-10.849,-2.2
5.725392857738098,-11.049,-2.2
5.628379310919542,-11.199,-2.2
5.462000000000001,-11.38842308,-2.2
5.24077907,-11.599,-2.2
4.862000000000001,-11.9185946,-2.2
4.662000000000002,-12.06412097,-2.2
4.412000000000002,-12.18436184,-2.2
4.162000000000002,-12.31907576,-2.2
3.9120000000000017,-12.39327083,-2.2
3.612000000000001,-12.51696482,-2.2
3.4120000000000017,-12.55890566,-2.2
3.2620000000000013,-12.58009756,-2.2
3.062000000000001,-12.62960976,-2.2
2.612000000000001,-12.81878673,-2.2
2.4620000000000006,-12.86948611,-2.2
2.2620000000000013,-12.91059639,-2.2
1.9620000000000006,-12.9393481,-2.2
1.7120000000000006,-12.97076339,-2.2
1.4120000000000008,-12.9896051,-2.2
1.1620000000000008,-13.01817989,-2.2
0.4120000000000008,-13.01907772,-2.2
0.11200000000000099,-12.98717365,-2.2
-0.238,-12.96619653,-2.2
-0.438,-12.91601807,-2.2
-0.638,-12.82873373,-2.2
-0.888,-12.76059639,-2.2
-0.988,-12.72166839,-2.2
-1.288,-12.58364674,-2.2
-1.388,-12.5586519,-2.2
-1.688,-12.4615,-2.2
-1.988,-12.32164852,-2.2
-2.088,-12.2586519,-2.2
-2.338,-12.05807534,-2.2
-2.565121212,-11.849,-2.2
-2.838,-11.57921472,-2.2
-2.997375,-11.399,-2.2
-3.200919463,-11.099,-2.2
-3.276986014,-10.949,-2.2
-3.429607143,-10.699,-2.2
-3.653261628,-10.399,-2.2
-3.712758454,-10.299,-2.2
-3.813881057,-10.049,-2.2
-3.95862212,-9.749,-2.2
-4.006902439,-9.599,-2.2
-4.079129033,-9.299,-2.2
-4.206125,-8.999,-2.2
-4.243105634,-8.849,-2.2
-4.297905661,-8.449,-2.2
-4.309283784,-7.899,-2.2
-4.304269842,-7.399,-2.2
-4.29006767,-7.199,-2.2
-4.260757848,-7.049,-2.2
-4.206688119,-6.899,-2.2
-4.054447369,-6.599,-2.2
-3.904623037,-6.349,-2.2
-3.744632653,-6.099,-2.2
-3.597134616,-5.899,-2.2
-3.399574074,-5.649,-2.2
-3.288,-5.519962733,-2.2
-3.067613096,-5.299,-2.2
-2.738,-5.001425373,-2.2
-2.388,-4.677483606,-2.2
-2.21608642,-4.549,-2.2
-1.888,-4.280962025,-2.2
-1.688,-4.136828947,-2.2
-1.288,-3.890666666,-2.2
-1.088,-3.788338235,-2.2
-0.938,-3.731246376,-2.2
-0.638,-3.659507246,-2.2
-0.388,-3.587214285,-2.2
0.11200000000000099,-3.581720587,-2.2
0.362,-3.588015151,-2.2
6.327406977325581,-10.299,-2
6.165273810119049,-10.849,-2
6.083039604455448,-10.999,-2
5.980409091363637,-11.149,-2
5.677732759051726,-11.499,-2
5.462000000000001,-11.70674336,-2
5.262000000000001,-11.858,-2
4.962000000000001,-12.06036364,-2
4.712000000000001,-12.20503448,-2
4.562,-12.26561932,-2
4.362000000000001,-12.31897487,-2
4.062,-12.38884375,-2
3.9120000000000017,-12.43203109,-2
3.5120000000000013,-12.56509043,-2
3.3120000000000003,-12.61892925,-2
3.2120000000000006,-12.63422099,-2
3.0119999999999996,-12.69236735,-2
2.862000000000001,-12.75890566,-2
2.7120000000000006,-12.81059639,-2
2.5120000000000013,-12.86193605,-2
2.2120000000000006,-12.91744059,-2
1.7620000000000013,-12.92217352,-2
0.6620000000000008,-12.92387245,-2
0.31200000000000117,-12.92148744,-2
0.11200000000000099,-12.89358042,-2
-0.188,-12.87424876,-2
-0.438,-12.81236207,-2
-0.588,-12.7396051,-2
-0.738,-12.68584971,-2
-0.888,-12.66820103,-2
-1.088,-12.61236207,-2
-1.238,-12.55033588,-2
-1.488,-12.42532353,-2
-1.688,-12.36983333,-2
-1.838,-12.31692763,-2
-1.938,-12.26762416,-2
-2.088,-12.16670073,-2
-2.338,-11.93878261,-2
-2.538,-11.76784328,-2
-2.665115385,-11.649,-2
-2.852534884,-11.449,-2
-2.951721805,-11.299,-2
-3.129386555,-10.949,-2
-3.218330883,-10.799,-2
-3.366007519,-10.599,-2
-3.542398149,-10.399,-2
-3.656165468,-10.249,-2
-3.904134752,-9.749,-2
-3.994346154,-9.549,-2
-4.067964539,-9.299,-2
-4.200321429,-8.999,-2
-4.25675,-8.649,-2
-4.280884616,-8.399,-2
-4.283507813,-7.399,-2
-4.270142857,-7.149,-2
-4.252511495,-6.999,-2
-4.209905941,-6.849,-2
-4.052385475,-6.549,-2
-3.957591346,-6.399,-2
-3.723027473,-6.049,-2
-3.5305,-5.749,-2
-3.408857988,-5.549,-2
-3.288,-5.412686131,-2
-3.038,-5.176083333,-2
-2.888,-5.051559055,-2
-2.782379845,-4.949,-2
-2.553145986,-4.649,-2
-2.344991526,-4.399,-2
-2.188,-4.228882812,-2
-2.038,-4.089042372,-2
-1.888,-3.970169354,-2
-1.688,-3.793675925,-2
-1.488,-3.634860655,-2
-1.388,-3.57726923,-2
-1.188,-3.482639706,-2
-0.938,-3.380666666,-2
-0.638,-3.288728682,-2
-0.388,-3.252537735,-2
-0.138,-3.23275,-2
0.11200000000000099,-3.232392857,-2
0.4120000000000008,-3.240992187,-2
0.7620000000000013,-3.287821138,-2
0.9120000000000008,-3.3316,-2
1.4120000000000008,-3.5365,-2
1.5120000000000013,-3.589929203,-2
1.7120000000000006,-3.721544642,-2
1.9120000000000008,-3.837616071,-2
2.2620000000000013,-4.065284403,-2
2.5120000000000013,-4.203120879,-2
2.7120000000000006,-4.292028846,-2
2.862000000000001,-4.378398148,-2
3.062000000000001,-4.535386138,-2
3.273597938659793,-4.749,-2
3.481852941666669,-4.999,-2
3.620430233139536,-5.199,-2
3.677277778333335,-5.299,-2
3.7364382028089898,-5.449,-2
3.791261364204547,-5.549,-2
3.947112360112359,-5.749,-2
4.188764706470589,-5.999,-2
4.325607595569621,-6.149,-2
4.5493456796296305,-6.449,-2
4.799847222916669,-6.749,-2
4.962000000000001,-6.908782608,-2
5.262000000000001,-7.086499999,-2
5.412000000000002,-7.218927536,-2
5.588408451408452,-7.399,-2
5.7756666673333354,-7.649,-2
5.926506173456791,-7.899,-2
6.004010309793817,-8.099,-2
6.073918605232559,-8.249,-2
6.232180723493976,-8.649,-2
6.272060976219513,-8.799,-2
6.346821429166668,-9.249,-2
6.3560625006250016,-9.499,-2
6.353562501,-9.749,-2
6.327406977325581,-10.299,-2
-1.788,-3.835428571,-1.8
-1.488,-3.636063953,-1.8
-1.188,-3.479418719,-1.8
-0.988,-3.416307692,-1.8
-0.688,-3.275238739,-1.8
-0.388,-3.231692307,-1.8
0.11200000000000099,-3.222355263,-1.8
0.362,-3.222471616,-1.8
0.6620000000000008,-3.234416666,-1.8
0.9620000000000006,-3.284027472,-1.8
1.2620000000000013,-3.384220994,-1.8
1.6146960789215692,-3.549,-1.8
1.7620000000000013,-3.626380952,-1.8
2.162000000000001,-3.864490797,-1.8
2.362000000000001,-3.966038216,-1.8
2.412000000000001,-3.981120253,-1.8
2.7120000000000006,-4.123681528,-1.8
2.912000000000001,-4.239328467,-1.8
3.112000000000001,-4.392452381,-1.8
3.3870000003759406,-4.649,-1.8
3.835641304891305,-5.099,-1.8
3.9777407413580255,-5.249,-1.8
4.1528730166666685,-5.499,-1.8
4.312,-5.665810344,-1.8
4.462000000000001,-5.809775861,-1.8
4.562,-5.885016948,-1.8
4.762000000000001,-6.063215685,-1.8
4.862000000000001,-6.138285713,-1.8
5.062000000000002,-6.313880951,-1.8
5.312000000000002,-6.509119046,-1.8
5.412000000000002,-6.578878048,-1.8
5.633022728409093,-6.799,-1.8
5.758951220731707,-6.949,-1.8
6.090333334444446,-7.299,-1.8
6.275888890000002,-7.549,-1.8
6.381680852127659,-7.749,-1.8
6.454934783695653,-7.949,-1.8
6.579187501041669,-8.199,-1.8
6.627816327551021,-8.349,-1.8
6.685611112037038,-8.599,-1.8
6.7407500008333345,-8.999,-1.8
6.756841270634921,-9.399,-1.8
6.76885484,-9.549,-1.8
6.746375000694447,-9.899,-1.8
6.680827161111112,-10.199,-1.8
6.621337350000002,-10.399,-1.8
6.501627660106384,-10.699,-1.8
6.471536082989691,-10.799,-1.8
6.380689320873787,-10.949,-1.8
6.137000000400001,-11.199,-1.8
5.862000000000001,-11.43939855,-1.8
5.645388158223686,-11.649,-1.8
5.512000000000001,-11.76297059,-1.8
5.362000000000001,-11.86702632,-1.8
5.112000000000001,-12.01579688,-1.8
4.962000000000001,-12.08584971,-1.8
4.764217742338711,-12.199,-1.8
4.612000000000001,-12.26934884,-1.8
4.312000000000002,-12.33606395,-1.8
3.9620000000000006,-12.42950239,-1.8
3.8120000000000003,-12.48136041,-1.8
3.612000000000001,-12.56562304,-1.8
3.4120000000000017,-12.60787097,-1.8
3.112000000000001,-12.63835185,-1.8
2.9620000000000006,-12.68364674,-1.8
2.7620000000000013,-12.75988957,-1.8
2.4620000000000006,-12.81596891,-1.8
2.162000000000001,-12.85378723,-1.8
2.0120000000000013,-12.8617193,-1.8
1.7120000000000006,-12.86193605,-1.8
1.4620000000000006,-12.85313669,-1.8
0.6620000000000008,-12.85280435,-1.8
0.4120000000000008,-12.8617193,-1.8
0.11200000000000099,-12.83186083,-1.8
-0.138,-12.82851389,-1.8
-0.288,-12.81397253,-1.8
-0.438,-12.7680534,-1.8
-0.588,-12.6865,-1.8
-0.738,-12.62729545,-1.8
-0.838,-12.6117193,-1.8
-0.988,-12.56734239,-1.8
-1.188,-12.46358333,-1.8
-1.488,-12.28428369,-1.8
-1.738,-12.16182609,-1.8
-1.988,-12.01332039,-1.8
-2.088,-11.9259802,-1.8
-2.388,-11.63367742,-1.8
-2.589623377,-11.449,-1.8
-2.706622449,-11.299,-1.8
-2.967054055,-10.849,-1.8
-3.272068628,-10.399,-1.8
-3.347166667,-10.299,-1.8
-3.500362638,-10.049,-1.8
-3.621611112,-9.749,-1.8
-3.651055556,-9.699,-1.8
-3.75021591,-9.449,-1.8
-3.823755815,-9.199,-1.8
-3.947821429,-8.899,-1.8
-4.003885417,-8.699,-1.8
-4.049868687,-8.449,-1.8
-4.05687255,-8.149,-1.8
-4.060524753,-7.399,-1.8
-4.073307018,-7.199,-1.8
-4.101269231,-7.049,-1.8
-4.112851191,-6.899,-1.8
-4.100053572,-6.699,-1.8
-4.050053572,-6.549,-1.8
-3.876403615,-6.299,-1.8
-3.721203125,-5.999,-1.8
-3.544925676,-5.599,-1.8
-3.459634616,-5.449,-1.8
-3.256495935,-5.199,-1.8
-2.988,-4.962461538,-1.8
-2.82408871,-4.799,-1.8
-2.703111941,-4.649,-1.8
-2.563653595,-4.499,-1.8
-2.438,-4.383393939,-1.8
-2.338,-4.30915625,-1.8
-1.788,-3.835428571,-1.8
7.078163793534483,-8.149,-1.6
7.126484127380954,-8.549,-1.6
7.138411290725808,-8.749,-1.6
7.140488372480623,-9.499,-1.6
7.131669118014709,-9.749,-1.6
7.121251968897638,-9.799,-1.6
7.001139344672132,-10.099,-1.6
6.922688406159421,-10.349,-1.6
6.8295000003333355,-10.549,-1.6
6.622917721835443,-10.899,-1.6
6.512000000000001,-11.04060448,-1.6
6.340333333703705,-11.199,-1.6
6.262000000000001,-11.25705921,-1.6
6.112000000000001,-11.33787195,-1.6
5.962000000000001,-11.4396051,-1.6
5.662000000000002,-11.70940373,-1.6
5.462000000000001,-11.84996154,-1.6
5.262000000000001,-11.95988957,-1.6
5.062000000000002,-12.03717365,-1.6
4.862000000000001,-12.12837788,-1.6
4.712000000000001,-12.21082635,-1.6
4.562,-12.2682029,-1.6
4.312,-12.33986538,-1.6
3.8620000000000028,-12.48606395,-1.6
3.6620000000000017,-12.56338548,-1.6
3.4620000000000006,-12.6086519,-1.6
3.162000000000001,-12.64178524,-1.6
2.9620000000000006,-12.67907075,-1.6
2.862000000000001,-12.71012805,-1.6
2.562000000000001,-12.74121854,-1.6
2.4620000000000006,-12.7617193,-1.6
2.2120000000000006,-12.78672189,-1.6
1.4620000000000006,-12.80563265,-1.6
1.2120000000000006,-12.80592568,-1.6
0.6620000000000008,-12.79207432,-1.6
0.4120000000000008,-12.79519565,-1.6
-0.138,-12.77557767,-1.6
-0.338,-12.75378723,-1.6
-0.438,-12.7233932,-1.6
-0.738,-12.5865,-1.6
-0.938,-12.51127811,-1.6
-1.188,-12.36043293,-1.6
-1.888,-11.86863087,-1.6
-2.019801471,-11.749,-1.6
-2.360282609,-11.399,-1.6
-2.49304386,-11.249,-1.6
-2.60843919,-11.099,-1.6
-2.767088051,-10.849,-1.6
-2.904496599,-10.649,-1.6
-3.208364239,-10.149,-1.6
-3.260889611,-10.049,-1.6
-3.377212329,-9.749,-1.6
-3.498035212,-9.499,-1.6
-3.559226415,-9.299,-1.6
-3.625091504,-9.049,-1.6
-3.747532374,-8.799,-1.6
-3.803348102,-8.649,-1.6
-3.857219653,-8.299,-1.6
-3.863552486,-8.149,-1.6
-3.859982759,-7.449,-1.6
-3.875721894,-7.299,-1.6
-3.919447369,-7.149,-1.6
-4.047905661,-6.799,-1.6
-4.093105634,-6.599,-1.6
-4.045214765,-6.499,-1.6
-3.915232143,-6.299,-1.6
-3.826322369,-6.099,-1.6
-3.774472603,-5.899,-1.6
-3.74711017,-5.749,-1.6
-3.658758929,-5.499,-1.6
-3.55525,-5.299,-1.6
-3.446908047,-5.149,-1.6
-3.288,-4.985684782,-1.6
-2.888,-4.652316326,-1.6
-2.588,-4.37985443,-1.6
-2.338,-4.260596385,-1.6
-2.188,-4.163630682,-1.6
-1.988,-4.002125,-1.6
-1.788,-3.826673797,-1.6
-1.638,-3.728545454,-1.6
-1.288,-3.53144382,-1.6
-1.188,-3.485063218,-1.6
-0.988,-3.418385026,-1.6
-0.688,-3.275953125,-1.6
-0.538,-3.234814606,-1.6
-0.388,-3.220143617,-1.6
-0.088,-3.220596858,-1.6
0.362,-3.214353261,-1.6
0.862,-3.229026455,-1.6
1.1620000000000008,-3.283714285,-1.6
1.3120000000000012,-3.333487952,-1.6
1.5620000000000012,-3.433433962,-1.6
1.7620000000000013,-3.525863354,-1.6
1.9120000000000008,-3.618339622,-1.6
2.112000000000001,-3.714709459,-1.6
2.312000000000001,-3.785068702,-1.6
2.562000000000001,-3.893747899,-1.6
2.812000000000001,-4.02723741,-1.6
3.062000000000001,-4.190239316,-1.6
3.3120000000000003,-4.382258928,-1.6
3.4620000000000006,-4.515284403,-1.6
3.7620000000000013,-4.758510869,-1.6
4.012000000000001,-4.933011627,-1.6
4.512000000000001,-5.333191176,-1.6
4.662000000000002,-5.466307692,-1.6
4.912000000000002,-5.66680303,-1.6
5.162000000000002,-5.793014084,-1.6
5.412000000000002,-5.933451219,-1.6
5.662000000000002,-6.151016128,-1.6
5.928581633163266,-6.449,-1.6
6.040763441397851,-6.599,-1.6
6.464586207471265,-7.049,-1.6
6.629079208415843,-7.249,-1.6
6.827186916355141,-7.549,-1.6
6.925288288738739,-7.749,-1.6
7.078163793534483,-8.149,-1.6
7.166136691007195,-8.249,-1.4
7.170603896428571,-9.249,-1.4
7.178968912176166,-9.499,-1.4
7.128269841534393,-9.799,-1.4
6.912000000000002,-10.25625,-1.4
6.830108974679487,-10.399,-1.4
6.581726562890627,-10.749,-1.4
6.43038843,-10.949,-1.4
6.292118110629922,-11.099,-1.4
6.162000000000002,-11.21942484,-1.4
5.962000000000001,-11.37821512,-1.4
5.712000000000001,-11.60935032,-1.4
5.512000000000001,-11.76561932,-1.4
5.372129310775864,-11.849,-1.4
5.062000000000002,-12.01596891,-1.4
4.662000000000002,-12.22028378,-1.4
4.462000000000001,-12.31082635,-1.4
4.212000000000001,-12.38186083,-1.4
3.7620000000000013,-12.5583949,-1.4
3.5620000000000003,-12.61127811,-1.4
3.362000000000001,-12.63884375,-1.4
3.0120000000000013,-12.71490909,-1.4
2.7620000000000013,-12.75472917,-1.4
2.5120000000000013,-12.77015385,-1.4
1.9620000000000006,-12.78522159,-1.4
1.8120000000000012,-12.8117193,-1.4
1.4620000000000006,-12.84996154,-1.4
1.2120000000000006,-12.852125,-1.4
0.612,-12.80441958,-1.4
0.4120000000000008,-12.79421277,-1.4
0.1620000000000008,-12.7615,-1.4
0.062000000000001165,-12.73422099,-1.4
-0.188,-12.69066667,-1.4
-0.388,-12.66855959,-1.4
-0.688,-12.56358333,-1.4
-0.888,-12.46488398,-1.4
-1.199309524,-12.299,-1.4
-1.338,-12.2117193,-1.4
-1.688,-11.96257143,-1.4
-1.938,-11.75592568,-1.4
-2.194335617,-11.499,-1.4
-2.447394905,-11.199,-1.4
-2.699596386,-10.849,-1.4
-2.859274039,-10.599,-1.4
-2.970692308,-10.399,-1.4
-3.192787234,-10.049,-1.4
-3.266716216,-9.849,-1.4
-3.445214765,-9.499,-1.4
-3.505964824,-9.299,-1.4
-3.570692308,-9.049,-1.4
-3.746870968,-8.699,-1.4
-3.806596059,-8.449,-1.4
-3.851778409,-8.149,-1.4
-3.852779006,-7.699,-1.4
-3.828348102,-7.449,-1.4
-3.866485577,-7.299,-1.4
-4.065625,-6.849,-1.4
-4.143729167,-6.699,-1.4
-4.194770834,-6.549,-1.4
-4.120838983,-6.349,-1.4
-4.076636364,-6.199,-1.4
-4.050356322,-5.949,-1.4
-3.99907595,-5.549,-1.4
-3.958454546,-5.399,-1.4
-3.899301371,-5.249,-1.4
-3.704544118,-4.999,-1.4
-3.538,-4.837043478,-1.4
-3.338,-4.675602563,-1.4
-2.838,-4.384,-1.4
-2.638,-4.2855,-1.4
-2.338,-4.170769663,-1.4
-2.238,-4.1138773,-1.4
-1.988,-3.916467948,-1.4
-1.738,-3.67552027,-1.4
-1.538,-3.527653846,-1.4
-1.288,-3.384629921,-1.4
-0.838,-3.183349593,-1.4
-0.538,-3.087104838,-1.4
-0.388,-3.063257812,-1.4
0.11200000000000099,-3.067893129,-1.4
0.4120000000000008,-3.056708333,-1.4
0.9120000000000008,-3.083160305,-1.4
1.112,-3.130934306,-1.4
1.4620000000000006,-3.236884615,-1.4
1.8120000000000012,-3.38904065,-1.4
2.062000000000001,-3.509470085,-1.4
2.2120000000000006,-3.541699115,-1.4
2.312000000000001,-3.578545454,-1.4
2.662000000000001,-3.745527777,-1.4
2.912000000000001,-3.880410256,-1.4
3.362000000000001,-4.142895348,-1.4
3.8120000000000003,-4.467373493,-1.4
4.162000000000002,-4.682227847,-1.4
4.262000000000001,-4.766207792,-1.4
4.562,-4.984126582,-1.4
4.712000000000001,-5.114064102,-1.4
4.812000000000002,-5.184759493,-1.4
5.262000000000001,-5.531180851,-1.4
5.562000000000002,-5.807980582,-1.4
5.779294520890413,-6.049,-1.4
5.971693878,-6.299,-1.4
6.143936416473989,-6.549,-1.4
6.312000000000002,-6.739451389,-1.4
6.515804348188406,-6.949,-1.4
6.7279090912121235,-7.199,-1.4
6.833448088,-7.349,-1.4
6.915467153649636,-7.499,-1.4
6.981053398300973,-7.649,-1.4
7.120870968064518,-8.049,-1.4
7.166136691007195,-8.249,-1.4
-3.408151515,-9.549,-1.2
-3.564544944,-9.099,-1.2
-3.754256831,-8.649,-1.2
-3.85547449,-8.349,-1.2
-3.897134616,-8.199,-1.2
-3.908210281,-8.099,-1.2
-3.913578704,-7.649,-1.2
-3.910125,-7.449,-1.2
-3.92245946,-7.349,-1.2
-3.975946429,-7.199,-1.2
-4.063956938,-6.999,-1.2
-4.247651899,-6.649,-1.2
-4.298403727,-6.499,-1.2
-4.314818182,-6.299,-1.2
-4.304833334,-5.599,-1.2
-4.248688406,-5.349,-1.2
-4.15460584,-5.149,-1.2
-4.056609023,-4.999,-1.2
-3.896705358,-4.799,-1.2
-3.8020625,-4.699,-1.2
-3.638,-4.54725,-1.2
-3.488,-4.431112069,-1.2
-3.338,-4.336616822,-1.2
-3.088,-4.239441176,-1.2
-2.788,-4.169299145,-1.2
-2.538,-4.088102564,-1.2
-2.388,-4.059037878,-1.2
-2.188,-3.961050359,-1.2
-2.0518,-3.849,-1.2
-1.788,-3.572344371,-1.2
-1.588,-3.390788321,-1.2
-1.438,-3.288166666,-1.2
-1.288,-3.222088235,-1.2
-0.938,-3.029279503,-1.2
-0.788,-2.978668674,-1.2
-0.588,-2.928857143,-1.2
-0.388,-2.894863309,-1.2
0.46200000000000063,-2.885128048,-1.2
0.8120000000000012,-2.895532846,-1.2
1.0120000000000013,-2.927685897,-1.2
1.112000000000001,-2.96389726,-1.2
1.362000000000001,-3.029308219,-1.2
1.5120000000000013,-3.078379562,-1.2
1.7120000000000006,-3.165346153,-1.2
1.9620000000000006,-3.245428571,-1.2
2.362000000000001,-3.396045454,-1.2
2.7620000000000013,-3.587541666,-1.2
3.112000000000001,-3.770062992,-1.2
3.362000000000001,-3.879192307,-1.2
3.612000000000001,-4.0368,-1.2
3.862000000000001,-4.209805084,-1.2
4.012000000000001,-4.295138211,-1.2
4.312000000000002,-4.484526315,-1.2
4.512000000000001,-4.633160305,-1.2
4.812000000000002,-4.877956834,-1.2
5.058933962735849,-5.099,-1.2
5.362000000000001,-5.392794326,-1.2
5.562000000000002,-5.606678571,-1.2
5.715467153649636,-5.799,-1.2
6.070870968064518,-6.349,-1.2
6.151900662582782,-6.499,-1.2
6.305554687890626,-6.699,-1.2
6.512000000000001,-6.909840708,-1.2
6.728098485227274,-7.149,-1.2
6.833195652536234,-7.299,-1.2
6.927689655517242,-7.499,-1.2
6.949992126377954,-7.599,-1.2
7.079857143197279,-7.949,-1.2
7.096302325968993,-8.199,-1.2
7.1065564520161315,-8.699,-1.2
7.107362903629034,-9.249,-1.2
7.116927007664235,-9.499,-1.2
7.070750000357143,-9.699,-1.2
6.968866197535212,-9.999,-1.2
6.915888889259262,-10.099,-1.2
6.783617647352943,-10.299,-1.2
6.450870968064517,-10.699,-1.2
6.230821839367818,-10.999,-1.2
5.925088235588235,-11.349,-1.2
5.712000000000001,-11.55441958,-1.2
5.512000000000001,-11.7086519,-1.2
5.212000000000001,-11.88169231,-1.2
5.012000000000001,-12.01257143,-1.2
4.662000000000002,-12.21509043,-1.2
4.362000000000001,-12.36298305,-1.2
4.112000000000001,-12.44421277,-1.2
3.8120000000000003,-12.56193605,-1.2
3.612000000000001,-12.61907042,-1.2
3.461999999999999,-12.64012903,-1.2
3.2620000000000013,-12.68461453,-1.2
3.0120000000000013,-12.76012805,-1.2
2.7620000000000013,-12.77421459,-1.2
2.062000000000001,-12.77563044,-1.2
1.9620000000000006,-12.78383607,-1.2
1.6620000000000008,-12.85940373,-1.2
1.4120000000000008,-12.89841861,-1.2
1.2120000000000006,-12.89880469,-1.2
0.862,-12.86298305,-1.2
0.31200000000000117,-12.75813462,-1.2
-0.088,-12.63532076,-1.2
-0.388,-12.56605298,-1.2
-0.688,-12.46490909,-1.2
-0.938,-12.33904065,-1.2
-1.138,-12.25286179,-1.2
-1.288,-12.16970896,-1.2
-1.538,-12.01509849,-1.2
-1.738,-11.86957692,-1.2
-1.97387963,-11.649,-1.2
-2.30647015,-11.299,-1.2
-2.500777778,-11.049,-1.2
-2.801204226,-10.599,-1.2
-2.916833334,-10.399,-1.2
-3.150414966,-10.049,-1.2
-3.408151515,-9.549,-1.2
3.0120000000000013,-12.71416393,-1
2.5120000000000013,-12.730875,-1
1.9620000000000006,-12.73169231,-1
1.8120000000000012,-12.76680303,-1
1.4120000000000008,-12.81681768,-1
1.2120000000000006,-12.8182623,-1
0.9620000000000006,-12.8065,-1
0.7620000000000013,-12.75988957,-1
0.21200000000000063,-12.61256209,-1
-0.038,-12.51479861,-1
-0.088,-12.48473944,-1
-0.388,-12.3652,-1
-0.438,-12.3364,-1
-0.638,-12.26616102,-1
-0.988,-12.06493137,-1
-1.338,-11.8365,-1
-1.388,-11.81540625,-1
-1.538,-11.70845122,-1
-1.781987342,-11.499,-1
-1.988,-11.30701282,-1
-2.142746836,-11.149,-1
-2.35917347,-10.899,-1
-2.508238096,-10.699,-1
-2.73329703,-10.349,-1
-3.009153847,-9.949,-1
-3.095954546,-9.799,-1
-3.257153226,-9.449,-1
-3.272423077,-9.399,-1
-3.471865249,-8.949,-1
-3.757350283,-8.399,-1
-3.849363637,-8.149,-1
-3.872274194,-7.899,-1
-3.958070423,-7.599,-1
-3.974428572,-7.449,-1
-4.017878049,-7.249,-1
-4.064768868,-7.099,-1
-4.209540179,-6.749,-1
-4.257202899,-6.599,-1
-4.294034483,-6.299,-1
-4.296870968,-5.799,-1
-4.276173653,-5.549,-1
-4.254151686,-5.449,-1
-4.091125,-5.099,-1
-4.006646409,-4.949,-1
-3.824428572,-4.699,-1
-3.655471591,-4.449,-1
-3.538,-4.320688741,-1
-3.338,-4.136291666,-1
-3.188,-4.043417475,-1
-3.088,-3.995649484,-1
-2.738,-3.88224468,-1
-2.538,-3.831749999,-1
-2.338,-3.833879032,-1
-2.238,-3.8108,-1
-2.138,-3.758645669,-1
-1.988,-3.660130137,-1
-1.638,-3.386280701,-1
-1.488,-3.281360406,-1
-1.238,-3.169348837,-1
-0.938,-2.990940789,-1
-0.738,-2.929946602,-1
-0.488,-2.884814606,-1
-0.238,-2.860826347,-1
-0.088,-2.835637931,-1
0.1620000000000008,-2.820215596,-1
0.362,-2.820082949,-1
0.7120000000000006,-2.799195312,-1
0.9120000000000008,-2.794863309,-1
1.2120000000000006,-2.867898809,-1
1.4120000000000008,-2.883395973,-1
1.6620000000000008,-2.936601626,-1
1.862000000000001,-2.990294642,-1
2.0120000000000013,-3.040666666,-1
2.162000000000001,-3.113495798,-1
2.4620000000000006,-3.237125,-1
2.562000000000001,-3.285680327,-1
3.112000000000001,-3.583375,-1
3.362000000000001,-3.7325,-1
3.5620000000000003,-3.885111111,-1
3.862000000000001,-4.156214765,-1
4.112000000000003,-4.336721893,-1
4.462000000000001,-4.631861635,-1
4.637636942993633,-4.799,-1
4.929500000384617,-5.099,-1
5.060394496,-5.249,-1
5.477208333750002,-5.699,-1
5.6208362073275895,-5.899,-1
5.805125000416667,-6.199,-1
5.875104839112905,-6.299,-1
6.092253623550726,-6.649,-1
6.278284404128439,-6.899,-1
6.377750000500002,-7.049,-1
6.522576924,-7.299,-1
6.623858975000002,-7.499,-1
6.724037037654322,-7.749,-1
6.774654321604939,-7.899,-1
6.803193182386363,-8.199,-1
6.80705814,-8.399,-1
6.878421569117648,-8.849,-1
6.886065421,-8.999,-1
6.876663462019233,-9.249,-1
6.883601942233011,-9.499,-1
6.827368852868855,-9.849,-1
6.733617647352944,-10.199,-1
6.667419580769232,-10.349,-1
6.495730159,-10.599,-1
6.319500000333336,-10.899,-1
6.181460228,-11.099,-1
5.948490683540375,-11.349,-1
5.712000000000001,-11.56215029,-1
5.462000000000001,-11.75033588,-1
5.212000000000001,-11.88740361,-1
4.962000000000001,-12.06535638,-1
4.712000000000001,-12.22058537,-1
4.512000000000001,-12.31775,-1
4.262000000000001,-12.39327083,-1
4.012000000000001,-12.48501695,-1
3.8120000000000003,-12.567125,-1
3.612000000000001,-12.61596891,-1
3.4120000000000017,-12.63383607,-1
3.0120000000000013,-12.71416393,-1
6.626779005801107,-10.299,-0.8
6.474053571726192,-10.699,-0.8
6.385677884855771,-10.899,-0.8
6.329702702972972,-10.999,-0.8
6.222416667,-11.149,-0.8
6.062000000000002,-11.31798148,-0.8
5.962000000000001,-11.4085,-0.8
5.512000000000001,-11.75943046,-0.8
5.162000000000002,-11.98374843,-0.8
4.912000000000002,-12.16412739,-0.8
4.662000000000002,-12.3132638,-0.8
4.362000000000001,-12.4212973,-0.8
4.112000000000001,-12.48095187,-0.8
3.9120000000000017,-12.55890566,-0.8
3.7120000000000006,-12.60813462,-0.8
3.3120000000000003,-12.6583949,-0.8
3.062000000000001,-12.67536986,-0.8
2.812000000000001,-12.67651142,-0.8
2.4620000000000006,-12.71277841,-0.8
1.9620000000000006,-12.71907042,-0.8
1.4620000000000006,-12.73055941,-0.8
0.9620000000000006,-12.72365909,-0.8
0.862,-12.70964815,-0.8
0.362,-12.56921028,-0.8
0.062000000000001165,-12.4617193,-0.8
-0.438,-12.22632301,-0.8
-0.688,-12.12374874,-0.8
-0.938,-11.96552778,-0.8
-1.388,-11.66435326,-0.8
-1.638,-11.45313669,-0.8
-1.938,-11.17973771,-0.8
-2.104235632,-10.999,-0.8
-2.170821229,-10.899,-0.8
-2.401650307,-10.599,-0.8
-2.769805556,-10.049,-0.8
-2.911289474,-9.849,-0.8
-3.028605096,-9.599,-0.8
-3.212767442,-9.299,-0.8
-3.374221591,-8.949,-0.8
-3.606513514,-8.549,-0.8
-3.744034483,-8.299,-0.8
-3.809478873,-8.149,-0.8
-3.870035176,-7.899,-0.8
-3.952583334,-7.699,-0.8
-4.046333334,-7.399,-0.8
-4.119559406,-7.099,-0.8
-4.154796875,-6.999,-0.8
-4.203725807,-6.799,-0.8
-4.21821327,-6.549,-0.8
-4.223814607,-6.299,-0.8
-4.221289474,-5.799,-0.8
-4.201517442,-5.599,-0.8
-4.127967106,-5.399,-0.8
-3.947013606,-4.999,-0.8
-3.784875,-4.699,-0.8
-3.709994536,-4.499,-0.8
-3.602786586,-4.299,-0.8
-3.493419581,-4.149,-0.8
-3.388,-4.028111842,-0.8
-3.238,-3.892965517,-0.8
-3.088,-3.793894366,-0.8
-2.888,-3.69342446,-0.8
-2.738,-3.638093959,-0.8
-2.538,-3.614816326,-0.8
-2.288,-3.649195312,-0.8
-2.138,-3.616708333,-0.8
-1.888,-3.511278106,-0.8
-1.438,-3.244212766,-0.8
-1.226675214,-3.149,-0.8
-0.938,-2.98884375,-0.8
-0.788,-2.9365,-0.8
-0.588,-2.887871951,-0.8
-0.088,-2.792965517,-0.8
0.062000000000001165,-2.775357466,-0.8
0.362,-2.769986238,-0.8
0.7120000000000006,-2.73152551,-0.8
0.9120000000000008,-2.726637614,-0.8
1.4620000000000006,-2.748418604,-0.8
1.7120000000000006,-2.768598765,-0.8
1.8120000000000012,-2.785612903,-0.8
1.9620000000000006,-2.832805031,-0.8
2.412000000000001,-3.030687898,-0.8
2.612000000000001,-3.135904762,-0.8
3.112000000000001,-3.427144654,-0.8
3.2620000000000013,-3.529345912,-0.8
3.4620000000000006,-3.69018705,-0.8
3.6303441561688325,-3.849,-0.8
3.8953870970967754,-4.149,-0.8
4.212000000000001,-4.444535714,-0.8
4.467419580769232,-4.699,-0.8
4.762000000000001,-5.022302469,-0.8
4.906270833680556,-5.199,-0.8
5.177441176764707,-5.499,-0.8
5.412000000000002,-5.76916129,-0.8
5.473128049085367,-5.849,-0.8
5.748221591193183,-6.299,-0.8
5.980467336934676,-6.649,-0.8
6.051351852160496,-6.799,-0.8
6.171394904777071,-6.999,-0.8
6.370059210855266,-7.399,-0.8
6.405965517586208,-7.499,-0.8
6.5233636366666685,-7.749,-0.8
6.586497487688445,-7.949,-0.8
6.592816831930695,-8.099,-0.8
6.624278106804735,-8.199,-0.8
6.639103960643564,-8.549,-0.8
6.682875000250003,-8.699,-0.8
6.722889570858897,-8.999,-0.8
6.704500000333334,-9.249,-0.8
6.706894366549297,-9.499,-0.8
6.690201970689656,-9.649,-0.8
6.681827586453202,-9.849,-0.8
6.641880953,-10.049,-0.8
6.626779005801107,-10.299,-0.8
0.7120000000000006,-2.68025,-0.6
1.4620000000000006,-2.679946602,-0.6
1.612000000000001,-2.693580419,-0.6
1.862000000000001,-2.7365,-0.6
2.0120000000000013,-2.784027472,-0.6
2.312000000000001,-2.920889952,-0.6
2.5120000000000013,-2.989605095,-0.6
2.812000000000001,-3.16397093,-0.6
3.062000000000001,-3.290940789,-0.6
3.2620000000000013,-3.428852941,-0.6
3.5620000000000003,-3.679640244,-0.6
3.752120968145163,-3.849,-0.6
4.362000000000001,-4.459805084,-0.6
4.537856164726029,-4.649,-0.6
4.876565217826088,-4.999,-0.6
5.096009009,-5.249,-0.6
5.324387387837839,-5.499,-0.6
5.523652542796612,-5.749,-0.6
5.693702898913046,-6.049,-0.6
5.846489051459856,-6.299,-0.6
6.017165289669422,-6.549,-0.6
6.075786765,-6.649,-0.6
6.143643356993008,-6.799,-0.6
6.230838029,-6.949,-0.6
6.4287279415441185,-7.349,-0.6
6.569581967622953,-7.649,-0.6
6.624218045488722,-7.799,-0.6
6.675489208992807,-7.999,-0.6
6.685344371192055,-8.149,-0.6
6.693918239308178,-8.499,-0.6
6.728615853963416,-8.699,-0.6
6.743353591436464,-8.999,-0.6
6.738734104335262,-9.499,-0.6
6.718335616780824,-9.799,-0.6
6.674278106804736,-10.199,-0.6
6.632260663744076,-10.399,-0.6
6.536052133,-10.649,-0.6
6.372403727018635,-10.999,-0.6
6.283744791927085,-11.149,-0.6
6.077645161612904,-11.399,-0.6
5.912000000000002,-11.56525,-0.6
5.562000000000002,-11.86226923,-0.6
5.062000000000002,-12.21733333,-0.6
4.912000000000002,-12.31779562,-0.6
4.612000000000001,-12.47079054,-0.6
4.312,-12.56232237,-0.6
4.212000000000001,-12.57992949,-0.6
3.9620000000000006,-12.66483333,-0.6
3.7620000000000013,-12.71191946,-0.6
3.162000000000001,-12.76706358,-0.6
2.812000000000001,-12.77061017,-0.6
2.312000000000001,-12.78441667,-0.6
1.5120000000000013,-12.78345946,-0.6
1.1620000000000008,-12.76945455,-0.6
0.9620000000000006,-12.75472917,-0.6
0.6620000000000008,-12.67653456,-0.6
0.46200000000000063,-12.65246715,-0.6
0.26200000000000134,-12.61005769,-0.6
-0.088,-12.50444355,-0.6
-0.188,-12.46534615,-0.6
-0.338,-12.3865,-0.6
-0.488,-12.3335339,-0.6
-0.638,-12.30595876,-0.6
-0.738,-12.26189474,-0.6
-1.038,-12.06483333,-0.6
-1.138,-11.98467708,-0.6
-1.388,-11.81630769,-0.6
-1.638,-11.60917442,-0.6
-2.069435644,-11.199,-0.6
-2.19875,-11.049,-0.6
-2.378748032,-10.749,-0.6
-2.519327161,-10.499,-0.6
-2.757494048,-10.149,-0.6
-2.977638158,-9.799,-0.6
-3.118535715,-9.599,-0.6
-3.356693694,-9.299,-0.6
-3.410544643,-9.199,-0.6
-3.52140708,-8.949,-0.6
-3.695608696,-8.649,-0.6
-3.843892857,-8.299,-0.6
-3.951757397,-7.949,-0.6
-3.997651899,-7.749,-0.6
-4.050719299,-7.449,-0.6
-4.077596274,-7.249,-0.6
-4.103725807,-7.149,-0.6
-4.151362069,-6.799,-0.6
-4.1605,-6.549,-0.6
-4.159237864,-5.999,-0.6
-4.143419581,-5.799,-0.6
-4.094632653,-5.599,-0.6
-4.05932353,-5.499,-0.6
-3.775080537,-4.949,-0.6
-3.757778481,-4.899,-0.6
-3.560841727,-4.499,-0.6
-3.407726563,-4.249,-0.6
-3.179190477,-3.999,-0.6
-3.038,-3.876097902,-0.6
-2.838,-3.742576389,-0.6
-2.638,-3.627836633,-0.6
-2.538,-3.582552631,-0.6
-2.338,-3.561278106,-0.6
-2.088,-3.5115,-0.6
-1.938,-3.466487046,-0.6
-1.788,-3.407333333,-0.6
-1.388,-3.17703398,-0.6
-0.938,-2.942367347,-0.6
-0.638,-2.829718085,-0.6
-0.388,-2.771293814,-0.6
0.062000000000001165,-2.728147465,-0.6
0.362,-2.721058823,-0.6
0.7120000000000006,-2.68025,-0.6
-1.788,-3.370412556,-0.4
-1.588,-3.265796875,-0.4
-1.388,-3.135637931,-0.4
-1.138,-2.987636363,-0.4
-0.988,-2.917995098,-0.4
-0.738,-2.786946428,-0.4
-0.588,-2.736063953,-0.4
-0.188,-2.676213541,-0.4
0.31200000000000117,-2.649961538,-0.4
0.612,-2.612262195,-0.4
0.9120000000000008,-2.611116564,-0.4
1.2120000000000006,-2.5835,-0.4
1.4620000000000006,-2.577697183,-0.4
1.8120000000000012,-2.627956834,-0.4
2.0120000000000013,-2.679037313,-0.4
2.2120000000000006,-2.7604,-0.4
2.562000000000001,-2.882811475,-0.4
2.7620000000000013,-2.985383928,-0.4
3.112000000000001,-3.179217391,-0.4
3.4120000000000017,-3.387402061,-0.4
3.612000000000001,-3.564046296,-0.4
3.7120000000000006,-3.63340594,-0.4
4.012000000000001,-3.880930693,-0.4
4.212000000000001,-4.070969696,-0.4
4.529574257920792,-4.399,-0.4
4.647679612135923,-4.549,-0.4
4.790316327040816,-4.699,-0.4
5.012000000000001,-4.886499999,-0.4
5.162000000000002,-5.023234693,-0.4
5.331250000500002,-5.199,-0.4
5.679548077403848,-5.649,-0.4
5.798778846634616,-5.849,-0.4
5.996198113679246,-6.199,-0.4
6.224128713366338,-6.549,-0.4
6.246198113679246,-6.599,-0.4
6.422750001,-6.899,-0.4
6.509164948969073,-7.099,-0.4
6.687000000450451,-7.399,-0.4
6.728176471008406,-7.499,-0.4
6.830198529779413,-7.849,-0.4
6.853666667054266,-7.999,-0.4
6.860553719421488,-8.199,-0.4
6.855518519,-8.449,-0.4
6.879968750312501,-8.949,-0.4
6.88059375,-9.249,-0.4
6.869500000333333,-9.499,-0.4
6.826779005801106,-9.749,-0.4
6.781202899,-9.949,-0.4
6.677725806720432,-10.349,-0.4
6.5731280490853665,-10.649,-0.4
6.373596385843375,-11.049,-0.4
6.282251396927376,-11.199,-0.4
6.066136691007196,-11.499,-0.4
5.938461988596493,-11.649,-0.4
5.662000000000002,-11.91050307,-0.4
5.412000000000002,-12.11464328,-0.4
5.062000000000002,-12.36408621,-0.4
4.927756302941179,-12.449,-0.4
4.712000000000001,-12.56277841,-0.4
4.562,-12.60503448,-0.4
4.412000000000002,-12.62964904,-0.4
4.212000000000001,-12.69012903,-0.4
3.862000000000001,-12.80940373,-0.4
3.5620000000000003,-12.85280435,-0.4
3.362000000000001,-12.86257143,-0.4
2.5120000000000013,-12.86744059,-0.4
2.0120000000000013,-12.86744059,-0.4
1.5120000000000013,-12.8586519,-0.4
1.112000000000001,-12.8065,-0.4
0.862,-12.76820103,-0.4
0.7620000000000013,-12.73535058,-0.4
0.612,-12.71338548,-0.4
0.4120000000000008,-12.71775,-0.4
0.062000000000001165,-12.66416393,-0.4
-0.288,-12.58441667,-0.4
-0.688,-12.514,-0.4
-0.838,-12.46180864,-0.4
-0.938,-12.41358333,-0.4
-1.388,-12.11468966,-0.4
-1.638,-11.91008871,-0.4
-1.996613446,-11.549,-0.4
-2.207301471,-11.349,-0.4
-2.297108528,-11.249,-0.4
-2.402897261,-11.099,-0.4
-2.50659375,-10.899,-0.4
-2.576225807,-10.649,-0.4
-2.616714286,-10.549,-0.4
-2.728544872,-10.349,-0.4
-2.907171779,-10.099,-0.4
-3.077583334,-9.849,-0.4
-3.188,-9.730835938,-0.4
-3.390102804,-9.549,-0.4
-3.55976259,-9.349,-0.4
-3.653425532,-9.199,-0.4
-3.769291391,-8.899,-0.4
-3.795517483,-8.849,-0.4
-3.908203489,-8.549,-0.4
-3.951088236,-8.399,-0.4
-3.969951872,-8.249,-0.4
-4.003909091,-8.099,-0.4
-4.042136691,-7.849,-0.4
-4.056125,-7.649,-0.4
-4.055639594,-7.399,-0.4
-4.071031088,-7.149,-0.4
-4.103909091,-6.849,-0.4
-4.106902439,-6.549,-0.4
-4.103909091,-6.099,-0.4
-4.096333334,-5.999,-0.4
-4.054447369,-5.749,-0.4
-3.954994382,-5.499,-0.4
-3.871563536,-5.349,-0.4
-3.559045198,-4.749,-0.4
-3.408092025,-4.499,-0.4
-3.304385135,-4.349,-0.4
-3.142233871,-4.149,-0.4
-2.938,-3.941293233,-0.4
-2.688,-3.729208333,-0.4
-2.488,-3.592965517,-0.4
-2.238,-3.483646739,-0.4
-1.788,-3.370412556,-0.4
-3.704447369,-9.249,-0.2
-3.868946602,-8.749,-0.2
-3.955639594,-8.549,-0.2
-3.994335617,-8.399,-0.2
-3.983535715,-8.199,-0.2
-4.022274194,-7.899,-0.2
-4.049596386,-7.749,-0.2
-4.074016949,-7.299,-0.2
-4.091125,-7.099,-0.2
-4.097651899,-6.899,-0.2
-4.098403727,-6.549,-0.2
-4.093105634,-6.349,-0.2
-4.058486111,-6.049,-0.2
-4.0005,-5.749,-0.2
-3.865004717,-5.449,-0.2
-3.804968912,-5.299,-0.2
-3.700053572,-5.099,-0.2
-3.553909091,-4.849,-0.2
-3.393105634,-4.599,-0.2
-3.25064881,-4.399,-0.2
-3.093105634,-4.199,-0.2
-2.888,-3.995532846,-0.2
-2.688,-3.837793103,-0.2
-2.488,-3.724487013,-0.2
-2.338,-3.669292207,-0.2
-1.738,-3.36808867,-0.2
-1.477409723,-3.199,-0.2
-1.238,-3.033274193,-0.2
-0.988,-2.914909091,-0.2
-0.688,-2.737403614,-0.2
-0.388,-2.658651898,-0.2
-0.188,-2.576542373,-0.2
-0.038,-2.538166666,-0.2
0.1620000000000008,-2.516736486,-0.2
0.46200000000000063,-2.470183206,-0.2
0.612,-2.434742187,-0.2
0.9120000000000008,-2.4316,-0.2
1.162,-2.382558558,-0.2
1.5120000000000013,-2.326197802,-0.2
1.7120000000000006,-2.326743902,-0.2
2.2120000000000006,-2.434126582,-0.2
2.5120000000000013,-2.534958903,-0.2
2.7620000000000013,-2.660301369,-0.2
2.9620000000000006,-2.737043478,-0.2
3.162000000000001,-2.839234374,-0.2
3.2620000000000013,-2.908126983,-0.2
3.5620000000000003,-3.089416666,-0.2
3.8120000000000003,-3.287559321,-0.2
3.9620000000000006,-3.425818181,-0.2
4.162,-3.640363635,-0.2
4.612000000000001,-4.080985293,-0.2
4.795219178767124,-4.299,-0.2
5.150141026282053,-4.699,-0.2
5.5383888894444455,-5.099,-0.2
5.678569768023256,-5.249,-0.2
5.877229885632187,-5.499,-0.2
6.027406977325584,-5.699,-0.2
6.122174419186048,-5.849,-0.2
6.192294118235297,-5.999,-0.2
6.426156627108436,-6.349,-0.2
6.499202382,-6.499,-0.2
6.669440476785716,-6.799,-0.2
6.726030612755104,-6.949,-0.2
6.747891089603963,-7.049,-0.2
6.870027523394497,-7.299,-0.2
6.925582677559055,-7.449,-0.2
6.979553191843974,-7.749,-0.2
6.995917197770701,-7.949,-0.2
6.990551136647729,-8.199,-0.2
6.953666666993466,-8.449,-0.2
6.995885542469883,-8.849,-0.2
7.022787671575343,-8.999,-0.2
7.015804348188406,-9.199,-0.2
6.975362069252873,-9.449,-0.2
6.931723618341711,-9.599,-0.2
6.8731280490853655,-9.749,-0.2
6.689678571683676,-10.049,-0.2
6.645750000277778,-10.149,-0.2
6.573882716358026,-10.399,-0.2
6.485538011988306,-10.599,-0.2
6.277033784121625,-10.999,-0.2
6.126115646598641,-11.249,-0.2
6.025715278125001,-11.399,-0.2
5.823948529779412,-11.649,-0.2
5.731006849657537,-11.749,-0.2
5.512000000000001,-11.95715217,-0.2
5.312000000000002,-12.11425157,-0.2
5.162000000000002,-12.21633129,-0.2
4.912000000000002,-12.36429605,-0.2
4.712000000000001,-12.46283333,-0.2
4.562,-12.51181646,-0.2
4.262000000000001,-12.58247953,-0.2
4.162000000000002,-12.61793064,-0.2
3.862000000000001,-12.68228221,-0.2
3.7620000000000013,-12.71674691,-0.2
3.5620000000000003,-12.76552047,-0.2
3.3120000000000003,-12.79766412,-0.2
3.062000000000001,-12.80313669,-0.2
2.0120000000000013,-12.80313669,-0.2
1.7620000000000013,-12.7995814,-0.2
1.4620000000000006,-12.77331319,-0.2
1.3120000000000012,-12.73085714,-0.2
1.112000000000001,-12.6896051,-0.2
0.9120000000000008,-12.66344805,-0.2
0.6620000000000008,-12.57863576,-0.2
0.31200000000000117,-12.56224627,-0.2
0.11200000000000099,-12.51610526,-0.2
-0.138,-12.43054762,-0.2
-0.438,-12.408375,-0.2
-0.688,-12.3665,-0.2
-0.838,-12.31665873,-0.2
-1.038,-12.21546825,-0.2
-1.238,-12.07881482,-0.2
-1.438,-11.96951724,-0.2
-1.588,-11.86017424,-0.2
-1.838,-11.63658278,-0.2
-1.988,-11.51531098,-0.2
-2.238,-11.28393789,-0.2
-2.399363637,-11.099,-0.2
-2.588,-10.75295833,-0.2
-2.763117925,-10.399,-0.2
-2.826403615,-10.299,-0.2
-2.938,-10.17222485,-0.2
-3.360552448,-9.749,-0.2
-3.554420119,-9.499,-0.2
-3.704447369,-9.249,-0.2
6.923551724482761,-6.799,0
7.072403727018634,-7.399,0
7.113704545833335,-7.649,0
7.123363636666668,-7.949,0
7.085928571666668,-8.199,0
7.040521126995306,-8.349,0
7.023826347604792,-8.449,0
7.048221591193184,-8.649,0
7.119500000333335,-8.899,0
7.137612745343138,-8.999,0
7.125778409374999,-9.199,0
7.0677291670138915,-9.399,0
7.028623036910996,-9.499,0
6.924719298538014,-9.699,0
6.812000000000002,-9.846574627,0
6.662000000000002,-10.00581818,0
6.596274193817206,-10.099,0
6.517419580769231,-10.349,0
6.477725806720433,-10.449,0
6.377540540810812,-10.649,0
6.261038461923078,-10.849,0
6.1320236969194335,-11.099,0
5.976583333611113,-11.349,0
5.822648148,-11.549,0
5.690159340934067,-11.699,0
5.512000000000001,-11.87603804,0
5.362000000000001,-12.00533562,0
5.212000000000001,-12.11236207,0
5.012000000000001,-12.22222222,0
4.712000000000001,-12.37028378,0
4.462000000000001,-12.46236207,0
4.362000000000001,-12.48345946,0
4.112000000000001,-12.55890566,0
3.9620000000000006,-12.58169231,0
3.6620000000000017,-12.6586519,0
3.4120000000000017,-12.71562304,0
3.2620000000000013,-12.72950239,0
2.812000000000001,-12.73481461,0
2.0120000000000013,-12.73103518,0
1.7120000000000006,-12.72293868,0
1.5620000000000012,-12.70563265,0
1.362000000000001,-12.66596891,0
1.2620000000000005,-12.63309091,0
0.9620000000000006,-12.57128774,0
0.7120000000000006,-12.47765566,0
0.612,-12.4617193,0
0.4120000000000008,-12.46036364,0
0.21200000000000063,-12.41277841,0
-0.038,-12.33071642,0
-0.288,-12.2768436,0
-0.538,-12.26416393,0
-0.738,-12.21105357,0
-0.938,-12.12489286,0
-1.238,-11.94236735,0
-1.488,-11.81627528,0
-1.788,-11.595875,0
-1.988,-11.45592568,0
-2.224755953,-11.249,0
-2.397651899,-11.049,0
-2.52019697,-10.849,0
-2.655803031,-10.649,0
-2.786664123,-10.399,0
-2.888,-10.27062577,0
-2.988,-10.17876974,0
-3.188,-10.01793382,0
-3.409289063,-9.799,0
-3.507656489,-9.649,0
-3.605884616,-9.449,0
-3.704221374,-9.149,0
-3.720024794,-9.049,0
-3.770142858,-8.899,0
-3.856371212,-8.699,0
-3.904604478,-8.549,0
-3.919150794,-8.449,0
-3.913551471,-8.199,0
-3.919976745,-8.099,0
-3.967961832,-7.849,0
-4.015255639,-7.649,0
-4.03677451,-7.349,0
-4.0446,-6.599,0
-4.0178,-6.299,0
-3.94764567,-5.949,0
-3.898433071,-5.749,0
-3.814964286,-5.549,0
-3.755810458,-5.349,0
-3.691682171,-5.199,0
-3.565138158,-4.999,0
-3.450157535,-4.799,0
-3.249754967,-4.499,0
-3.099833334,-4.299,0
-2.938,-4.125617647,0
-2.838,-4.038082278,0
-2.688,-3.939865384,0
-2.438,-3.819710784,0
-2.238,-3.715269841,0
-2.088,-3.618973545,0
-1.738,-3.336237762,0
-1.538,-3.184638298,0
-1.188,-2.942164062,0
-0.938,-2.817914473,0
-0.688,-2.673681528,0
-0.388,-2.555481481,0
-0.138,-2.427645833,0
0.1620000000000008,-2.334,0
0.5620000000000012,-2.238102564,0
0.6620000000000008,-2.225875,0
0.862,-2.225282051,0
1.0120000000000013,-2.190590909,0
1.362000000000001,-2.086,0
1.612000000000001,-2.038423077,0
1.7120000000000006,-2.027860294,0
1.862000000000001,-2.03726923,0
2.062000000000001,-2.078423077,0
2.162000000000001,-2.115463414,0
2.362000000000001,-2.165992187,0
2.5120000000000013,-2.191943548,0
2.612000000000001,-2.233055118,0
2.7620000000000013,-2.316584745,0
3.2120000000000006,-2.482914728,0
3.3120000000000003,-2.530653225,0
3.6620000000000017,-2.741954545,0
3.862000000000001,-2.879309734,0
4.111999999999999,-3.098175824,0
4.362280899438203,-3.349,0
4.626663462019233,-3.649,0
4.742238095714288,-3.799,0
5.0760625,-4.199,0
5.272991379741382,-4.449,0
5.341958678099174,-4.549,0
5.506362745588237,-4.749,0
5.640937008267717,-4.899,0
5.970811475819674,-5.249,0
6.118889764,-5.449,0
6.329429577816902,-5.749,0
6.625246269029854,-6.199,0
6.822261194402986,-6.549,0
6.923551724482761,-6.799,0
-3.508663266,-5.299, 0.1999999999999993
-3.200304688,-4.649, 0.1999999999999993
-3.055810458,-4.399, 0.1999999999999993
-2.862568966,-4.149, 0.1999999999999993
-2.665470931,-3.949, 0.1999999999999993
-2.538,-3.837734568, 0.1999999999999993
-2.238,-3.604672268, 0.1999999999999993
-2.066982301,-3.449, 0.1999999999999993
-1.738,-3.12450505, 0.1999999999999993
-1.638,-3.033114583, 0.1999999999999993
-1.388,-2.835337209, 0.1999999999999993
-1.238,-2.727055555, 0.1999999999999993
-0.788,-2.49522093, 0.1999999999999993
-0.638,-2.431107843, 0.1999999999999993
-0.438,-2.367119266, 0.1999999999999993
-0.038,-2.183110169, 0.1999999999999993
0.21200000000000152,-2.083345794, 0.1999999999999993
0.4120000000000008,-2.033813084, 0.1999999999999993
0.7120000000000006,-2.002125, 0.1999999999999993
1.0120000000000013,-1.977830645, 0.1999999999999993
1.2120000000000006,-1.942992248, 0.1999999999999993
1.4620000000000006,-1.928918033, 0.1999999999999993
1.7120000000000006,-1.927004807, 0.1999999999999993
1.9120000000000008,-1.938596273, 0.1999999999999993
2.062000000000001,-1.977966346, 0.1999999999999993
2.2620000000000013,-2.062778409, 0.1999999999999993
2.562000000000001,-2.133836065, 0.1999999999999993
2.812000000000001,-2.225219512, 0.1999999999999993
3.112000000000001,-2.371635135, 0.1999999999999993
3.362000000000001,-2.480403941, 0.1999999999999993
3.5620000000000003,-2.614909091, 0.1999999999999993
3.9120000000000017,-2.834416666, 0.1999999999999993
4.112000000000001,-2.988110429, 0.1999999999999993
4.396902597727274,-3.249, 0.1999999999999993
4.612000000000001,-3.467377483, 0.1999999999999993
4.870639706,-3.749, 0.1999999999999993
5.071965035314688,-3.999, 0.1999999999999993
5.180825301506025,-4.149, 0.1999999999999993
5.3436011238764065,-4.399, 0.1999999999999993
5.674936046802327,-4.849, 0.1999999999999993
5.902865384935898,-5.199, 0.1999999999999993
6.054218543377485,-5.399, 0.1999999999999993
6.329255435054349,-5.749, 0.1999999999999993
6.470059210855266,-5.949, 0.1999999999999993
6.682420792326734,-6.299, 0.1999999999999993
6.812961538846156,-6.549, 0.1999999999999993
6.928623036910996,-6.799, 0.1999999999999993
6.981929245518869,-6.999, 0.1999999999999993
7.046646739402175,-7.449, 0.1999999999999993
7.076972527747254,-7.549, 0.1999999999999993
7.094196969949498,-7.699, 0.1999999999999993
7.0957301589947095,-7.899, 0.1999999999999993
7.072648148,-8.199, 0.1999999999999993
7.038037344605809,-8.449, 0.1999999999999993
7.048016949,-8.599, 0.1999999999999993
7.075362069252873,-8.799, 0.1999999999999993
7.082384615641028,-8.999, 0.1999999999999993
7.034500000263159,-9.299, 0.1999999999999993
6.971134616,-9.499, 0.1999999999999993
6.928168478532609,-9.599, 0.1999999999999993
6.820603896428572,-9.799, 0.1999999999999993
6.658875000367648,-10.049, 0.1999999999999993
6.606270833680557,-10.199, 0.1999999999999993
6.575150289,-10.349, 0.1999999999999993
6.533675532180852,-10.449, 0.1999999999999993
6.291601227300615,-10.949, 0.1999999999999993
6.227939597651008,-11.099, 0.1999999999999993
6.078493055902778,-11.349, 0.1999999999999993
5.927036232246377,-11.549, 0.1999999999999993
5.762000000000003,-11.73316031, 0.1999999999999993
5.462000000000001,-12.01980645, 0.1999999999999993
5.262000000000001,-12.16454487, 0.1999999999999993
5.162000000000002,-12.22238235, 0.1999999999999993
4.762000000000001,-12.42659146, 0.1999999999999993
4.562,-12.51763636, 0.1999999999999993
4.062,-12.66833962, 0.1999999999999993
3.9120000000000017,-12.68289571, 0.1999999999999993
3.7120000000000006,-12.71693785, 0.1999999999999993
3.5620000000000003,-12.73051596, 0.1999999999999993
3.4120000000000017,-12.76579688, 0.1999999999999993
3.3120000000000003,-12.77519617, 0.1999999999999993
3.062000000000001,-12.77156944, 0.1999999999999993
2.812000000000001,-12.77725581, 0.1999999999999993
2.5120000000000013,-12.77123502, 0.1999999999999993
2.2620000000000013,-12.75378723, 0.1999999999999993
2.062000000000001,-12.75410563, 0.1999999999999993
1.6620000000000008,-12.68009756, 0.1999999999999993
1.4620000000000006,-12.67921327, 0.1999999999999993
1.2620000000000013,-12.66277841, 0.1999999999999993
0.9620000000000006,-12.61596891, 0.1999999999999993
0.7120000000000006,-12.5403961, 0.1999999999999993
0.612,-12.52471023, 0.1999999999999993
0.4120000000000008,-12.52879651, 0.1999999999999993
0.31200000000000117,-12.51683537, 0.1999999999999993
0.11200000000000099,-12.46637013, 0.1999999999999993
0.012000000000001343,-12.43045161, 0.1999999999999993
-0.188,-12.38065584, 0.1999999999999993
-0.388,-12.36246154, 0.1999999999999993
-0.638,-12.32143976, 0.1999999999999993
-0.788,-12.26199342, 0.1999999999999993
-1.038,-12.10410563, 0.1999999999999993
-1.188,-11.98740361, 0.1999999999999993
-1.323526316,-11.899, 0.1999999999999993
-1.638,-11.71454054, 0.1999999999999993
-1.938,-11.51358333, 0.1999999999999993
-2.07803268,-11.399, 0.1999999999999993
-2.238,-11.25313669, 0.1999999999999993
-2.338,-11.14374638, 0.1999999999999993
-2.652583334,-10.599, 0.1999999999999993
-2.723533708,-10.349, 0.1999999999999993
-2.768454546,-10.249, 0.1999999999999993
-2.8602,-10.099, 0.1999999999999993
-3.149328126,-9.599, 0.1999999999999993
-3.199328126,-9.499, 0.1999999999999993
-3.297920636,-9.199, 0.1999999999999993
-3.332841271,-9.049, 0.1999999999999993
-3.421467743,-8.799, 0.1999999999999993
-3.554538462,-8.499, 0.1999999999999993
-3.574785715,-8.399, 0.1999999999999993
-3.587652778,-8.199, 0.1999999999999993
-3.649217949,-7.899, 0.1999999999999993
-3.67376389,-7.699, 0.1999999999999993
-3.676214286,-7.549, 0.1999999999999993
-3.693597016,-7.349, 0.1999999999999993
-3.690777779,-6.649, 0.1999999999999993
-3.64519697,-6.249, 0.1999999999999993
-3.643821918,-6.049, 0.1999999999999993
-3.601202248,-5.699, 0.1999999999999993
-3.508663266,-5.299, 0.1999999999999993
7.086246231407036,-8.699, 0.3999999999999986
6.980283582338312,-9.249, 0.3999999999999986
6.929803030555557,-9.449, 0.3999999999999986
6.744196969949496,-9.899, 0.3999999999999986
6.696274193817206,-10.049, 0.3999999999999986
6.6291391755154665,-10.399, 0.3999999999999986
6.5771639346994535,-10.549, 0.3999999999999986
6.443586021774194,-10.849, 0.3999999999999986
6.379916666944445,-11.049, 0.3999999999999986
6.279921687048193,-11.249, 0.3999999999999986
6.180140244,-11.399, 0.3999999999999986
6.0201597225694465,-11.599, 0.3999999999999986
5.812000000000002,-11.83443166, 0.3999999999999986
5.693514084859157,-11.949, 0.3999999999999986
5.562000000000002,-12.05766013, 0.3999999999999986
5.262000000000001,-12.2682623, 0.3999999999999986
4.962000000000001,-12.42591327, 0.3999999999999986
4.712000000000001,-12.56580328, 0.3999999999999986
4.612000000000001,-12.6083949, 0.3999999999999986
4.362000000000001,-12.68584971, 0.3999999999999986
4.162000000000002,-12.76526984, 0.3999999999999986
3.862000000000001,-12.81397253, 0.3999999999999986
3.4120000000000017,-12.82327083, 0.3999999999999986
2.562000000000001,-12.82317012, 0.3999999999999986
2.312000000000001,-12.78290957, 0.3999999999999986
2.062000000000001,-12.78009756, 0.3999999999999986
1.9620000000000006,-12.77002273, 0.3999999999999986
1.862000000000001,-12.73273016, 0.3999999999999986
1.6620000000000008,-12.68694643, 0.3999999999999986
1.4620000000000006,-12.69919531, 0.3999999999999986
1.2120000000000006,-12.69296552, 0.3999999999999986
0.9120000000000008,-12.67309502, 0.3999999999999986
0.612,-12.62744828, 0.3999999999999986
0.4120000000000008,-12.62834783, 0.3999999999999986
0.1620000000000008,-12.61012805, 0.3999999999999986
-0.138,-12.53267052, 0.3999999999999986
-0.338,-12.51059639, 0.3999999999999986
-0.538,-12.46358333, 0.3999999999999986
-0.688,-12.41277841, 0.3999999999999986
-0.888,-12.31930387, 0.3999999999999986
-1.038,-12.20841781, 0.3999999999999986
-1.338,-11.9415, 0.3999999999999986
-1.488,-11.84266438, 0.3999999999999986
-1.738,-11.71511446, 0.3999999999999986
-1.888,-11.61714024, 0.3999999999999986
-2.088,-11.45966434, 0.3999999999999986
-2.297760274,-11.249, 0.3999999999999986
-2.411108108,-11.099, 0.3999999999999986
-2.608502646,-10.699, 0.3999999999999986
-2.658365854,-10.549, 0.3999999999999986
-2.682894367,-10.299, 0.3999999999999986
-2.756125,-10.049, 0.3999999999999986
-2.76679902,-9.949, 0.3999999999999986
-2.883212766,-9.649, 0.3999999999999986
-2.957701087,-9.499, 0.3999999999999986
-3.024976048,-9.199, 0.3999999999999986
-3.104203704,-8.949, 0.3999999999999986
-3.132894367,-8.799, 0.3999999999999986
-3.178625,-8.649, 0.3999999999999986
-3.253833334,-8.499, 0.3999999999999986
-3.309141976,-8.349, 0.3999999999999986
-3.35791018,-8.149, 0.3999999999999986
-3.392136691,-7.899, 0.3999999999999986
-3.402772728,-7.349, 0.3999999999999986
-3.402215687,-6.849, 0.3999999999999986
-3.3805,-6.499, 0.3999999999999986
-3.35267742,-6.349, 0.3999999999999986
-3.35344586,-6.249, 0.3999999999999986
-3.3805,-6.049, 0.3999999999999986
-3.363943397,-5.749, 0.3999999999999986
-3.305045455,-5.399, 0.3999999999999986
-3.249206897,-5.199, 0.3999999999999986
-3.159141976,-4.949, 0.3999999999999986
-3.029047298,-4.649, 0.3999999999999986
-2.95534375,-4.449, 0.3999999999999986
-2.900993421,-4.349, 0.3999999999999986
-2.652053255,-3.949, 0.3999999999999986
-2.540777778,-3.799, 0.3999999999999986
-2.238,-3.417843283, 0.3999999999999986
-1.957055944,-3.099, 0.3999999999999986
-1.738,-2.862461538, 0.3999999999999986
-1.438,-2.586015503, 0.3999999999999986
-1.288,-2.487333333, 0.3999999999999986
-1.088,-2.379809859, 0.3999999999999986
-0.888,-2.282620689, 0.3999999999999986
-0.738,-2.231284768, 0.3999999999999986
-0.488,-2.159658914, 0.3999999999999986
-0.188,-2.061050359, 0.3999999999999986
0.1620000000000008,-1.880655844, 0.3999999999999986
0.31200000000000117,-1.834032894, 0.3999999999999986
0.4120000000000008,-1.819751634, 0.3999999999999986
0.6620000000000008,-1.813261745, 0.3999999999999986
0.9120000000000008,-1.796574626, 0.3999999999999986
1.1620000000000008,-1.800335877, 0.3999999999999986
1.612000000000001,-1.856781457, 0.3999999999999986
1.9120000000000008,-1.885428571, 0.3999999999999986
2.112000000000001,-1.940940789, 0.3999999999999986
2.312000000000001,-2.017915344, 0.3999999999999986
2.612000000000001,-2.10915625, 0.3999999999999986
2.7120000000000006,-2.129384615, 0.3999999999999986
2.862000000000001,-2.190396104, 0.3999999999999986
3.162000000000001,-2.356214765, 0.3999999999999986
3.4120000000000017,-2.483478022, 0.3999999999999986
3.9620000000000006,-2.835221591, 0.3999999999999986
4.312,-3.083090909, 0.3999999999999986
4.4451597225694455,-3.199, 0.3999999999999986
4.818144068220341,-3.549, 0.3999999999999986
4.962000000000001,-3.703318181, 0.3999999999999986
5.126568345683455,-3.899, 0.3999999999999986
5.232292208116886,-4.049, 0.3999999999999986
5.4411401277070075,-4.399, 0.3999999999999986
5.629636986643837,-4.649, 0.3999999999999986
5.7234436623239455,-4.799, 0.3999999999999986
5.943287425449104,-5.249, 0.3999999999999986
6.0979271526490075,-5.449, 0.3999999999999986
6.2261156465986405,-5.599, 0.3999999999999986
6.371563758724833,-5.799, 0.3999999999999986
6.572284810443041,-6.099, 0.3999999999999986
6.7305233163212455,-6.399, 0.3999999999999986
6.793760204336736,-6.549, 0.3999999999999986
6.934976190714287,-6.849, 0.3999999999999986
6.978968912176167,-6.999, 0.3999999999999986
7.025362069252874,-7.249, 0.3999999999999986
7.038092233252429,-7.399, 0.3999999999999986
7.084156398341233,-7.649, 0.3999999999999986
7.095909574734043,-7.949, 0.3999999999999986
7.086246231407036,-8.699, 0.3999999999999986
-0.938,-2.238110429, 0.5999999999999979
-0.438,-2.028497354, 0.5999999999999979
-0.188,-1.958651898, 0.5999999999999979
0.26200000000000134,-1.791785235, 0.5999999999999979
0.46200000000000063,-1.745532846, 0.5999999999999979
0.9120000000000008,-1.743894366, 0.5999999999999979
1.1620000000000008,-1.748038461, 0.5999999999999979
1.5120000000000013,-1.794863309, 0.5999999999999979
1.7120000000000006,-1.794863309, 0.5999999999999979
2.062000000000001,-1.828305555, 0.5999999999999979
2.2620000000000013,-1.88540625, 0.5999999999999979
2.4620000000000006,-1.961735849, 0.5999999999999979
2.7120000000000006,-2.029263158, 0.5999999999999979
2.862000000000001,-2.091346938, 0.5999999999999979
3.2120000000000006,-2.28329878, 0.5999999999999979
3.4620000000000006,-2.430911764, 0.5999999999999979
4.012,-2.792367347, 0.5999999999999979
4.362000000000001,-3.028454023, 0.5999999999999979
4.762000000000001,-3.330607142, 0.5999999999999979
4.9512201839449554,-3.499, 0.5999999999999979
5.183946565267177,-3.749, 0.5999999999999979
5.325992537686569,-3.949, 0.5999999999999979
5.590543307480316,-4.349, 0.5999999999999979
5.823238532568809,-4.649, 0.5999999999999979
5.980632075943396,-4.899, 0.5999999999999979
6.096438776020411,-5.149, 0.5999999999999979
6.191846939285717,-5.299, 0.5999999999999979
6.278089109405941,-5.399, 0.5999999999999979
6.421198113679247,-5.599, 0.5999999999999979
6.592343511832062,-5.899, 0.5999999999999979
6.685731884420291,-6.049, 0.5999999999999979
6.790821656369428,-6.299, 0.5999999999999979
7.034546012576688,-6.849, 0.5999999999999979
7.125149350974026,-7.149, 0.5999999999999979
7.146748427987423,-7.399, 0.5999999999999979
7.177781250312502,-7.549, 0.5999999999999979
7.219014388848923,-7.949, 0.5999999999999979
7.224062937412589,-8.199, 0.5999999999999979
7.219962963333335,-8.649, 0.5999999999999979
7.180829114240507,-8.849, 0.5999999999999979
7.091166666954025,-9.099, 0.5999999999999979
6.974719298538013,-9.449, 0.5999999999999979
6.882875000250002,-9.699, 0.5999999999999979
6.749280702046785,-9.999, 0.5999999999999979
6.695730158994711,-10.199, 0.5999999999999979
6.682890411187217,-10.299, 0.5999999999999979
6.500871951524393,-10.749, 0.5999999999999979
6.454218543377485,-10.899, 0.5999999999999979
6.430750000245099,-11.049, 0.5999999999999979
6.367105634154929,-11.199, 0.5999999999999979
6.224500000294118,-11.399, 0.5999999999999979
5.970603896428574,-11.699, 0.5999999999999979
5.712000000000001,-11.95592568, 0.5999999999999979
5.562000000000002,-12.06630769, 0.5999999999999979
5.212000000000001,-12.30592568, 0.5999999999999979
4.912000000000002,-12.43563793, 0.5999999999999979
4.662000000000002,-12.57234123, 0.5999999999999979
4.512000000000001,-12.61696482, 0.5999999999999979
4.212000000000001,-12.6800567, 0.5999999999999979
3.9120000000000017,-12.76472581, 0.5999999999999979
3.8120000000000003,-12.77509223, 0.5999999999999979
3.362000000000001,-12.78255263, 0.5999999999999979
2.562000000000001,-12.78040394, 0.5999999999999979
2.2620000000000013,-12.75177778, 0.5999999999999979
2.062000000000001,-12.74996154, 0.5999999999999979
1.862000000000001,-12.71544737, 0.5999999999999979
1.7620000000000013,-12.68383607, 0.5999999999999979
1.6620000000000008,-12.67837788, 0.5999999999999979
1.4120000000000008,-12.70280435, 0.5999999999999979
1.2120000000000006,-12.70142537, 0.5999999999999979
0.862,-12.66236207, 0.5999999999999979
0.7620000000000013,-12.63522159, 0.5999999999999979
0.5120000000000013,-12.60787097, 0.5999999999999979
0.21200000000000063,-12.56597368, 0.5999999999999979
0.062000000000001165,-12.53255615, 0.5999999999999979
-0.188,-12.49296552, 0.5999999999999979
-0.438,-12.47159174, 0.5999999999999979
-0.888,-12.35678146, 0.5999999999999979
-0.988,-12.31036364, 0.5999999999999979
-1.388,-12.02605696, 0.5999999999999979
-1.538,-11.93903623, 0.5999999999999979
-1.788,-11.81986207, 0.5999999999999979
-1.938,-11.72085315, 0.5999999999999979
-2.088,-11.60429661, 0.5999999999999979
-2.238,-11.46866912, 0.5999999999999979
-2.391991597,-11.299, 0.5999999999999979
-2.508578232,-11.149, 0.5999999999999979
-2.651811189,-10.899, 0.5999999999999979
-2.750586207,-10.649, 0.5999999999999979
-2.783072993,-10.349, 0.5999999999999979
-2.818427632,-10.149, 0.5999999999999979
-2.864992754,-9.949, 0.5999999999999979
-2.980777778,-9.599, 0.5999999999999979
-3.004379311,-9.549, 0.5999999999999979
-3.019862745,-9.349, 0.5999999999999979
-3.067272152,-9.149, 0.5999999999999979
-3.103522876,-9.049, 0.5999999999999979
-3.15596875,-8.849, 0.5999999999999979
-3.169487342,-8.749, 0.5999999999999979
-3.296333334,-8.399, 0.5999999999999979
-3.347394905,-8.199, 0.5999999999999979
-3.372274194,-7.899, 0.5999999999999979
-3.372836066,-6.899, 0.5999999999999979
-3.352779006,-6.349, 0.5999999999999979
-3.360584541,-6.049, 0.5999999999999979
-3.308070423,-5.699, 0.5999999999999979
-3.26821327,-5.549, 0.5999999999999979
-3.20778673,-5.249, 0.5999999999999979
-3.147394905,-5.099, 0.5999999999999979
-2.811691861,-4.399, 0.5999999999999979
-2.610687862,-4.049, 0.5999999999999979
-2.317211957,-3.599, 0.5999999999999979
-2.144335617,-3.299, 0.5999999999999979
-1.998889571,-3.099, 0.5999999999999979
-1.788,-2.873578651, 0.5999999999999979
-1.488,-2.590666666, 0.5999999999999979
-1.338,-2.484027472, 0.5999999999999979
-0.938,-2.238110429, 0.5999999999999979
0.362,-1.729649038, 0.8000000000000007
1.2120000000000006,-1.724760869, 0.8000000000000007
1.4620000000000006,-1.729946602, 0.8000000000000007
1.9620000000000006,-1.725207729, 0.8000000000000007
2.112000000000001,-1.742664383, 0.8000000000000007
2.2620000000000013,-1.776763158, 0.8000000000000007
2.5120000000000013,-1.871066326, 0.8000000000000007
2.7620000000000013,-1.938596273, 0.8000000000000007
2.862000000000001,-1.986721893, 0.8000000000000007
3.062000000000001,-2.114725806, 0.8000000000000007
3.2620000000000013,-2.232552631, 0.8000000000000007
3.6620000000000017,-2.486280701, 0.8000000000000007
3.9120000000000017,-2.658394904, 0.8000000000000007
4.112000000000001,-2.782730158, 0.8000000000000007
4.362000000000001,-2.95988957, 0.8000000000000007
4.896200000400001,-3.299, 0.8000000000000007
5.075562091830066,-3.449, 0.8000000000000007
5.262000000000001,-3.649198412, 0.8000000000000007
5.446646739402175,-3.949, 0.8000000000000007
5.5495000002941195,-4.099, 0.8000000000000007
5.709932331203009,-4.299, 0.8000000000000007
5.966787234397164,-4.599, 0.8000000000000007
6.223274510130719,-4.949, 0.8000000000000007
6.3889578316265085,-5.249, 0.8000000000000007
6.5745,-5.549, 0.8000000000000007
6.690188775765308,-5.799, 0.8000000000000007
6.812000000000002,-6.044923913, 0.8000000000000007
6.897818713742692,-6.299, 0.8000000000000007
6.997213414939025,-6.549, 0.8000000000000007
7.131642857417584,-6.849, 0.8000000000000007
7.178807909887008,-6.999, 0.8000000000000007
7.217729167,-7.199, 0.8000000000000007
7.242803571726191,-7.449, 0.8000000000000007
7.273826347604792,-7.599, 0.8000000000000007
7.2903602153225835,-7.749, 0.8000000000000007
7.325983051129945,-7.949, 0.8000000000000007
7.335292683170732,-8.199, 0.8000000000000007
7.328090425797872,-8.449, 0.8000000000000007
7.333551724384237,-8.649, 0.8000000000000007
7.3186326534013615,-8.749, 0.8000000000000007
7.127909091176471,-9.249, 0.8000000000000007
7.005367347278912,-9.499, 0.8000000000000007
6.9245000002941195,-9.749, 0.8000000000000007
6.801110429754602,-9.999, 0.8000000000000007
6.743097561219511,-10.149, 0.8000000000000007
6.6838609867712995,-10.349, 0.8000000000000007
6.542213270379148,-10.649, 0.8000000000000007
6.470059210855266,-10.949, 0.8000000000000007
6.424936046802327,-11.099, 0.8000000000000007
6.372648148456791,-11.199, 0.8000000000000007
6.229038216878982,-11.399, 0.8000000000000007
5.962000000000001,-11.68215217, 0.8000000000000007
5.791963235661766,-11.849, 0.8000000000000007
5.662000000000002,-11.95946099, 0.8000000000000007
5.512000000000001,-12.06690323, 0.8000000000000007
5.212000000000001,-12.25657042, 0.8000000000000007
4.912000000000002,-12.38258896, 0.8000000000000007
4.612000000000001,-12.52001648, 0.8000000000000007
4.462000000000001,-12.56693194, 0.8000000000000007
4.112000000000001,-12.63273016, 0.8000000000000007
4.012000000000001,-12.66358333, 0.8000000000000007
3.7120000000000006,-12.71993301, 0.8000000000000007
3.362000000000001,-12.7393481, 0.8000000000000007
3.062000000000001,-12.72926316, 0.8000000000000007
2.562000000000001,-12.72888095, 0.8000000000000007
2.2120000000000006,-12.70378723, 0.8000000000000007
2.0120000000000013,-12.70346429, 0.8000000000000007
1.7120000000000006,-12.6915, 0.8000000000000007
1.2120000000000006,-12.69266438, 0.8000000000000007
0.9620000000000006,-12.66472581, 0.8000000000000007
0.7120000000000006,-12.61596891, 0.8000000000000007
0.46200000000000063,-12.55813462, 0.8000000000000007
0.1620000000000008,-12.48040394, 0.8000000000000007
-0.138,-12.43383607, 0.8000000000000007
-0.438,-12.42118468, 0.8000000000000007
-0.638,-12.40563265, 0.8000000000000007
-0.838,-12.36562304, 0.8000000000000007
-1.138,-12.26298305, 0.8000000000000007
-1.488,-12.07847761, 0.8000000000000007
-1.738,-11.96981152, 0.8000000000000007
-1.988,-11.80922727, 0.8000000000000007
-2.223583942,-11.599, 0.8000000000000007
-2.438,-11.37485616, 0.8000000000000007
-2.545269504,-11.249, 0.8000000000000007
-2.651216561,-11.099, 0.8000000000000007
-2.704617647,-10.999, 0.8000000000000007
-2.857430693,-10.649, 0.8000000000000007
-2.9005,-10.499, 0.8000000000000007
-2.918298913,-10.349, 0.8000000000000007
-2.97596875,-10.099, 0.8000000000000007
-3.095263514,-9.799, 0.8000000000000007
-3.160604791,-9.599, 0.8000000000000007
-3.19006767,-9.449, 0.8000000000000007
-3.221181818,-9.149, 0.8000000000000007
-3.266038674,-8.949, 0.8000000000000007
-3.351362069,-8.649, 0.8000000000000007
-3.443419581,-8.149, 0.8000000000000007
-3.452385475,-7.899, 0.8000000000000007
-3.448648148,-7.649, 0.8000000000000007
-3.457538835,-7.349, 0.8000000000000007
-3.455063492,-6.599, 0.8000000000000007
-3.441467154,-6.099, 0.8000000000000007
-3.407375,-5.899, 0.8000000000000007
-3.354623037,-5.699, 0.8000000000000007
-3.199826348,-5.249, 0.8000000000000007
-2.903909091,-4.699, 0.8000000000000007
-2.786295455,-4.499, 0.8000000000000007
-2.65547449,-4.249, 0.8000000000000007
-2.374221591,-3.799, 0.8000000000000007
-2.265132702,-3.599, 0.8000000000000007
-2.195214765,-3.399, 0.8000000000000007
-2.052970931,-3.149, 0.8000000000000007
-1.938,-3.010833333, 0.8000000000000007
-1.669363637,-2.749, 0.8000000000000007
-1.538,-2.638351852, 0.8000000000000007
-1.338,-2.488110429, 0.8000000000000007
-1.038,-2.281106599, 0.8000000000000007
-0.888,-2.185016949, 0.8000000000000007
-0.488,-1.978084158, 0.8000000000000007
-0.388,-1.933836065, 0.8000000000000007
-0.188,-1.880559406, 0.8000000000000007
0.11200000000000099,-1.815623036, 0.8000000000000007
0.362,-1.729649038, 0.8000000000000007
1.2620000000000013,-12.65890566,1
0.7620000000000013,-12.61728358,1
0.5620000000000012,-12.58273016,1
0.4120000000000008,-12.56759606,1
0.1620000000000008,-12.51490909,1
-0.038,-12.43717365,1
-0.238,-12.38763636,1
-0.488,-12.367125,1
-0.688,-12.30988957,1
-0.938,-12.22154601,1
-1.288,-12.05670677,1
-1.638,-11.86751145,1
-1.788,-11.76895798,1
-1.988,-11.60155682,1
-2.093397728,-11.499,1
-2.357554456,-11.199,1
-2.49725,-10.999,1
-2.751586957,-10.599,1
-2.891804348,-10.299,1
-3.156596059,-9.649,1
-3.201362069,-9.499,1
-3.219559406,-9.199,1
-3.250278107,-8.949,1
-3.284195653,-8.599,1
-3.326871952,-8.349,1
-3.402385475,-8.099,1
-3.457350962,-7.849,1
-3.473027473,-7.549,1
-3.508210281,-7.099,1
-3.508486111,-6.349,1
-3.499128049,-6.049,1
-3.448889571,-5.749,1
-3.40887766,-5.599,1
-3.352766082,-5.449,1
-3.275946429,-5.299,1
-3.147394905,-4.999,1
-2.968307263,-4.699,1
-2.772171598,-4.349,1
-2.694335617,-4.199,1
-2.526425926,-3.949,1
-2.470714286,-3.849,1
-2.369289308,-3.599,1
-2.309875,-3.399,1
-2.19994853,-3.199,1
-2.047179688,-2.999,1
-1.938,-2.890098484,1
-1.638,-2.638569536,1
-1.488,-2.529307262,1
-1.288,-2.413779005,1
-0.952717742,-2.199,1
-0.638,-2.050704545,1
-0.438,-1.939348101,1
-0.288,-1.889348101,1
-0.038,-1.855632653,1
0.1620000000000008,-1.81680303,1
0.3620000000000001,-1.732552631,1
0.46200000000000063,-1.719756881,1
0.7120000000000006,-1.709648148,1
0.9620000000000006,-1.677977272,1
1.9620000000000006,-1.676422907,1
2.162000000000001,-1.693270833,1
2.312000000000001,-1.734814606,1
2.562000000000001,-1.863185393,1
2.7620000000000013,-1.934220994,1
2.912000000000001,-2.036721893,1
3.112000000000001,-2.208703947,1
3.2620000000000013,-2.320366279,1
3.4120000000000017,-2.418040697,1
3.612000000000001,-2.530804733,1
3.9120000000000017,-2.734509554,1
4.162000000000002,-2.911096774,1
4.362000000000001,-3.040778523,1
4.562,-3.187204225,1
4.884787611,-3.449,1
5.062000000000002,-3.61573913,1
5.231244605,-3.799,1
5.376897260616439,-3.999,1
5.5487021280141855,-4.249,1
5.849276786160716,-4.649,1
6.064927928,-4.899,1
6.176208633,-5.049,1
6.346500000333335,-5.349,1
6.382292208116884,-5.399,1
6.484986577516779,-5.599,1
6.67978169,-6.049,1
6.749873134701494,-6.349,1
6.801314516532259,-6.499,1
6.974715517672416,-6.949,1
7.027697674806203,-7.149,1
7.032600000400001,-7.349,1
7.124190083057852,-7.749,1
7.168026786160714,-8.099,1
7.174090164344263,-8.199,1
7.1729504136363635,-8.699,1
7.125111888461542,-8.949,1
7.075819876086958,-9.149,1
7.001351852160494,-9.399,1
6.928623036910996,-9.799,1
6.803666666993466,-10.049,1
6.678269841534392,-10.399,1
6.579307692564105,-10.599,1
6.441625000250002,-10.849,1
6.368335616780823,-10.999,1
6.276464286071431,-11.149,1
6.112000000000001,-11.33518421,1
5.849268518981481,-11.599,1
5.662000000000002,-11.76904132,1
5.462000000000001,-11.915875,1
5.212000000000001,-12.06395536,1
5.162000000000002,-12.08390991,1
4.862000000000001,-12.26325926,1
4.512000000000001,-12.45280435,1
4.362000000000001,-12.52070051,1
4.012000000000001,-12.61318539,1
3.7620000000000013,-12.65621477,1
3.612000000000001,-12.67078571,1
3.3120000000000003,-12.67338726,1
2.562000000000001,-12.67184689,1
2.2120000000000006,-12.65890566,1
1.2620000000000013,-12.65890566,1
5.012000000000001,-11.9328, 1.1999999999999993
4.762000000000001,-12.15442453, 1.1999999999999993
4.612000000000001,-12.27076259, 1.1999999999999993
4.462000000000001,-12.36168939, 1.1999999999999993
4.262000000000001,-12.46114789, 1.1999999999999993
4.112000000000001,-12.51614744, 1.1999999999999993
3.862000000000001,-12.56858599, 1.1999999999999993
3.5620000000000003,-12.57838312, 1.1999999999999993
2.812000000000001,-12.5806358, 1.1999999999999993
2.0120000000000013,-12.5893481, 1.1999999999999993
1.5120000000000013,-12.58695732, 1.1999999999999993
1.2120000000000006,-12.60033588, 1.1999999999999993
0.6620000000000017,-12.59358042, 1.1999999999999993
0.4120000000000008,-12.58237696, 1.1999999999999993
0.26200000000000134,-12.55988957, 1.1999999999999993
-0.188,-12.39066667, 1.1999999999999993
-0.338,-12.36744059, 1.1999999999999993
-0.488,-12.31663959, 1.1999999999999993
-0.788,-12.17652404, 1.1999999999999993
-0.938,-12.11535135, 1.1999999999999993
-1.238,-11.96426163, 1.1999999999999993
-1.488,-11.81620588, 1.1999999999999993
-1.688,-11.67018902, 1.1999999999999993
-1.938,-11.43067808, 1.1999999999999993
-2.103582192,-11.249, 1.1999999999999993
-2.318095542,-10.949, 1.1999999999999993
-2.604833334,-10.599, 1.1999999999999993
-2.907861111,-10.149, 1.1999999999999993
-3.007615385,-9.949, 1.1999999999999993
-3.07994079,-9.749, 1.1999999999999993
-3.148648148,-9.599, 1.1999999999999993
-3.180218543,-9.449, 1.1999999999999993
-3.209283784,-8.749, 1.1999999999999993
-3.224428572,-8.599, 1.1999999999999993
-3.2755,-8.349, 1.1999999999999993
-3.319559406,-8.199, 1.1999999999999993
-3.404090426,-7.999, 1.1999999999999993
-3.454623037,-7.849, 1.1999999999999993
-3.4955,-7.599, 1.1999999999999993
-3.523416667,-7.249, 1.1999999999999993
-3.553540541,-7.049, 1.1999999999999993
-3.552583334,-6.549, 1.1999999999999993
-3.540425374,-6.049, 1.1999999999999993
-3.508443925,-5.749, 1.1999999999999993
-3.456440594,-5.549, 1.1999999999999993
-3.391125,-5.399, 1.1999999999999993
-3.267289216,-5.149, 1.1999999999999993
-3.204351352,-4.999, 1.1999999999999993
-3.016154206,-4.649, 1.1999999999999993
-2.946870968,-4.499, 1.1999999999999993
-2.807919786,-4.249, 1.1999999999999993
-2.617918033,-3.949, 1.1999999999999993
-2.569010929,-3.849, 1.1999999999999993
-2.520724719,-3.699, 1.1999999999999993
-2.444632653,-3.399, 1.1999999999999993
-2.398403727,-3.299, 1.1999999999999993
-2.305620482,-3.149, 1.1999999999999993
-2.138,-2.952769841, 1.1999999999999993
-2.030716536,-2.849, 1.1999999999999993
-1.888,-2.730287425, 1.1999999999999993
-1.538,-2.478305555, 1.1999999999999993
-1.388,-2.390940789, 1.1999999999999993
-1.088,-2.232108108, 1.1999999999999993
-0.888,-2.134220994, 1.1999999999999993
-0.688,-2.053787234, 1.1999999999999993
-0.438,-1.927414634, 1.1999999999999993
-0.338,-1.889605095, 1.1999999999999993
-0.088,-1.832031088, 1.1999999999999993
0.062000000000001165,-1.818183168, 1.1999999999999993
0.362,-1.727154205, 1.1999999999999993
0.5620000000000012,-1.693580419, 1.1999999999999993
0.8120000000000012,-1.662150289, 1.1999999999999993
0.9620000000000006,-1.633646739, 1.1999999999999993
1.2120000000000006,-1.628651163, 1.1999999999999993
1.7120000000000006,-1.632552631, 1.1999999999999993
1.862000000000001,-1.643270833, 1.1999999999999993
2.2120000000000006,-1.686280701, 1.1999999999999993
2.412000000000001,-1.776162162, 1.1999999999999993
2.612000000000001,-1.892367347, 1.1999999999999993
2.812000000000001,-2.026467105, 1.1999999999999993
3.112000000000001,-2.315726618, 1.1999999999999993
3.3120000000000003,-2.463310344, 1.1999999999999993
3.6620000000000017,-2.677685897, 1.1999999999999993
3.862000000000001,-2.818778481, 1.1999999999999993
4.212000000000001,-3.040551724, 1.1999999999999993
4.462000000000001,-3.225656626, 1.1999999999999993
4.712000000000001,-3.463115646, 1.1999999999999993
5.062000000000002,-3.786147887, 1.1999999999999993
5.217729167,-3.949, 1.1999999999999993
5.374573964792902,-4.149, 1.1999999999999993
5.536238579,-4.399, 1.1999999999999993
5.648637931321841,-4.599, 1.1999999999999993
5.762000000000001,-4.744898437, 1.1999999999999993
5.962000000000001,-4.952125, 1.1999999999999993
6.062000000000002,-5.066398648, 1.1999999999999993
6.185886138861387,-5.249, 1.1999999999999993
6.3233636366666675,-5.499, 1.1999999999999993
6.398221591193184,-5.699, 1.1999999999999993
6.533517413184081,-5.999, 1.1999999999999993
6.623826347604791,-6.299, 1.1999999999999993
6.650871951524391,-6.449, 1.1999999999999993
6.694360406,-6.599, 1.1999999999999993
6.801110429754602,-6.899, 1.1999999999999993
6.870870968064518,-7.049, 1.1999999999999993
6.908532847080292,-7.199, 1.1999999999999993
6.939173913285026,-7.599, 1.1999999999999993
6.983585366097562,-7.799, 1.1999999999999993
6.999500000294119,-8.199, 1.1999999999999993
6.987152439329269,-8.749, 1.1999999999999993
6.952605095859874,-9.149, 1.1999999999999993
6.931117647326205,-9.499, 1.1999999999999993
6.883132596961327,-9.849, 1.1999999999999993
6.821905660691827,-10.049, 1.1999999999999993
6.754785235234901,-10.199, 1.1999999999999993
6.615125000367647,-10.549, 1.1999999999999993
6.520333333660131,-10.699, 1.1999999999999993
6.268205674113475,-10.999, 1.1999999999999993
6.128373239788734,-11.149, 1.1999999999999993
5.912000000000002,-11.3576, 1.1999999999999993
5.612000000000001,-11.61226923, 1.1999999999999993
5.462000000000001,-11.71384962, 1.1999999999999993
5.262000000000001,-11.81573077, 1.1999999999999993
5.012000000000001,-11.9328, 1.1999999999999993
0.4120000000000008,-12.51771728, 1.3999999999999986
0.062000000000001165,-12.46105357, 1.3999999999999986
-0.188,-12.38290957, 1.3999999999999986
-0.388,-12.36948611, 1.3999999999999986
-0.638,-12.26490909, 1.3999999999999986
-0.938,-12.08441667, 1.3999999999999986
-1.288,-11.88327419, 1.3999999999999986
-1.438,-11.81298305, 1.3999999999999986
-1.588,-11.71579688, 1.3999999999999986
-1.788,-11.55890566, 1.3999999999999986
-1.998403727,-11.349, 1.3999999999999986
-2.107974875,-11.199, 1.3999999999999986
-2.318223881,-10.849, 1.3999999999999986
-2.603372671,-10.449, 1.3999999999999986
-2.802903846,-10.149, 1.3999999999999986
-2.862122807,-10.049, 1.3999999999999986
-3.04815625,-9.649, 1.3999999999999986
-3.145781457,-9.399, 1.3999999999999986
-3.197651899,-9.199, 1.3999999999999986
-3.270512954,-8.649, 1.3999999999999986
-3.324637931,-8.399, 1.3999999999999986
-3.459341464,-7.999, 1.3999999999999986
-3.503725807,-7.799, 1.3999999999999986
-3.516846154,-7.649, 1.3999999999999986
-3.528605096,-7.349, 1.3999999999999986
-3.55778673,-7.099, 1.3999999999999986
-3.555639594,-6.799, 1.3999999999999986
-3.501778409,-6.249, 1.3999999999999986
-3.456850268,-5.949, 1.3999999999999986
-3.358365169,-5.549, 1.3999999999999986
-3.259675532,-5.299, 1.3999999999999986
-3.073734464,-4.949, 1.3999999999999986
-2.968357143,-4.649, 1.3999999999999986
-2.954968912,-4.549, 1.3999999999999986
-2.903163935,-4.349, 1.3999999999999986
-2.844925676,-4.199, 1.3999999999999986
-2.672232955,-3.899, 1.3999999999999986
-2.549128049,-3.599, 1.3999999999999986
-2.447394905,-3.399, 1.3999999999999986
-2.247905661,-3.049, 1.3999999999999986
-2.093105634,-2.849, 1.3999999999999986
-1.988,-2.739894039, 1.3999999999999986
-1.738,-2.528796511, 1.3999999999999986
-1.538,-2.388123376, 1.3999999999999986
-1.338,-2.275236263, 1.3999999999999986
-0.838,-2.028143646, 1.3999999999999986
-0.438,-1.839422078, 1.3999999999999986
-0.288,-1.783090909, 1.3999999999999986
-0.088,-1.729389221, 1.3999999999999986
0.4120000000000008,-1.638110429, 1.3999999999999986
0.9620000000000006,-1.590666666, 1.3999999999999986
1.2120000000000006,-1.5915, 1.3999999999999986
1.5620000000000012,-1.627977272, 1.3999999999999986
1.7620000000000013,-1.677110048, 1.3999999999999986
2.0120000000000013,-1.766655367, 1.3999999999999986
2.2620000000000013,-1.82916129, 1.3999999999999986
2.5120000000000013,-1.976871621, 1.3999999999999986
2.7120000000000006,-2.127035714, 1.3999999999999986
3.0120000000000013,-2.40168595, 1.3999999999999986
3.162000000000001,-2.517870967, 1.3999999999999986
3.362000000000001,-2.634067114, 1.3999999999999986
3.7120000000000006,-2.852804347, 1.3999999999999986
3.862000000000001,-2.936816455, 1.3999999999999986
4.062,-3.068, 1.3999999999999986
4.412,-3.285949685, 1.3999999999999986
4.662000000000002,-3.489605095, 1.3999999999999986
5.228805555833337,-3.999, 1.3999999999999986
5.369781457284769,-4.149, 1.3999999999999986
5.525439307,-4.349, 1.3999999999999986
5.690835227556819,-4.599, 1.3999999999999986
5.812000000000002,-4.743246031, 1.3999999999999986
5.969116788686134,-4.899, 1.3999999999999986
6.121394904777072,-5.099, 1.3999999999999986
6.332641025897437,-5.449, 1.3999999999999986
6.378968912176167,-5.549, 1.3999999999999986
6.401596273602485,-5.649, 1.3999999999999986
6.459932331203009,-5.799, 1.3999999999999986
6.580220339265538,-5.999, 1.3999999999999986
6.629372881638418,-6.099, 1.3999999999999986
6.678520468128657,-6.249, 1.3999999999999986
6.749980769551283,-6.549, 1.3999999999999986
6.847787671575344,-6.799, 1.3999999999999986
6.985345588602944,-7.099, 1.3999999999999986
7.007436508333336,-7.199, 1.3999999999999986
7.0283109759146365,-7.649, 1.3999999999999986
7.000871951524391,-7.849, 1.3999999999999986
6.972889570858897,-8.199, 1.3999999999999986
6.950636363939396,-8.299, 1.3999999999999986
6.918034483,-8.649, 1.3999999999999986
6.8618046878906265,-9.049, 1.3999999999999986
6.8504036147590375,-9.249, 1.3999999999999986
6.827606060909093,-9.399, 1.3999999999999986
6.797601266139243,-9.499, 1.3999999999999986
6.778833333666667,-9.649, 1.3999999999999986
6.724407408,-9.899, 1.3999999999999986
6.6444695125000015,-10.199, 1.3999999999999986
6.630679775561799,-10.299, 1.3999999999999986
6.566136691007197,-10.549, 1.3999999999999986
6.469214765436244,-10.699, 1.3999999999999986
6.162000000000002,-11.01714024, 1.3999999999999986
6.012000000000001,-11.1579527, 1.3999999999999986
5.812000000000002,-11.31921605, 1.3999999999999986
5.612000000000001,-11.46883871, 1.3999999999999986
5.462000000000001,-11.56626974, 1.3999999999999986
5.062000000000002,-11.74135075, 1.3999999999999986
4.912000000000002,-11.82725343, 1.3999999999999986
4.662000000000002,-12.01530435, 1.3999999999999986
4.512000000000001,-12.10480808, 1.3999999999999986
4.212000000000001,-12.26728704, 1.3999999999999986
4.112000000000001,-12.30819811, 1.3999999999999986
3.8120000000000003,-12.36126852, 1.3999999999999986
3.3120000000000003,-12.38443478, 1.3999999999999986
3.112000000000001,-12.38386842, 1.3999999999999986
2.9620000000000006,-12.41129839, 1.3999999999999986
2.4620000000000006,-12.43577536, 1.3999999999999986
2.112000000000001,-12.46550641, 1.3999999999999986
1.7120000000000006,-12.46965217, 1.3999999999999986
1.5120000000000013,-12.46498101, 1.3999999999999986
1.3120000000000012,-12.48381595, 1.3999999999999986
1.2120000000000006,-12.5076039, 1.3999999999999986
0.9120000000000008,-12.51939474, 1.3999999999999986
0.4120000000000008,-12.51771728, 1.3999999999999986
6.5495000002941195,-9.999, 1.5999999999999979
6.522648148456793,-10.299, 1.5999999999999979
6.482468750312502,-10.549, 1.5999999999999979
6.420789062890626,-10.649, 1.5999999999999979
6.281746377173914,-10.799, 1.5999999999999979
6.012000000000001,-11.05129167, 1.5999999999999979
5.862000000000001,-11.16320863, 1.5999999999999979
5.462000000000001,-11.41523134, 1.5999999999999979
5.062000000000002,-11.59003053, 1.5999999999999979
4.962000000000001,-11.64003053, 1.5999999999999979
4.662000000000002,-11.81407634, 1.5999999999999979
4.462000000000001,-11.91709702, 1.5999999999999979
4.262000000000001,-12.00956035, 1.5999999999999979
4.112000000000001,-12.06844444, 1.5999999999999979
3.9120000000000017,-12.11449587, 1.5999999999999979
3.5620000000000003,-12.13347581, 1.5999999999999979
3.4620000000000006,-12.15740517, 1.5999999999999979
3.3120000000000003,-12.17124409, 1.5999999999999979
3.062000000000001,-12.18006618, 1.5999999999999979
2.9620000000000006,-12.21548148, 1.5999999999999979
2.7620000000000013,-12.26239286, 1.5999999999999979
2.562000000000001,-12.26320863, 1.5999999999999979
2.312000000000001,-12.28515108, 1.5999999999999979
2.062000000000001,-12.31700699, 1.5999999999999979
1.5120000000000013,-12.32317763, 1.5999999999999979
1.4120000000000008,-12.33161589, 1.5999999999999979
1.2620000000000013,-12.36855782, 1.5999999999999979
0.9120000000000008,-12.40415267, 1.5999999999999979
0.4120000000000008,-12.40042276, 1.5999999999999979
0.11200000000000099,-12.37874453, 1.5999999999999979
-0.138,-12.37363504, 1.5999999999999979
-0.238,-12.36325926, 1.5999999999999979
-0.488,-12.30489431, 1.5999999999999979
-0.688,-12.21244697, 1.5999999999999979
-1.188,-11.8797047, 1.5999999999999979
-1.288,-11.82838312, 1.5999999999999979
-1.438,-11.77191667, 1.5999999999999979
-1.638,-11.66300709, 1.5999999999999979
-1.838,-11.51485821, 1.5999999999999979
-1.938,-11.42325926, 1.5999999999999979
-2.049007463,-11.299, 1.5999999999999979
-2.14425,-11.149, 1.5999999999999979
-2.274271677,-10.849, 1.5999999999999979
-2.673814607,-10.199, 1.5999999999999979
-2.805820513,-9.999, 1.5999999999999979
-2.94815625,-9.749, 1.5999999999999979
-3.081664384,-9.449, 1.5999999999999979
-3.203353261,-9.199, 1.5999999999999979
-3.296059211,-8.849, 1.5999999999999979
-3.325721894,-8.699, 1.5999999999999979
-3.472646739,-8.099, 1.5999999999999979
-3.504623037,-7.999, 1.5999999999999979
-3.543105634,-7.649, 1.5999999999999979
-3.5505,-7.399, 1.5999999999999979
-3.555307693,-6.899, 1.5999999999999979
-3.503353261,-6.499, 1.5999999999999979
-3.471909575,-6.349, 1.5999999999999979
-3.454623037,-6.199, 1.5999999999999979
-3.398403727,-5.949, 1.5999999999999979
-3.37711043,-5.899, 1.5999999999999979
-3.318703884,-5.599, 1.5999999999999979
-3.313793651,-5.499, 1.5999999999999979
-3.257427711,-5.299, 1.5999999999999979
-3.202695946,-5.149, 1.5999999999999979
-3.123876624,-4.999, 1.5999999999999979
-3.035932331,-4.749, 1.5999999999999979
-3.018704698,-4.649, 1.5999999999999979
-3.001617887,-4.299, 1.5999999999999979
-2.958905173,-4.149, 1.5999999999999979
-2.85804717,-3.949, 1.5999999999999979
-2.660058824,-3.599, 1.5999999999999979
-2.525403101,-3.399, 1.5999999999999979
-2.297533899,-2.999, 1.5999999999999979
-2.156164063,-2.799, 1.5999999999999979
-2.061674243,-2.699, 1.5999999999999979
-1.888,-2.537085937, 1.5999999999999979
-1.688,-2.378383117, 1.5999999999999979
-1.488,-2.242613138, 1.5999999999999979
-1.188,-2.108313725, 1.5999999999999979
-1.038,-2.027714285, 1.5999999999999979
-0.788,-1.917442623, 1.5999999999999979
-0.438,-1.734, 1.5999999999999979
-0.338,-1.691785235, 1.5999999999999979
-0.138,-1.629128205, 1.5999999999999979
0.11200000000000099,-1.57451282, 1.5999999999999979
0.26200000000000134,-1.566578125, 1.5999999999999979
0.9120000000000008,-1.551777777, 1.5999999999999979
1.1620000000000008,-1.552804347, 1.5999999999999979
1.4120000000000008,-1.584416666, 1.5999999999999979
1.5620000000000012,-1.634814606, 1.5999999999999979
1.862000000000001,-1.766307692, 1.5999999999999979
2.2120000000000006,-1.891785235, 1.5999999999999979
2.312000000000001,-1.938596273, 1.5999999999999979
2.562000000000001,-2.08277193, 1.5999999999999979
2.7120000000000006,-2.18772549, 1.5999999999999979
3.112000000000001,-2.511583892, 1.5999999999999979
3.362000000000001,-2.660423841, 1.5999999999999979
3.5120000000000013,-2.736321428, 1.5999999999999979
3.7120000000000006,-2.85990604, 1.5999999999999979
3.9120000000000017,-2.967993506, 1.5999999999999979
4.512000000000003,-3.338204545, 1.5999999999999979
4.762000000000001,-3.536304687, 1.5999999999999979
5.212000000000001,-3.969142857, 1.5999999999999979
5.393629834530388,-4.149, 1.5999999999999979
5.621134615705128,-4.399, 1.5999999999999979
5.812000000000002,-4.626623456, 1.5999999999999979
5.971134616,-4.799, 1.5999999999999979
6.126583333611113,-4.999, 1.5999999999999979
6.378623036910997,-5.449, 1.5999999999999979
6.4240535717261915,-5.549, 1.5999999999999979
6.448637931321842,-5.649, 1.5999999999999979
6.5389900500000016,-5.849, 1.5999999999999979
6.665125,-6.049, 1.5999999999999979
6.779964824371862,-6.299, 1.5999999999999979
6.847027472802201,-6.499, 1.5999999999999979
6.951351852160497,-6.749, 1.5999999999999979
7.132280612500002,-7.099, 1.5999999999999979
7.1692147654362435,-7.249, 1.5999999999999979
7.1740535717261915,-7.399, 1.5999999999999979
7.129474490051021,-7.649, 1.5999999999999979
7.051110429754602,-7.899, 1.5999999999999979
6.975571428857145,-8.249, 1.5999999999999979
6.942070754952833,-8.349, 1.5999999999999979
6.898221591193182,-8.549, 1.5999999999999979
6.8822102806074765,-8.699, 1.5999999999999979
6.792357143095239,-8.999, 1.5999999999999979
6.775571428857146,-9.199, 1.5999999999999979
6.7299648243718595,-9.399, 1.5999999999999979
6.5495000002941195,-9.999, 1.5999999999999979
0.4120000000000008,-1.542664383, 1.8000000000000007
1.112,-1.542074324, 1.8000000000000007
1.4620000000000006,-1.574429184, 1.8000000000000007
1.7620000000000013,-1.635773256, 1.8000000000000007
2.112000000000001,-1.732041958, 1.8000000000000007
2.412000000000001,-1.83468376, 1.8000000000000007
2.612000000000001,-1.922670212, 1.8000000000000007
2.812000000000001,-2.030907894, 1.8000000000000007
3.0120000000000013,-2.162805969, 1.8000000000000007
3.062000000000001,-2.185538461, 1.8000000000000007
3.4620000000000006,-2.410923076, 1.8000000000000007
3.7120000000000006,-2.535328124, 1.8000000000000007
3.862000000000001,-2.621619047, 1.8000000000000007
4.112000000000001,-2.74214516, 1.8000000000000007
4.262000000000001,-2.831894736, 1.8000000000000007
4.362000000000001,-2.91298305, 1.8000000000000007
4.612000000000001,-3.084227272, 1.8000000000000007
4.712000000000001,-3.17476923, 1.8000000000000007
4.878118421710529,-3.349, 1.8000000000000007
5.029696629775283,-3.549, 1.8000000000000007
5.132758929017858,-3.699, 1.8000000000000007
5.254572464130438,-3.899, 1.8000000000000007
5.452865384935898,-4.199, 1.8000000000000007
5.7221562503125005,-4.499, 1.8000000000000007
5.973363636666668,-4.799, 1.8000000000000007
6.114777778,-4.999, 1.8000000000000007
6.327247253021977,-5.449, 1.8000000000000007
6.370603896428574,-5.599, 1.8000000000000007
6.394794117941179,-5.749, 1.8000000000000007
6.438054217168676,-5.849, 1.8000000000000007
6.576756944791668,-6.099, 1.8000000000000007
6.676554794863015,-6.299, 1.8000000000000007
6.754985611870505,-6.549, 1.8000000000000007
6.847948905474454,-6.799, 1.8000000000000007
6.9323629036290315,-6.999, 1.8000000000000007
6.979608696086957,-7.149, 1.8000000000000007
6.9979375,-7.399, 1.8000000000000007
6.989919708394161,-7.649, 1.8000000000000007
6.942668604941862,-7.949, 1.8000000000000007
6.939392344736842,-8.149, 1.8000000000000007
6.926385475139665,-8.299, 1.8000000000000007
6.8913778804147485,-8.499, 1.8000000000000007
6.875150289306359,-8.749, 1.8000000000000007
6.828090425797872,-8.999, 1.8000000000000007
6.751596273602485,-9.249, 1.8000000000000007
6.728968912176167,-9.399, 1.8000000000000007
6.674719298538014,-9.599, 1.8000000000000007
6.490040540765766,-9.999, 1.8000000000000007
6.454218543377485,-10.099, 1.8000000000000007
6.422403727018636,-10.299, 1.8000000000000007
6.332335821268658,-10.499, 1.8000000000000007
6.216702971,-10.649, 1.8000000000000007
6.062000000000002,-10.80667327, 1.8000000000000007
5.862000000000001,-10.96588034, 1.8000000000000007
5.662000000000002,-11.08129167, 1.8000000000000007
5.362000000000001,-11.26612598, 1.8000000000000007
4.862000000000001,-11.52889511, 1.8000000000000007
4.712000000000001,-11.61917241, 1.8000000000000007
4.412000000000002,-11.7712028, 1.8000000000000007
4.162000000000002,-11.83981197, 1.8000000000000007
3.9120000000000017,-11.91706569, 1.8000000000000007
3.5620000000000003,-11.95955556, 1.8000000000000007
3.3120000000000003,-11.98251449, 1.8000000000000007
3.0120000000000013,-12.03008553, 1.8000000000000007
2.912000000000001,-12.06639865, 1.8000000000000007
2.7620000000000013,-12.09637903, 1.8000000000000007
2.562000000000001,-12.09959055, 1.8000000000000007
2.362000000000001,-12.11595804, 1.8000000000000007
2.0120000000000013,-12.13239552, 1.8000000000000007
1.7620000000000013,-12.13377444, 1.8000000000000007
1.1620000000000008,-12.17948246, 1.8000000000000007
0.6620000000000008,-12.1827156, 1.8000000000000007
0.4120000000000008,-12.16125, 1.8000000000000007
0.1620000000000008,-12.114625, 1.8000000000000007
-0.238,-11.99323077, 1.8000000000000007
-0.438,-11.98476389, 1.8000000000000007
-0.588,-11.96393903, 1.8000000000000007
-0.738,-11.91483333, 1.8000000000000007
-0.938,-11.81671845, 1.8000000000000007
-1.238,-11.63818269, 1.8000000000000007
-1.488,-11.52017347, 1.8000000000000007
-1.688,-11.36193104, 1.8000000000000007
-1.888,-11.17261111, 1.8000000000000007
-1.999029412,-11.049, 1.8000000000000007
-2.116917911,-10.899, 1.8000000000000007
-2.346603896,-10.649, 1.8000000000000007
-2.599363637,-10.349, 1.8000000000000007
-2.755196532,-10.149, 1.8000000000000007
-2.951541667,-9.849, 1.8000000000000007
-3.058355192,-9.649, 1.8000000000000007
-3.151150289,-9.449, 1.8000000000000007
-3.209650718,-9.299, 1.8000000000000007
-3.256283582,-9.099, 1.8000000000000007
-3.273814607,-8.699, 1.8000000000000007
-3.321948864,-8.349, 1.8000000000000007
-3.35601676,-8.249, 1.8000000000000007
-3.399809816,-8.049, 1.8000000000000007
-3.451888889,-7.749, 1.8000000000000007
-3.501778409,-7.349, 1.8000000000000007
-3.520692308,-6.799, 1.8000000000000007
-3.533212766,-6.599, 1.8000000000000007
-3.506943299,-6.149, 1.8000000000000007
-3.471689025,-5.899, 1.8000000000000007
-3.464268116,-5.749, 1.8000000000000007
-3.497848485,-5.499, 1.8000000000000007
-3.466896105,-5.149, 1.8000000000000007
-3.446928572,-4.999, 1.8000000000000007
-3.384052632,-4.799, 1.8000000000000007
-3.353086208,-4.649, 1.8000000000000007
-3.361790323,-4.449, 1.8000000000000007
-3.320720589,-4.199, 1.8000000000000007
-3.250500001,-3.949, 1.8000000000000007
-3.205307693,-3.849, 1.8000000000000007
-3.055063493,-3.599, 1.8000000000000007
-2.906442624,-3.399, 1.8000000000000007
-2.782396553,-3.249, 1.8000000000000007
-2.676432837,-3.099, 1.8000000000000007
-2.559478874,-2.899, 1.8000000000000007
-2.474194031,-2.799, 1.8000000000000007
-2.238,-2.581228915, 1.8000000000000007
-2.038,-2.43176699, 1.8000000000000007
-1.888,-2.33573913, 1.8000000000000007
-1.538,-2.125724138, 1.8000000000000007
-1.338,-2.030535947, 1.8000000000000007
-0.938,-1.882379888, 1.8000000000000007
-0.688,-1.809403726, 1.8000000000000007
-0.388,-1.678789719, 1.8000000000000007
-0.188,-1.632730158, 1.8000000000000007
0.062000000000001165,-1.5865, 1.8000000000000007
0.4120000000000008,-1.542664383, 1.8000000000000007
0.4120000000000008,-1.587204225,2
1.1620000000000017,-1.5865,2
1.7620000000000013,-1.608070796,2
1.9620000000000006,-1.610270491,2
2.162000000000001,-1.636852112,2
2.2620000000000013,-1.664820312,2
2.7620000000000013,-1.740964285,2
2.862000000000001,-1.776056962,2
3.2620000000000013,-1.937166666,2
3.362000000000001,-1.991266187,2
3.5620000000000003,-2.122415493,2
4.112000000000001,-2.424662251,2
4.362000000000001,-2.541985611,2
4.562,-2.694766129,2
4.823220472834646,-2.949,2
4.962000000000001,-3.103047619,2
5.119007576136366,-3.299,2
5.212000000000001,-3.450811593,2
5.268678082534248,-3.599,2
5.340741496938777,-3.999,2
5.393607143214287,-4.149,2
5.4972822584677425,-4.299,2
5.632772059191178,-4.449,2
5.831736842481203,-4.699,2
6.033062992519686,-4.999,2
6.129500000384616,-5.199,2
6.179773437890627,-5.349,2
6.227495868181818,-5.549,2
6.245407080088497,-5.749,2
6.298904762380954,-5.899,2
6.470644860280374,-6.249,2
6.581153226209678,-6.499,2
6.629000000400002,-6.649,2
6.676439656,-6.849,2
6.7246190480952395,-7.099,2
6.747817308173079,-7.299,2
6.775377193421055,-7.449,2
6.7946,-7.649,2
6.812600000400001,-7.949,2
6.854463235661766,-8.199,2
6.8425214726993895,-8.499,2
6.843635802777778,-8.949,2
6.830088235588236,-9.049,2
6.747736196625769,-9.299,2
6.726136905059525,-9.449,2
6.675449367405064,-9.599,2
6.574339743910259,-9.799,2
6.446968354746837,-9.999,2
6.323979167013891,-10.249,2
6.224398374390245,-10.399,2
6.112000000000001,-10.52129167,2
5.962000000000001,-10.66048649,2
5.762000000000001,-10.80912931,2
5.562000000000002,-10.9350687,2
5.212000000000001,-11.17104861,2
4.912000000000002,-11.33443166,2
4.712000000000001,-11.4567381,2
4.512000000000001,-11.55667717,2
4.362000000000001,-11.61196993,2
4.162000000000002,-11.63631061,2
3.9620000000000006,-11.72144526,2
3.8120000000000003,-11.76965972,2
3.5620000000000003,-11.79489844,2
3.362000000000001,-11.80412295,2
3.162000000000001,-11.83531387,2
2.862000000000001,-11.91234587,2
2.5120000000000013,-11.94099219,2
2.062000000000001,-11.95448781,2
1.4620000000000006,-11.96560448,2
1.1620000000000008,-11.96624806,2
0.6620000000000008,-11.974,2
0.5620000000000012,-11.96055303,2
0.362,-11.91013281,2
0.11200000000000099,-11.80868469,2
-0.088,-11.68141525,2
-0.188,-11.63629839,2
-0.438,-11.64143119,2
-0.738,-11.61008247,2
-0.938,-11.55307609,2
-1.438,-11.25811765,2
-1.688,-11.06663158,2
-1.838,-10.9312165,2
-2.138,-10.68547959,2
-2.188,-10.65568317,2
-2.488,-10.41878261,2
-2.688,-10.23043564,2
-2.848840708,-10.049,2
-2.948950414,-9.899,2
-3.058275591,-9.699,2
-3.155723881,-9.499,2
-3.213364964,-9.249,2
-3.221646617,-8.999,2
-3.180175573,-8.699,2
-3.1854,-8.499,2
-3.2239375,-8.299,2
-3.254503268,-8.199,2
-3.280021277,-7.999,2
-3.327612676,-7.749,2
-3.407478528,-7.449,2
-3.427482759,-7.099,2
-3.475339744,-6.799,2
-3.557808743,-6.399,2
-3.564396648,-6.299,2
-3.554973684,-6.049,2
-3.573138889,-5.899,2
-3.628348102,-5.699,2
-3.699826348,-5.499,2
-3.744632653,-5.199,2
-3.741804348,-4.749,2
-3.713744048,-4.449,2
-3.59940625,-3.999,2
-3.538,-3.856371794,2
-3.392136691,-3.599,2
-3.193419581,-3.299,2
-3.044964286,-3.099,2
-2.795922536,-2.799,2
-2.652423077,-2.649,2
-2.538,-2.547295454,2
-2.338,-2.397295454,2
-2.238,-2.334784313,2
-2.038,-2.243580419,2
-1.738,-2.122919753,2
-1.488,-1.987166666,2
-1.188,-1.89032653,2
-1.038,-1.860690647,2
-0.738,-1.77880226,2
-0.488,-1.73571875,2
-0.338,-1.718968553,2
-0.138,-1.679732484,2
0.062000000000001165,-1.659416666,2
0.4120000000000008,-1.587204225,2
1.9620000000000006,-1.941279411, 2.1999999999999993
2.662000000000001,-2.117313953, 2.1999999999999993
2.812000000000001,-2.162392857, 2.1999999999999993
3.0120000000000013,-2.236152777, 2.1999999999999993
3.112000000000001,-2.284357142, 2.1999999999999993
3.2120000000000006,-2.353333333, 2.1999999999999993
3.4120000000000017,-2.460470588, 2.1999999999999993
3.612000000000001,-2.532988763, 2.1999999999999993
3.7158888900000013,-2.599, 2.1999999999999993
4.062,-2.77552439, 2.1999999999999993
4.212000000000001,-2.872397435, 2.1999999999999993
4.512000000000001,-3.121826086, 2.1999999999999993
4.712000000000001,-3.315791044, 2.1999999999999993
4.978954024,-3.649, 2.1999999999999993
5.030509615865387,-3.749, 2.1999999999999993
5.100503650000003,-3.999, 2.1999999999999993
5.1932500003787885,-4.199, 2.1999999999999993
5.295269231153848,-4.349, 2.1999999999999993
5.381556452,-4.449, 2.1999999999999993
5.532600000400001,-4.649, 2.1999999999999993
5.674614679357799,-4.899, 2.1999999999999993
5.712000000000002,-4.998444443, 2.1999999999999993
5.831250000500002,-5.249, 2.1999999999999993
5.887884956194692,-5.399, 2.1999999999999993
5.939631579323309,-5.599, 2.1999999999999993
5.959764228048782,-5.799, 2.1999999999999993
6.0453984378906265,-5.999, 2.1999999999999993
6.224179487606839,-6.299, 2.1999999999999993
6.380933823897059,-6.599, 2.1999999999999993
6.4307500003571425,-6.799, 2.1999999999999993
6.453058394525548,-6.999, 2.1999999999999993
6.482598591901412,-7.099, 2.1999999999999993
6.501893617375889,-7.299, 2.1999999999999993
6.582112782330829,-7.599, 2.1999999999999993
6.624500000384615,-7.899, 2.1999999999999993
6.645789062890626,-8.099, 2.1999999999999993
6.6676306310810824,-8.199, 2.1999999999999993
6.647434783,-8.499, 2.1999999999999993
6.647745614473684,-8.949, 2.1999999999999993
6.6260873019841275,-9.149, 2.1999999999999993
6.579248062403102,-9.349, 2.1999999999999993
6.5183043482608705,-9.549, 2.1999999999999993
6.436440298880599,-9.749, 2.1999999999999993
6.332950704577466,-9.949, 2.1999999999999993
6.217942623360657,-10.149, 2.1999999999999993
6.076669421900827,-10.349, 2.1999999999999993
5.962000000000001,-10.46612598, 2.1999999999999993
5.662000000000002,-10.72017834, 2.1999999999999993
5.312000000000002,-10.96207947, 2.1999999999999993
4.962000000000001,-11.16980838, 2.1999999999999993
4.512000000000001,-11.40693919, 2.1999999999999993
4.362000000000001,-11.46924457, 2.1999999999999993
4.162000000000002,-11.49066667, 2.1999999999999993
3.8120000000000003,-11.62221429, 2.1999999999999993
3.612000000000001,-11.65106767, 2.1999999999999993
3.362000000000001,-11.64693233, 2.1999999999999993
3.112000000000001,-11.695875, 2.1999999999999993
3.0120000000000013,-11.72386264, 2.1999999999999993
2.7620000000000013,-11.76727485, 2.1999999999999993
2.5120000000000013,-11.77699401, 2.1999999999999993
2.2620000000000013,-11.77806627, 2.1999999999999993
1.862000000000001,-11.8127574, 2.1999999999999993
1.7120000000000006,-11.81493567, 2.1999999999999993
1.362000000000001,-11.80346429, 2.1999999999999993
1.2120000000000006,-11.7865, 2.1999999999999993
1.0620000000000012,-11.81663804, 2.1999999999999993
0.6620000000000008,-11.85280435, 2.1999999999999993
0.46200000000000063,-11.81881865, 2.1999999999999993
0.31200000000000117,-11.76934574, 2.1999999999999993
0.11200000000000099,-11.67005978, 2.1999999999999993
-0.138,-11.53015764, 2.1999999999999993
-0.288,-11.49266438, 2.1999999999999993
-0.438,-11.46857237, 2.1999999999999993
-0.838,-11.31275, 2.1999999999999993
-0.938,-11.26068478, 2.1999999999999993
-1.388,-10.96507143, 2.1999999999999993
-1.588,-10.81415958, 2.1999999999999993
-1.77816854,-10.649, 2.1999999999999993
-2.038,-10.38835644, 2.1999999999999993
-2.213549451,-10.249, 2.1999999999999993
-2.507936709,-9.949, 2.1999999999999993
-2.696806819,-9.699, 2.1999999999999993
-2.843867347,-9.449, 2.1999999999999993
-2.917563492,-9.299, 2.1999999999999993
-2.956055556,-9.149, 2.1999999999999993
-2.980350747,-8.899, 2.1999999999999993
-3.015339182,-8.749, 2.1999999999999993
-3.029666667,-8.449, 2.1999999999999993
-3.101117284,-8.199, 2.1999999999999993
-3.161395722,-7.949, 2.1999999999999993
-3.184532847,-7.749, 2.1999999999999993
-3.276636364,-7.349, 2.1999999999999993
-3.280218543,-7.099, 2.1999999999999993
-3.355571429,-6.749, 2.1999999999999993
-3.382894367,-6.549, 2.1999999999999993
-3.426173653,-6.349, 2.1999999999999993
-3.417191617,-6.149, 2.1999999999999993
-3.41971875,-5.949, 2.1999999999999993
-3.457711539,-5.799, 2.1999999999999993
-3.476125,-5.549, 2.1999999999999993
-3.504163794,-5.449, 2.1999999999999993
-3.514302084,-5.199, 2.1999999999999993
-3.513277778,-4.749, 2.1999999999999993
-3.497226191,-4.599, 2.1999999999999993
-3.450974684,-4.399, 2.1999999999999993
-3.35196104,-4.099, 2.1999999999999993
-3.212147728,-3.799, 2.1999999999999993
-3.098185186,-3.599, 2.1999999999999993
-2.848211268,-3.249, 2.1999999999999993
-2.765898551,-3.149, 2.1999999999999993
-2.588,-2.963453124, 2.1999999999999993
-2.388,-2.783469696, 2.1999999999999993
-2.088,-2.586499999, 2.1999999999999993
-1.588,-2.316378048, 2.1999999999999993
-1.338,-2.18635955, 2.1999999999999993
-1.188,-2.132947368, 2.1999999999999993
-0.938,-2.064291262, 2.1999999999999993
-0.788,-1.991249999, 2.1999999999999993
-0.638,-1.941954545, 2.1999999999999993
-0.138,-1.911740384, 2.1999999999999993
0.4120000000000008,-1.859597826, 2.1999999999999993
0.9120000000000008,-1.858615384, 2.1999999999999993
1.2120000000000006,-1.874588235, 2.1999999999999993
1.362000000000001,-1.889822784, 2.1999999999999993
1.6620000000000008,-1.938527026, 2.1999999999999993
1.8120000000000012,-1.955562499, 2.1999999999999993
1.9620000000000006,-1.941279411, 2.1999999999999993
5.262000000000001,-10.96244937, 2.3999999999999986
4.762000000000001,-11.26236806, 2.3999999999999986
4.612000000000001,-11.33923973, 2.3999999999999986
4.412000000000002,-11.47139583, 2.3999999999999986
4.312,-11.5202406, 2.3999999999999986
4.162000000000002,-11.53799254, 2.3999999999999986
3.9620000000000006,-11.61903968, 2.3999999999999986
3.8120000000000003,-11.66672388, 2.3999999999999986
3.5620000000000003,-11.69042336, 2.3999999999999986
3.362000000000001,-11.68703571, 2.3999999999999986
3.2120000000000006,-11.71953571, 2.3999999999999986
3.0120000000000013,-11.73980645, 2.3999999999999986
2.5120000000000013,-11.76216667, 2.3999999999999986
2.2620000000000013,-11.76464516, 2.3999999999999986
2.112000000000001,-11.79012903, 2.3999999999999986
1.8120000000000012,-11.80033588, 2.3999999999999986
1.4620000000000015,-11.77832432, 2.3999999999999986
1.2120000000000006,-11.71647449, 2.3999999999999986
1.0620000000000012,-11.73055941, 2.3999999999999986
0.9120000000000008,-11.7615, 2.3999999999999986
0.6620000000000008,-11.77577778, 2.3999999999999986
0.5120000000000013,-11.76036364, 2.3999999999999986
0.362,-11.71867822, 2.3999999999999986
0.11200000000000099,-11.5903961, 2.3999999999999986
-0.088,-11.50246715, 2.3999999999999986
-0.538,-11.26403378, 2.3999999999999986
-0.588,-11.22871698, 2.3999999999999986
-0.788,-11.1289133, 2.3999999999999986
-0.938,-11.06998931, 2.3999999999999986
-1.200179488,-10.949, 2.3999999999999986
-1.338,-10.86590341, 2.3999999999999986
-1.488,-10.75449645, 2.3999999999999986
-1.738,-10.55071756, 2.3999999999999986
-2.138,-10.17910204, 2.3999999999999986
-2.343783582,-9.949, 2.3999999999999986
-2.488,-9.770308725, 2.3999999999999986
-2.64006767,-9.599, 2.3999999999999986
-2.845312926,-9.299, 2.3999999999999986
-2.911042169,-9.149, 2.3999999999999986
-2.95007483,-8.899, 2.3999999999999986
-2.981027211,-8.799, 2.3999999999999986
-3.051224638,-8.649, 2.3999999999999986
-3.081217055,-8.399, 2.3999999999999986
-3.160460938,-8.149, 2.3999999999999986
-3.216219697,-7.899, 2.3999999999999986
-3.227444445,-7.749, 2.3999999999999986
-3.273477942,-7.549, 2.3999999999999986
-3.308576923,-7.449, 2.3999999999999986
-3.320789855,-7.349, 2.3999999999999986
-3.327889706,-7.049, 2.3999999999999986
-3.360242647,-6.949, 2.3999999999999986
-3.376475178,-6.799, 2.3999999999999986
-3.406165468,-6.699, 2.3999999999999986
-3.432270834,-6.399, 2.3999999999999986
-3.431664384,-6.299, 2.3999999999999986
-3.403422078,-6.149, 2.3999999999999986
-3.39857047,-5.949, 2.3999999999999986
-3.414825843,-5.849, 2.3999999999999986
-3.406048129,-5.749, 2.3999999999999986
-3.367084159,-5.649, 2.3999999999999986
-3.375063954,-5.499, 2.3999999999999986
-3.346870968,-5.199, 2.3999999999999986
-3.294632653,-4.999, 2.3999999999999986
-3.25678882,-4.599, 2.3999999999999986
-3.234195653,-4.499, 2.3999999999999986
-3.202861111,-4.249, 2.3999999999999986
-3.096603896,-3.899, 2.3999999999999986
-2.994925676,-3.699, 2.3999999999999986
-2.888,-3.557333333, 2.3999999999999986
-2.791492647,-3.449, 2.3999999999999986
-2.538,-3.191095588, 2.3999999999999986
-2.338,-3.028707792, 2.3999999999999986
-1.888,-2.727549382, 2.3999999999999986
-1.488,-2.487087248, 2.3999999999999986
-1.288,-2.389306122, 2.3999999999999986
-0.838,-2.211801205, 2.3999999999999986
-0.638,-2.127052325, 2.3999999999999986
-0.438,-2.1115, 2.3999999999999986
-0.138,-2.104729166, 2.3999999999999986
0.11200000000000099,-2.078532967, 2.3999999999999986
0.6620000000000008,-2.057870967, 2.3999999999999986
1.0620000000000012,-2.0615, 2.3999999999999986
1.362000000000001,-2.078625, 2.3999999999999986
1.5120000000000013,-2.120766169, 2.3999999999999986
1.7620000000000013,-2.1365, 2.3999999999999986
1.9620000000000006,-2.13884375, 2.3999999999999986
2.062000000000001,-2.16808867, 2.3999999999999986
2.362000000000001,-2.182552631, 2.3999999999999986
2.612000000000001,-2.23884375, 2.3999999999999986
2.912000000000001,-2.335849711, 2.3999999999999986
3.1120000000000028,-2.440666666, 2.3999999999999986
3.3120000000000003,-2.560363636, 2.3999999999999986
3.4620000000000006,-2.618823232, 2.3999999999999986
3.5620000000000003,-2.642965517, 2.3999999999999986
3.6620000000000017,-2.7065, 2.3999999999999986
3.9120000000000017,-2.83267052, 2.3999999999999986
4.162000000000002,-2.997664122, 2.3999999999999986
4.332439189527029,-3.149, 2.3999999999999986
4.512,-3.295022727, 2.3999999999999986
4.616664179477612,-3.399, 2.3999999999999986
4.821827586551724,-3.649, 2.3999999999999986
5.013704545833336,-3.899, 2.3999999999999986
5.154077465140847,-4.199, 2.3999999999999986
5.372688406159422,-4.499, 2.3999999999999986
5.523128049085368,-4.749, 2.3999999999999986
5.575778409375002,-4.899, 2.3999999999999986
5.591477612189057,-4.999, 2.3999999999999986
5.6518437503125005,-5.149, 2.3999999999999986
5.800173652994014,-5.449, 2.3999999999999986
5.885271276861704,-5.599, 2.3999999999999986
5.9095746272388086,-5.749, 2.3999999999999986
5.953013072222224,-5.899, 2.3999999999999986
6.000149350974028,-5.999, 2.3999999999999986
6.118205674113475,-6.199, 2.3999999999999986
6.273128049085368,-6.499, 2.3999999999999986
6.382549738481676,-6.799, 2.3999999999999986
6.392025125879399,-6.949, 2.3999999999999986
6.434648515099011,-7.149, 2.3999999999999986
6.441044117892159,-7.399, 2.3999999999999986
6.470603896428574,-7.499, 2.3999999999999986
6.517419580769231,-7.799, 2.3999999999999986
6.526972527747252,-7.949, 2.3999999999999986
6.523596385843374,-8.249, 2.3999999999999986
6.491490291504857,-8.399, 2.3999999999999986
6.489926829512197,-8.949, 2.3999999999999986
6.481925742821784,-9.149, 2.3999999999999986
6.440033980825244,-9.299, 2.3999999999999986
6.428796875260418,-9.399, 2.3999999999999986
6.383551724384238,-9.549, 2.3999999999999986
6.282979899748745,-9.799, 2.3999999999999986
6.123596385843375,-10.099, 2.3999999999999986
5.974106918553461,-10.299, 2.3999999999999986
5.883531792196533,-10.399, 2.3999999999999986
5.562000000000002,-10.71334911, 2.3999999999999986
5.262000000000001,-10.96244937, 2.3999999999999986
-3.650723215,-8.149, 2.599999999999998
-3.69999187,-7.749, 2.599999999999998
-3.711518519,-7.399, 2.599999999999998
-3.713729927,-6.999, 2.599999999999998
-3.741728071,-6.599, 2.599999999999998
-3.735352942,-6.299, 2.599999999999998
-3.695432433,-6.099, 2.599999999999998
-3.590806123,-5.749, 2.599999999999998
-3.505773438,-5.499, 2.599999999999998
-3.393615942,-5.199, 2.599999999999998
-3.316631285,-5.049, 2.599999999999998
-3.221376964,-4.799, 2.599999999999998
-3.204269842,-4.699, 2.599999999999998
-3.212122807,-4.249, 2.599999999999998
-3.198350319,-4.099, 2.599999999999998
-3.143215828,-3.899, 2.599999999999998
-3.048185186,-3.699, 2.599999999999998
-2.896836207,-3.499, 2.599999999999998
-2.788,-3.387913043, 2.599999999999998
-2.288,-3.037125, 2.599999999999998
-1.988,-2.833022556, 2.599999999999998
-1.638,-2.617371212, 2.599999999999998
-1.438,-2.487006756, 2.599999999999998
-1.138,-2.369714285, 2.599999999999998
-0.938,-2.276963917, 2.599999999999998
-0.638,-2.17799061, 2.599999999999998
-0.438,-2.135016949, 2.599999999999998
-0.138,-2.109648148, 2.599999999999998
0.012000000000001343,-2.078371584, 2.599999999999998
0.4120000000000008,-2.031575757, 2.599999999999998
0.6620000000000008,-2.025197604, 2.599999999999998
1.4120000000000008,-2.027416149, 2.599999999999998
1.7620000000000013,-2.044661157, 2.599999999999998
1.9620000000000006,-2.045848739, 2.599999999999998
2.062000000000001,-2.063583333, 2.599999999999998
2.4620000000000006,-2.085851851, 2.599999999999998
2.662000000000001,-2.133963768, 2.599999999999998
2.7620000000000013,-2.1704539, 2.599999999999998
3.062000000000001,-2.244127118, 2.599999999999998
3.3120000000000003,-2.364825688, 2.599999999999998
3.5620000000000003,-2.435504424, 2.599999999999998
3.862000000000001,-2.586268518, 2.599999999999998
4.112000000000001,-2.73812037, 2.599999999999998
4.312,-2.884550458, 2.599999999999998
4.412000000000002,-2.978347826, 2.599999999999998
4.621221311885246,-3.199, 2.599999999999998
4.860255814341085,-3.499, 2.599999999999998
4.992263158270679,-3.649, 2.599999999999998
5.195398437890627,-3.899, 2.599999999999998
5.413704545833336,-4.199, 2.599999999999998
5.468770833680558,-4.299, 2.599999999999998
5.670159722569445,-4.749, 2.599999999999998
5.749500000352115,-4.999, 2.599999999999998
5.895156028723403,-5.299, 2.599999999999998
6.012000000000001,-5.507333333, 2.599999999999998
6.098870503956836,-5.749, 2.599999999999998
6.2537832171328676,-6.099, 2.599999999999998
6.325425926,-6.299, 2.599999999999998
6.425651316118423,-6.549, 2.599999999999998
6.477296052960527,-6.699, 2.599999999999998
6.514425373507465,-6.849, 2.599999999999998
6.533141975617286,-7.049, 2.599999999999998
6.550106796601942,-7.649, 2.599999999999998
6.551646465151516,-7.899, 2.599999999999998
6.538041667083335,-8.149, 2.599999999999998
6.492652174347827,-8.349, 2.599999999999998
6.4784682543650804,-8.499, 2.599999999999998
6.484336065983608,-8.699, 2.599999999999998
6.476256198760331,-8.899, 2.599999999999998
6.425235294537818,-9.249, 2.599999999999998
6.376194915677968,-9.499, 2.599999999999998
6.324284483189657,-9.699, 2.599999999999998
6.266009434433966,-9.849, 2.599999999999998
6.122681818636363,-10.099, 2.599999999999998
5.966656863235296,-10.299, 2.599999999999998
5.762000000000001,-10.51272951, 2.599999999999998
5.689830188993711,-10.599, 2.599999999999998
5.524957317378049,-10.849, 2.599999999999998
5.462000000000001,-10.92193103, 2.599999999999998
5.262000000000001,-11.10657042, 2.599999999999998
4.812000000000002,-11.43756589, 2.599999999999998
4.684058823949582,-11.549, 2.599999999999998
4.594024793801654,-11.649, 2.599999999999998
4.4658000004000025,-11.849, 2.599999999999998
4.362000000000001,-11.95090678, 2.599999999999998
4.262000000000001,-11.97797727, 2.599999999999998
3.862000000000001,-12.01041304, 2.599999999999998
3.6620000000000017,-11.99542857, 2.599999999999998
3.362000000000001,-11.98572414, 2.599999999999998
2.862000000000001,-11.99317293, 2.599999999999998
2.362000000000001,-12.01669481, 2.599999999999998
2.0120000000000013,-12.02295833, 2.599999999999998
1.7120000000000006,-12.0079527, 2.599999999999998
1.5120000000000013,-11.96412739, 2.599999999999998
1.2120000000000006,-11.82631214, 2.599999999999998
1.112000000000001,-11.81036364, 2.599999999999998
0.7120000000000006,-11.79066667, 2.599999999999998
0.5120000000000013,-11.76059639, 2.599999999999998
0.362,-11.70142537, 2.599999999999998
0.012000000000001343,-11.48859627, 2.599999999999998
-0.188,-11.37958376, 2.599999999999998
-0.438,-11.27169231, 2.599999999999998
-0.588,-11.17897449, 2.599999999999998
-0.688,-11.13119697, 2.599999999999998
-0.838,-11.09657463, 2.599999999999998
-1.088,-11.06781579, 2.599999999999998
-1.288,-11.01295706, 2.599999999999998
-1.488,-10.92099367, 2.599999999999998
-1.588,-10.85726923, 2.599999999999998
-1.788,-10.70803361, 2.599999999999998
-2.038,-10.51034259, 2.599999999999998
-2.224647728,-10.349, 2.599999999999998
-2.754964286,-9.799, 2.599999999999998
-2.90182353,-9.599, 2.599999999999998
-2.928357144,-9.549, 2.599999999999998
-3.106313954,-9.299, 2.599999999999998
-3.353159575,-8.899, 2.599999999999998
-3.458789474,-8.699, 2.599999999999998
-3.524235956,-8.499, 2.599999999999998
-3.650723215,-8.149, 2.599999999999998
2.5120000000000013,-2.036385321, 2.8000000000000007
2.7620000000000013,-2.158451219, 2.8000000000000007
3.057512821794874,-2.249, 2.8000000000000007
3.362000000000001,-2.420987951, 2.8000000000000007
3.5120000000000013,-2.49026506, 2.8000000000000007
3.6620000000000017,-2.591499999, 2.8000000000000007
3.9120000000000017,-2.791916666, 2.8000000000000007
4.088442308653849,-2.949, 2.8000000000000007
4.2779090918181835,-3.149, 2.8000000000000007
4.417288462500001,-3.349, 2.8000000000000007
4.553326531632654,-3.599, 2.8000000000000007
4.682918368367349,-3.799, 2.8000000000000007
4.762543479347825,-3.949, 2.8000000000000007
4.839717392391305,-4.149, 2.8000000000000007
4.896659092045456,-4.249, 2.8000000000000007
5.011358975641028,-4.399, 2.8000000000000007
5.212000000000001,-4.604769229, 2.8000000000000007
5.374053572,-4.799, 2.8000000000000007
5.579045455303032,-5.199, 2.8000000000000007
5.628538462307694,-5.349, 2.8000000000000007
5.708052632456142,-5.699, 2.8000000000000007
5.7440175447368444,-5.799, 2.8000000000000007
5.872267858035715,-6.049, 2.8000000000000007
5.917092593518519,-6.299, 2.8000000000000007
5.941891305434784,-6.799, 2.8000000000000007
5.982555556666669,-6.949, 2.8000000000000007
6.009340426595746,-7.149, 2.8000000000000007
5.989500001000001,-7.399, 2.8000000000000007
5.995771930701756,-7.899, 2.8000000000000007
5.993363637272728,-8.249, 2.8000000000000007
5.984272728181819,-8.449, 2.8000000000000007
5.9205000010000015,-8.899, 2.8000000000000007
5.904924529245284,-8.949, 2.8000000000000007
5.870854167708335,-9.249, 2.8000000000000007
5.756387756122451,-9.549, 2.8000000000000007
5.734959184693879,-9.749, 2.8000000000000007
5.678509434905661,-9.999, 2.8000000000000007
5.579013889583334,-10.349, 2.8000000000000007
5.476156627108435,-10.599, 2.8000000000000007
5.368785715000002,-10.749, 2.8000000000000007
5.186253732089553,-10.949, 2.8000000000000007
5.062000000000002,-11.05639437, 2.8000000000000007
4.912000000000002,-11.16576829, 2.8000000000000007
4.712000000000001,-11.25919737, 2.8000000000000007
4.562,-11.28921739, 2.8000000000000007
4.412,-11.33707692, 2.8000000000000007
4.312,-11.39433898, 2.8000000000000007
4.112000000000001,-11.53742593, 2.8000000000000007
3.9620000000000006,-11.6617193, 2.8000000000000007
3.862000000000001,-11.71795161, 2.8000000000000007
3.4620000000000006,-11.63883517, 2.8000000000000007
3.112000000000001,-11.63064894, 2.8000000000000007
2.862000000000001,-11.64050485, 2.8000000000000007
2.612000000000001,-11.68866346, 2.8000000000000007
2.412000000000001,-11.75787097, 2.8000000000000007
2.2120000000000006,-11.80855882, 2.8000000000000007
2.062000000000001,-11.81922727, 2.8000000000000007
1.7120000000000006,-11.81895614, 2.8000000000000007
1.5620000000000012,-11.80921739, 2.8000000000000007
1.2620000000000013,-11.77337107, 2.8000000000000007
0.7120000000000006,-11.752125, 2.8000000000000007
0.4120000000000008,-11.71603125, 2.8000000000000007
0.26200000000000134,-11.66183333, 2.8000000000000007
-0.038,-11.53316667, 2.8000000000000007
-0.338,-11.41711798, 2.8000000000000007
-0.438,-11.36687791, 2.8000000000000007
-0.638,-11.24580451, 2.8000000000000007
-0.938,-11.07558451, 2.8000000000000007
-1.338,-10.86545833, 2.8000000000000007
-1.688,-10.6316, 2.8000000000000007
-1.988,-10.47068874, 2.8000000000000007
-2.288,-10.2823815, 2.8000000000000007
-2.588,-10.11236207, 2.8000000000000007
-2.778348102,-9.949, 2.8000000000000007
-2.888,-9.838309211, 2.8000000000000007
-3.045214765,-9.649, 2.8000000000000007
-3.151983051,-9.499, 2.8000000000000007
-3.207827586,-9.399, 2.8000000000000007
-3.395781457,-8.999, 2.8000000000000007
-3.496059211,-8.749, 2.8000000000000007
-3.544335617,-8.499, 2.8000000000000007
-3.570122093,-8.199, 2.8000000000000007
-3.560019868,-7.949, 2.8000000000000007
-3.520342658,-7.699, 2.8000000000000007
-3.517545455,-7.399, 2.8000000000000007
-3.504163794,-6.899, 2.8000000000000007
-3.553707965,-6.749, 2.8000000000000007
-3.699607143,-6.399, 2.8000000000000007
-3.73473077,-6.249, 2.8000000000000007
-3.746603896,-6.049, 2.8000000000000007
-3.735932331,-5.849, 2.8000000000000007
-3.701983051,-5.649, 2.8000000000000007
-3.652972528,-5.499, 2.8000000000000007
-3.502583334,-5.199, 2.8000000000000007
-3.354618497,-4.949, 2.8000000000000007
-3.214533743,-4.749, 2.8000000000000007
-3.123576923,-4.599, 2.8000000000000007
-3.050028302,-4.449, 2.8000000000000007
-2.875132354,-4.199, 2.8000000000000007
-2.711245615,-3.949, 2.8000000000000007
-2.589666668,-3.799, 2.8000000000000007
-2.488,-3.695276595, 2.8000000000000007
-2.188,-3.436053571, 2.8000000000000007
-2.088,-3.360842104, 2.8000000000000007
-1.760169812,-3.049, 2.8000000000000007
-1.288,-2.68271212, 2.8000000000000007
-0.988,-2.481831325, 2.8000000000000007
-0.788,-2.384677083, 2.8000000000000007
-0.738,-2.370629213, 2.8000000000000007
-0.488,-2.231932692, 2.8000000000000007
-0.188,-2.083663865, 2.8000000000000007
-0.038,-2.032669354, 2.8000000000000007
0.1620000000000008,-1.982661417, 2.8000000000000007
0.4120000000000017,-1.941768595, 2.8000000000000007
0.7120000000000006,-1.937690476, 2.8000000000000007
1.7620000000000013,-1.940875, 2.8000000000000007
1.9620000000000006,-1.945238938, 2.8000000000000007
2.5120000000000013,-2.036385321, 2.8000000000000007
1.7620000000000013,-2.486820512,3
2.062000000000001,-2.587636362,3
2.4620000000000006,-2.744535712,3
2.570928575,-2.799,3
2.809916670833335,-2.949,3
3.101583338,-3.149,3
3.5620000000000003,-3.442269229,3
3.7620000000000013,-3.609714283,3
3.957192309615386,-3.849,3
4.219236843421053,-4.149,3
4.346239131521741,-4.349,3
4.453477273863636,-4.499,3
4.812000000000002,-4.900973683,3
4.975020834374999,-5.099,3
5.0781764715686295,-5.299,3
5.152277778703705,-5.549,3
5.270333334210529,-5.799,3
5.374053572,-6.099,3
5.418018519444446,-6.349,3
5.431196429464285,-6.599,3
5.421375000892858,-6.799,3
5.448160715178571,-6.949,3
5.481196429464286,-7.049,3
5.544692308461539,-7.349,3
5.595666667333336,-7.649,3
5.610287671917809,-7.949,3
5.599187500625001,-8.199,3
5.576333334000002,-8.449,3
5.529753623913044,-8.699,3
5.459131148360657,-8.899,3
5.403153847,-9.099,3
5.389016129838711,-9.199,3
5.301453125781252,-9.499,3
5.228228071052633,-9.799,3
5.108698114150944,-10.099,3
5.080500001000002,-10.249,3
5.038630435869567,-10.349,3
4.975372094186047,-10.449,3
4.796302326744185,-10.649,3
4.612000000000001,-10.80525,3
4.462000000000001,-10.8865,3
4.312,-10.98597183,3
4.012000000000001,-11.21811765,3
3.862000000000001,-11.32030682,3
3.7620000000000013,-11.36957292,3
3.612000000000001,-11.41313934,3
3.3120000000000003,-11.43862585,3
3.1120000000000028,-11.44553285,3
2.862000000000001,-11.47977957,3
2.562000000000001,-11.5306474,3
2.2120000000000006,-11.61744828,3
2.0120000000000013,-11.6277415,3
1.612000000000001,-11.62519863,3
1.2620000000000013,-11.6088,3
1.112000000000001,-11.5841626,3
0.862,-11.56116814,3
0.7120000000000006,-11.53508491,3
0.46200000000000063,-11.50875,3
0.31200000000000117,-11.45483333,3
0.062000000000001165,-11.32821053,3
-0.138,-11.26242105,3
-0.388,-11.154,3
-0.538,-11.06883696,3
-0.988,-10.7729011,3
-1.238,-10.66541414,3
-1.388,-10.57800943,3
-1.588,-10.48091057,3
-1.888,-10.36842568,3
-2.238,-10.21630769,3
-2.438,-10.11874432,3
-2.588,-10.02298256,3
-2.735291667,-9.899,3
-2.838,-9.796198276,3
-2.95567516,-9.649,3
-3.157196429,-9.349,3
-3.253086207,-9.149,3
-3.379129033,-8.799,3
-3.403029762,-8.749,3
-3.459335079,-8.449,3
-3.475063954,-8.199,3
-3.458210281,-7.899,3
-3.427596274,-7.699,3
-3.430218543,-7.399,3
-3.408581396,-7.149,3
-3.362625,-6.899,3
-3.369527778,-6.799,3
-3.497631148,-6.449,3
-3.551429752,-6.249,3
-3.555148761,-5.799,3
-3.545743363,-5.699,3
-3.496478261,-5.499,3
-3.456554688,-5.399,3
-3.354732284,-5.199,3
-3.252008621,-5.049,3
-3.09887963,-4.849,3
-2.838,-4.560206896,3
-2.565816902,-4.299,3
-2.471214286,-4.199,3
-2.358070423,-4.049,3
-2.238,-3.920691176,3
-2.138,-3.831746478,3
-1.888,-3.661499999,3
-1.588,-3.433274193,3
-1.438,-3.332771929,3
-1.188,-3.196448979,3
-0.938,-3.071674417,3
-0.538,-2.85814634,3
-0.438,-2.797124999,3
-0.138,-2.666682926,3
0.11200000000000099,-2.540071427,3
0.26200000000000134,-2.490279069,3
0.4120000000000008,-2.460931817,3
0.6620000000000008,-2.438285713,3
0.9120000000000008,-2.431142856,3
1.2120000000000006,-2.439104166,3
1.7620000000000013,-2.486820512,3
0.4120000000000008,-11.21452632, 3.1999999999999993
0.1620000000000008,-11.09422472, 3.1999999999999993
0.012000000000001343,-11.03208824, 3.1999999999999993
-0.188,-10.96605608, 3.1999999999999993
-0.388,-10.86922727, 3.1999999999999993
-0.638,-10.72114912, 3.1999999999999993
-0.838,-10.57929661, 3.1999999999999993
-0.988,-10.48965217, 3.1999999999999993
-1.388,-10.34164706, 3.1999999999999993
-1.588,-10.28144681, 3.1999999999999993
-1.688,-10.26490909, 3.1999999999999993
-1.888,-10.21123404, 3.1999999999999993
-2.188,-10.11220423, 3.1999999999999993
-2.438,-10.00511111, 3.1999999999999993
-2.588,-9.912652483, 3.1999999999999993
-2.711166667,-9.799, 3.1999999999999993
-2.799330936,-9.699, 3.1999999999999993
-2.909666667,-9.549, 3.1999999999999993
-3.108596591,-9.249, 3.1999999999999993
-3.208328283,-9.049, 3.1999999999999993
-3.247905661,-8.949, 3.1999999999999993
-3.353353261,-8.599, 3.1999999999999993
-3.3955,-8.399, 3.1999999999999993
-3.410916667,-8.249, 3.1999999999999993
-3.421203125,-7.899, 3.1999999999999993
-3.424221591,-7.399, 3.1999999999999993
-3.402583334,-7.249, 3.1999999999999993
-3.316459822,-6.949, 3.1999999999999993
-3.293729167,-6.799, 3.1999999999999993
-3.318524862,-6.499, 3.1999999999999993
-3.355810458,-6.299, 3.1999999999999993
-3.346739838,-5.799, 3.1999999999999993
-3.300291667,-5.549, 3.1999999999999993
-3.200276786,-5.299, 3.1999999999999993
-3.105763158,-5.149, 3.1999999999999993
-2.945105264,-4.949, 3.1999999999999993
-2.838,-4.836631578, 3.1999999999999993
-2.588,-4.632910891, 3.1999999999999993
-2.388,-4.517939393, 3.1999999999999993
-2.241928572,-4.399, 3.1999999999999993
-1.988,-4.131333333, 3.1999999999999993
-1.788,-3.978938271, 3.1999999999999993
-1.588,-3.838062499, 3.1999999999999993
-1.388,-3.731647058, 3.1999999999999993
-1.238,-3.678360465, 3.1999999999999993
-1.088,-3.639178571, 3.1999999999999993
-0.888,-3.602989361, 3.1999999999999993
-0.738,-3.561239583, 3.1999999999999993
-0.638,-3.506499999, 3.1999999999999993
-0.388,-3.337081395, 3.1999999999999993
-0.188,-3.224526315, 3.1999999999999993
0.11200000000000099,-3.082249999, 3.1999999999999993
0.26200000000000134,-3.035684782, 3.1999999999999993
0.5120000000000013,-2.982045976, 3.1999999999999993
0.6620000000000008,-2.966499999, 3.1999999999999993
1.1620000000000008,-2.980666666, 3.1999999999999993
1.2620000000000013,-2.987698629, 3.1999999999999993
1.4620000000000006,-3.028666666, 3.1999999999999993
1.612000000000001,-3.089384615, 3.1999999999999993
1.862000000000001,-3.23166129, 3.1999999999999993
2.112000000000001,-3.409714285, 3.1999999999999993
2.312000000000001,-3.536980768, 3.1999999999999993
2.4620000000000006,-3.659964911, 3.1999999999999993
2.612000000000001,-3.764416666, 3.1999999999999993
2.812000000000001,-3.869833333, 3.1999999999999993
3.062000000000001,-3.969564515, 3.1999999999999993
3.3120000000000003,-4.128910713, 3.1999999999999993
3.7120000000000006,-4.462306451, 3.1999999999999993
3.8120000000000003,-4.53563793, 3.1999999999999993
4.212000000000001,-4.876238805, 3.1999999999999993
4.428071429285715,-5.099, 3.1999999999999993
4.533666667333333,-5.249, 3.1999999999999993
4.652882353529413,-5.499, 3.1999999999999993
4.770841464,-5.699, 3.1999999999999993
4.8827894742105284,-5.949, 3.1999999999999993
4.931642857653064,-6.099, 3.1999999999999993
4.977561225,-6.299, 3.1999999999999993
4.994142857619049,-6.599, 3.1999999999999993
5.026250001,-6.799, 3.1999999999999993
5.047606061111112,-7.099, 3.1999999999999993
5.106602273295455,-7.299, 3.1999999999999993
5.2372777783333335,-7.649, 3.1999999999999993
5.269941177058825,-7.849, 3.1999999999999993
5.274058824117648,-8.149, 3.1999999999999993
5.225141026282052,-8.349, 3.1999999999999993
5.121507043,-8.699, 3.1999999999999993
5.000076923846156,-8.999, 3.1999999999999993
4.897769231538462,-9.299, 3.1999999999999993
4.822964913157896,-9.599, 3.1999999999999993
4.762500001000002,-9.749, 3.1999999999999993
4.682500001,-9.899, 3.1999999999999993
4.529613637500002,-10.149, 3.1999999999999993
4.3250681829545465,-10.449, 3.1999999999999993
4.173500001000002,-10.649, 3.1999999999999993
3.9919019617647065,-10.849, 3.1999999999999993
3.8120000000000003,-11.01358333, 3.1999999999999993
3.612000000000001,-11.14939063, 3.1999999999999993
3.4620000000000006,-11.2149375, 3.1999999999999993
3.3120000000000003,-11.26177174, 3.1999999999999993
3.062000000000001,-11.28184884, 3.1999999999999993
2.812000000000001,-11.36125962, 3.1999999999999993
2.362000000000001,-11.38696296, 3.1999999999999993
2.2620000000000013,-11.40948387, 3.1999999999999993
1.9620000000000006,-11.42826136, 3.1999999999999993
1.7120000000000006,-11.42949451, 3.1999999999999993
1.4120000000000008,-11.41425, 3.1999999999999993
0.9120000000000008,-11.31486022, 3.1999999999999993
0.8120000000000012,-11.28427778, 3.1999999999999993
0.4120000000000008,-11.21452632, 3.1999999999999993
-3.40547449,-8.449, 3.3999999999999986
-3.441125,-8.049, 3.3999999999999986
-3.450719299,-7.349, 3.3999999999999986
-3.404269842,-7.099, 3.3999999999999986
-3.319716418,-6.899, 3.3999999999999986
-3.276173653,-6.649, 3.3999999999999986
-3.247905661,-6.199, 3.3999999999999986
-3.219375,-6.049, 3.3999999999999986
-3.205994506,-5.799, 3.3999999999999986
-3.151006757,-5.649, 3.3999999999999986
-3.051,-5.449, 3.3999999999999986
-2.95675,-5.299, 3.3999999999999986
-2.747722223,-5.049, 3.3999999999999986
-2.638,-4.944224719, 3.3999999999999986
-2.438,-4.78268644, 3.3999999999999986
-2.188,-4.61708943, 3.3999999999999986
-2.088,-4.53025, 3.3999999999999986
-1.738,-4.258068627, 3.3999999999999986
-1.538,-4.080944444, 3.3999999999999986
-1.388,-3.985914062, 3.3999999999999986
-1.188,-3.882277027, 3.3999999999999986
-0.938,-3.778278075, 3.3999999999999986
-0.738,-3.719073891, 3.3999999999999986
-0.638,-3.669625, 3.3999999999999986
-0.438,-3.530929348, 3.3999999999999986
-0.088,-3.325608911, 3.3999999999999986
0.11200000000000099,-3.227308823, 3.3999999999999986
0.26200000000000134,-3.187403614, 3.3999999999999986
0.612,-3.144212766, 3.3999999999999986
0.9620000000000006,-3.182917197, 3.3999999999999986
1.1620000000000008,-3.214709459, 3.3999999999999986
1.362000000000001,-3.235832061, 3.3999999999999986
1.5120000000000013,-3.285417322, 3.3999999999999986
1.7620000000000013,-3.438864864, 3.3999999999999986
2.362000000000001,-3.918132653, 3.3999999999999986
2.5120000000000013,-4.010448598, 3.3999999999999986
2.812000000000001,-4.125937984, 3.3999999999999986
3.0120000000000013,-4.229818965, 3.3999999999999986
3.162000000000001,-4.334280373, 3.3999999999999986
3.5620000000000003,-4.667809523, 3.3999999999999986
3.9120000000000017,-4.929528846, 3.3999999999999986
4.062,-5.068749999, 3.3999999999999986
4.282412844495414,-5.299, 3.3999999999999986
4.584241379655174,-5.749, 3.3999999999999986
4.732597484591197,-6.049, 3.3999999999999986
4.781970414497041,-6.199, 3.3999999999999986
4.814777778148151,-6.349, 3.3999999999999986
4.851052287908499,-6.849, 3.3999999999999986
4.862961538846155,-7.099, 3.3999999999999986
4.899126866044779,-7.349, 3.3999999999999986
4.981078947807018,-7.649, 3.3999999999999986
4.995578431862746,-7.899, 3.3999999999999986
4.9745000005319175,-8.049, 3.3999999999999986
4.8662207798701305,-8.399, 3.3999999999999986
4.826873418354432,-8.499, 3.3999999999999986
4.660809524603176,-8.799, 3.3999999999999986
4.544692308461538,-9.049, 3.3999999999999986
4.466090910000001,-9.249, 3.3999999999999986
4.373500000999999,-9.399, 3.3999999999999986
4.125461539743591,-9.749, 3.3999999999999986
3.8940312515625015,-9.999, 3.3999999999999986
3.6620000000000017,-10.25882143, 3.3999999999999986
3.5620000000000003,-10.35703572, 3.3999999999999986
3.3732500025000016,-10.499, 3.3999999999999986
3.2620000000000013,-10.5615, 3.3999999999999986
3.062000000000001,-10.65278788, 3.3999999999999986
2.912000000000001,-10.70663889, 3.3999999999999986
2.7120000000000006,-10.76246154, 3.3999999999999986
2.2620000000000013,-10.82343182, 3.3999999999999986
2.0120000000000013,-10.9115, 3.3999999999999986
1.5620000000000012,-10.97490909, 3.3999999999999986
1.362000000000001,-10.98553846, 3.3999999999999986
1.1620000000000008,-10.9855942, 3.3999999999999986
0.9120000000000008,-10.93906849, 3.3999999999999986
0.6620000000000008,-10.91720988, 3.3999999999999986
0.46200000000000063,-10.91105882, 3.3999999999999986
0.31200000000000117,-10.86983333, 3.3999999999999986
0.062000000000001165,-10.78145192, 3.3999999999999986
-0.088,-10.76486957, 3.3999999999999986
-0.288,-10.70733333, 3.3999999999999986
-0.388,-10.66821642, 3.3999999999999986
-0.588,-10.56842568, 3.3999999999999986
-0.888,-10.37884375, 3.3999999999999986
-1.088,-10.27871698, 3.3999999999999986
-1.338,-10.19078322, 3.3999999999999986
-1.588,-10.1308038, 3.3999999999999986
-1.738,-10.10791608, 3.3999999999999986
-1.988,-10.01378102, 3.3999999999999986
-2.288,-9.890942149, 3.3999999999999986
-2.488,-9.818525548, 3.3999999999999986
-2.588,-9.750136364, 3.3999999999999986
-2.694762295,-9.649, 3.3999999999999986
-2.905746914,-9.399, 3.3999999999999986
-3.156523316,-9.049, 3.3999999999999986
-3.249596386,-8.849, 3.3999999999999986
-3.2755,-8.749, 3.3999999999999986
-3.40547449,-8.449, 3.3999999999999986
4.673778846634616,-6.399, 3.599999999999998
4.687304878658538,-7.399, 3.599999999999998
4.697661765441178,-7.649, 3.599999999999998
4.694720588970589,-7.899, 3.599999999999998
4.6684393946969704,-7.999, 3.599999999999998
4.526230770000001,-8.349, 3.599999999999998
4.477000000769231,-8.449, 3.599999999999998
4.274083334166668,-8.749, 3.599999999999998
4.129452831132077,-8.949, 3.599999999999998
4.062,-9.024543479, 3.599999999999998
3.612000000000001,-9.484000001, 3.599999999999998
3.4620000000000006,-9.613361703, 3.599999999999998
3.112000000000001,-9.856653062, 3.599999999999998
2.7620000000000013,-10.06105357, 3.599999999999998
2.562000000000001,-10.16662295, 3.599999999999998
2.2620000000000013,-10.25922727, 3.599999999999998
2.112000000000001,-10.28785135, 3.599999999999998
1.9620000000000006,-10.33545833, 3.599999999999998
1.8120000000000012,-10.4084697, 3.599999999999998
1.6620000000000008,-10.46507143, 3.599999999999998
1.3120000000000012,-10.55756164, 3.599999999999998
1.162,-10.58140741, 3.599999999999998
0.46200000000000063,-10.58025, 3.599999999999998
0.26200000000000134,-10.56497222, 3.599999999999998
0.11200000000000099,-10.53791304, 3.599999999999998
-0.238,-10.51494488, 3.599999999999998
-0.438,-10.46683088, 3.599999999999998
-0.688,-10.36819014, 3.599999999999998
-0.838,-10.27616667, 3.599999999999998
-0.988,-10.19841861, 3.599999999999998
-1.388,-10.03713869, 3.599999999999998
-1.538,-9.9865, 3.599999999999998
-1.788,-9.918017094, 3.599999999999998
-2.288,-9.680060607, 3.599999999999998
-2.488,-9.604769231, 3.599999999999998
-2.638,-9.50216092, 3.599999999999998
-2.788,-9.367809524, 3.599999999999998
-3.138,-8.987992538, 3.599999999999998
-3.244632653,-8.849, 3.599999999999998
-3.4625,-8.499, 3.599999999999998
-3.508178572,-8.399, 3.599999999999998
-3.553889831,-8.199, 3.599999999999998
-3.562565218,-8.099, 3.599999999999998
-3.579504855,-7.649, 3.599999999999998
-3.598185186,-7.449, 3.599999999999998
-3.570880435,-7.149, 3.599999999999998
-3.547000001,-7.049, 3.599999999999998
-3.478277778,-6.899, 3.599999999999998
-3.433430108,-6.749, 3.599999999999998
-3.412202128,-6.549, 3.599999999999998
-3.355792793,-6.299, 3.599999999999998
-3.273634329,-6.049, 3.599999999999998
-3.257160584,-5.899, 3.599999999999998
-3.158973155,-5.699, 3.599999999999998
-3.053425532,-5.549, 3.599999999999998
-2.838,-5.334736196, 3.599999999999998
-2.488,-4.996222222, 3.599999999999998
-2.288,-4.830497175, 3.599999999999998
-2.188,-4.76761413, 3.599999999999998
-2.038,-4.652804347, 3.599999999999998
-1.875576687,-4.499, 3.599999999999998
-1.638,-4.28775, 3.599999999999998
-1.488,-4.116166666, 3.599999999999998
-1.388,-4.027726708, 3.599999999999998
-1.188,-3.912833333, 3.599999999999998
-0.938,-3.738139344, 3.599999999999998
-0.688,-3.620106557, 3.599999999999998
-0.488,-3.483909909, 3.599999999999998
-0.238,-3.336723214, 3.599999999999998
-0.038,-3.230299212, 3.599999999999998
0.11200000000000099,-3.172920863, 3.599999999999998
0.26200000000000134,-3.150335877, 3.599999999999998
0.5620000000000012,-3.140267123, 3.599999999999998
0.7620000000000013,-3.175675977, 3.599999999999998
0.9620000000000006,-3.260596385, 3.599999999999998
1.112000000000001,-3.313385475, 3.599999999999998
1.362000000000001,-3.385818182, 3.599999999999998
1.5620000000000012,-3.486678571, 3.599999999999998
1.7097500005000006,-3.599, 3.599999999999998
1.862000000000001,-3.729511811, 3.599999999999998
2.0391008407563023,-3.899, 3.599999999999998
2.2120000000000006,-4.075875, 3.599999999999998
2.312000000000001,-4.155041666, 3.599999999999998
2.4620000000000006,-4.217893129, 3.599999999999998
2.562000000000001,-4.239042372, 3.599999999999998
2.812000000000001,-4.338749999, 3.599999999999998
3.0120000000000013,-4.480593406, 3.599999999999998
3.5620000000000003,-4.96323611, 3.599999999999998
3.862000000000001,-5.197828124, 3.599999999999998
4.116924243,-5.449, 3.599999999999998
4.379168675301206,-5.749, 3.599999999999998
4.477489130978262,-5.899, 3.599999999999998
4.572164835714285,-6.099, 3.599999999999998
4.630351064361702,-6.249, 3.599999999999998
4.673778846634616,-6.399, 3.599999999999998
-2.838,-8.943014085, 3.8000000000000007
-3.288,-8.766954546, 3.8000000000000007
-3.438,-8.66623301, 3.8000000000000007
-3.588,-8.526925532, 3.8000000000000007
-3.703540541,-8.399, 3.8000000000000007
-3.841095239,-8.199, 3.8000000000000007
-3.895543104,-8.099, 3.8000000000000007
-3.966320313,-7.899, 3.8000000000000007
-4.051188977,-7.699, 3.8000000000000007
-4.091048781,-7.549, 3.8000000000000007
-4.0934,-6.899, 3.8000000000000007
-4.043081301,-6.749, 3.8000000000000007
-3.891632479,-6.399, 3.8000000000000007
-3.729190477,-6.149, 3.8000000000000007
-3.588,-5.903924242, 3.8000000000000007
-3.488,-5.769277777, 3.8000000000000007
-3.327825582,-5.599, 3.8000000000000007
-3.238,-5.531983193, 3.8000000000000007
-3.088,-5.458065934, 3.8000000000000007
-2.838,-5.320534653, 3.8000000000000007
-2.638,-5.167103448, 3.8000000000000007
-2.488,-5.033558823, 3.8000000000000007
-2.388,-4.96916129, 3.8000000000000007
-2.188,-4.818705882, 3.8000000000000007
-2.066529412,-4.699, 3.8000000000000007
-1.864075269,-4.449, 3.8000000000000007
-1.798156251,-4.349, 3.8000000000000007
-1.600096775,-4.099, 3.8000000000000007
-1.388,-3.868936708, 3.8000000000000007
-1.088,-3.580418918, 3.8000000000000007
-0.838,-3.383420289, 3.8000000000000007
-0.428217393,-3.149, 3.8000000000000007
-0.288,-3.085818181, 3.8000000000000007
0.11200000000000099,-2.991924527, 3.8000000000000007
0.3120000000000003,-2.992867924, 3.8000000000000007
0.612,-3.042367346, 3.8000000000000007
0.8120000000000012,-3.14107317, 3.8000000000000007
1.0120000000000013,-3.297026314, 3.8000000000000007
1.2120000000000006,-3.467548385, 3.8000000000000007
1.4120000000000008,-3.592292682, 3.8000000000000007
1.537892858928573,-3.699, 3.8000000000000007
1.862000000000001,-4.01542857, 3.8000000000000007
1.9620000000000006,-4.091934782, 3.8000000000000007
2.2120000000000006,-4.31004651, 3.8000000000000007
2.4850000020000014,-4.499, 3.8000000000000007
2.608428573809525,-4.599, 3.8000000000000007
2.769000002000002,-4.749, 3.8000000000000007
2.912000000000001,-4.919833331, 3.8000000000000007
3.2840588264705888,-5.299, 3.8000000000000007
3.455055558333334,-5.499, 3.8000000000000007
3.687000003333334,-5.749, 3.8000000000000007
3.8120000000000003,-5.934416663, 3.8000000000000007
3.9813181840909104,-6.249, 3.8000000000000007
4.019758622413794,-6.349, 3.8000000000000007
4.062806453225806,-6.549, 3.8000000000000007
4.073486487837839,-6.999, 3.8000000000000007
4.07546154,-7.899, 3.8000000000000007
4.024209303488372,-8.149, 3.8000000000000007
3.9781111122222237,-8.299, 3.8000000000000007
3.9161666678571434,-8.449, 3.8000000000000007
3.774209303488372,-8.649, 3.8000000000000007
3.598111112222223,-8.849, 3.8000000000000007
3.224254902941177,-9.299, 3.8000000000000007
3.062000000000001,-9.45418868, 3.8000000000000007
2.862000000000001,-9.612461539, 3.8000000000000007
2.562000000000001,-9.817402778, 3.8000000000000007
2.4620000000000006,-9.870103897, 3.8000000000000007
2.2120000000000006,-9.962392858, 3.8000000000000007
2.112000000000001,-9.985764706, 3.8000000000000007
1.9620000000000006,-10.04275, 3.8000000000000007
1.7120000000000006,-10.15750516, 3.8000000000000007
1.362000000000001,-10.23453922, 3.8000000000000007
1.2620000000000013,-10.26768932, 3.8000000000000007
1.0620000000000012,-10.30682828, 3.8000000000000007
0.9120000000000008,-10.32330556, 3.8000000000000007
0.21200000000000063,-10.33996639, 3.8000000000000007
-0.088,-10.34027907, 3.8000000000000007
-0.338,-10.31224627, 3.8000000000000007
-0.488,-10.26657246, 3.8000000000000007
-0.788,-10.13215972, 3.8000000000000007
-0.988,-10.06595206, 3.8000000000000007
-1.288,-9.916992425, 3.8000000000000007
-1.638,-9.714366973, 3.8000000000000007
-1.838,-9.584817308, 3.8000000000000007
-2.238,-9.355818182, 3.8000000000000007
-2.388,-9.262851352, 3.8000000000000007
-2.838,-8.943014085, 3.8000000000000007
-1.188,-4.896499998,4
-0.888,-4.986499998,4
-0.688,-5.006608693,4
-0.488,-5.013999997,4
-0.288,-4.992749988,4
-0.200500025,-4.949,4
0.012000000000001343,-4.911499975,4
0.13699995000000076,-4.899,4
0.13699995000000076,-4.849,4
0.23700005000000068,-4.849,4
0.26200000000000134,-4.87399995,4
0.362,-4.87399995,4
0.4120000000000008,-4.902571421,4
0.6620000000000008,-4.911499975,4
0.8120000000000012,-4.94066665,4
0.9370000500000009,-4.949,4
0.9370000500000009,-4.999,4
1.0620000000000012,-5.02399995,4
1.2370000500000007,-5.099,4
1.2370000500000007,-5.149,4
1.387000050000001,-5.199,4
1.387000050000001,-5.249,4
1.4620000000000006,-5.27399995,4
1.5120000000000013,-5.32399995,4
1.620333350000002,-5.349,4
1.6620000000000008,-5.42399995,4
1.7370000500000007,-5.449,4
1.8745000250000006,-5.549,4
1.9120000000000008,-5.62399995,4
1.9620000000000006,-5.62399995,4
2.070333350000002,-5.699,4
2.412000000000001,-6.036499975,4
2.437000050000001,-6.049,4
2.7120000000000006,-6.32399995,4
2.724500025000001,-6.349,4
2.9670000100000014,-6.599,4
2.9995000250000006,-6.649,4
3.162000000000001,-6.811499975,4
3.3120000000000003,-7.042749988,4
3.3485384653846166,-7.149,4
3.354391307,-7.449,4
3.3660322596774206,-7.649,4
3.3660322596774206,-7.949,4
3.271027779166668,-8.249,4
3.213875001,-8.399,4
3.130023256976745,-8.549,4
3.053145834375001,-8.649,4
2.921722223148149,-8.849,4
2.7762307700000015,-9.049,4
2.595433736,-9.249,4
2.390055556111112,-9.449,4
2.312000000000001,-9.514,4
2.0120000000000013,-9.713959017,4
1.7620000000000013,-9.852537736,4
1.612000000000001,-9.920626985,4
1.362000000000001,-10.01140158,4
1.1620000000000008,-10.0698042,4
0.9620000000000006,-10.11211189,4
0.5120000000000013,-10.13200562,4
0.26200000000000134,-10.16885294,4
-0.138,-10.19453571,4
-0.388,-10.16902551,4
-0.788,-10.01012805,4
-0.988,-9.919428572,4
-1.088,-9.862322369,4
-1.438,-9.638957265,4
-1.488,-9.6136,4
-1.688,-9.468078948,4
-1.888,-9.307238637,4
-2.088,-9.132012821,4
-2.238,-9.01168116,4
-2.532148937,-8.749,4
-2.799486488,-8.449,4
-2.987074076,-8.199,4
-3.200500002,-7.699,4
-3.228277781,-7.599,4
-3.236809526,-7.299,4
-3.223000003,-7.049,4
-3.170812503,-6.849,4
-3.045000002,-6.599,4
-2.847848486,-6.249,4
-2.751815791,-6.099,4
-2.464063831,-5.749,4
-2.288,-5.590666666,4
-2.138,-5.477278688,4
-1.988,-5.389079364,4
-1.888,-5.357116882,4
-1.688,-5.258931506,4
-1.523465117,-5.149,4
-1.338,-4.988843748,4
-1.188,-4.896499998,4
-1.60243662,-9.199, 4.199999999999999
-1.800500001,-8.949, 4.199999999999999
-1.98064706,-8.649, 4.199999999999999
-2.055187501,-8.549, 4.199999999999999
-2.14084091,-8.399, 4.199999999999999
-2.248119049,-8.149, 4.199999999999999
-2.342729731,-7.899, 4.199999999999999
-2.414875001,-7.649, 4.199999999999999
-2.447848486,-7.399, 4.199999999999999
-2.447848486,-7.199, 4.199999999999999
-2.430261906,-6.849, 4.199999999999999
-2.395211539,-6.399, 4.199999999999999
-2.353566039,-6.249, 4.199999999999999
-2.25209091,-6.049, 4.199999999999999
-2.151596492,-5.899, 4.199999999999999
-2.066240742,-5.799, 4.199999999999999
-1.960596155,-5.699, 4.199999999999999
-1.788,-5.584126582, 4.199999999999999
-1.588,-5.483821428, 4.199999999999999
-1.438,-5.428687499, 4.199999999999999
-1.138,-5.409714285, 4.199999999999999
-0.838,-5.420180555, 4.199999999999999
-0.738,-5.433374999, 4.199999999999999
-0.588,-5.477308823, 4.199999999999999
-0.138,-5.62809836, 4.199999999999999
0.062,-5.740981131, 4.199999999999999
0.46200000000000063,-6.030854838, 4.199999999999999
0.612,-6.161323943, 4.199999999999999
0.7906363645454553,-6.299, 4.199999999999999
0.9120000000000008,-6.379859374, 4.199999999999999
1.2620000000000013,-6.65665306, 4.199999999999999
1.5120000000000013,-6.837194443, 4.199999999999999
1.7120000000000006,-6.996580644, 4.199999999999999
1.8695000016666672,-7.149, 4.199999999999999
2.2120000000000006,-7.517749997, 4.199999999999999
2.314586209,-7.649, 4.199999999999999
2.466729731081082,-7.899, 4.199999999999999
2.573170213829788,-8.149, 4.199999999999999
2.618018519444445,-8.349, 4.199999999999999
2.6329016401639356,-8.499, 4.199999999999999
2.617821918493151,-8.699, 4.199999999999999
2.575144330412373,-8.899, 4.199999999999999
2.477869565652174,-9.099, 4.199999999999999
2.382404412132354,-9.249, 4.199999999999999
2.2630330582644635,-9.399, 4.199999999999999
2.167192308076924,-9.499, 4.199999999999999
2.0460909094405597,-9.599, 4.199999999999999
1.862000000000001,-9.708134616, 4.199999999999999
1.612000000000001,-9.814725807, 4.199999999999999
1.1620000000000008,-9.964725807, 4.199999999999999
0.862,-10.04178524, 4.199999999999999
0.8120000000000012,-10.0615, 4.199999999999999
0.612,-10.09453571, 4.199999999999999
0.31200000000000117,-10.09358042, 4.199999999999999
-0.138,-10.13811043, 4.199999999999999
-0.438,-10.12154098, 4.199999999999999
-0.638,-10.07073295, 4.199999999999999
-0.738,-10.0215, 4.199999999999999
-0.888,-9.921133758, 4.199999999999999
-1.080431193,-9.749, 4.199999999999999
-1.60243662,-9.199, 4.199999999999999
-0.138,-10.01619858, 4.399999999999999
-0.438,-9.964524194, 4.399999999999999
-0.588,-9.912169643, 4.399999999999999
-0.738,-9.820534654, 4.399999999999999
-0.915150538,-9.649, 4.399999999999999
-1.046333334,-9.499, 4.399999999999999
-1.223666667,-9.149, 4.399999999999999
-1.312295775,-8.999, 4.399999999999999
-1.425946429,-8.699, 4.399999999999999
-1.549363637,-8.499, 4.399999999999999
-1.605410715,-8.349, 4.399999999999999
-1.651500001,-8.149, 4.399999999999999
-1.673638299,-7.999, 4.399999999999999
-1.70702174,-7.899, 4.399999999999999
-1.719976745,-7.799, 4.399999999999999
-1.753697676,-7.699, 4.399999999999999
-1.800209303,-7.499, 4.399999999999999
-1.813000001,-7.349, 4.399999999999999
-1.805682928,-6.949, 4.399999999999999
-1.752583335,-6.749, 4.399999999999999
-1.638,-6.493230765, 4.399999999999999
-1.560826089,-6.349, 4.399999999999999
-1.438,-6.212095236, 4.399999999999999
-1.291947371,-6.099, 4.399999999999999
-1.188,-6.033027776, 4.399999999999999
-0.988,-5.927645832, 4.399999999999999
-0.888,-5.906589285, 4.399999999999999
-0.688,-5.894491802, 4.399999999999999
-0.438,-5.890666666, 4.399999999999999
-0.138,-5.929227272, 4.399999999999999
0.012000000000001343,-5.996836538, 4.399999999999999
0.362,-6.181730263, 4.399999999999999
0.5120000000000013,-6.287448276, 4.399999999999999
0.7620000000000013,-6.48537931, 4.399999999999999
0.9847777781481488,-6.699, 4.399999999999999
1.1962500005000019,-6.949, 4.399999999999999
1.443686047093025,-7.199, 4.399999999999999
1.6225769237179497,-7.399, 4.399999999999999
1.780910257051283,-7.599, 4.399999999999999
1.9234583340277789,-7.799, 4.399999999999999
2.070582090298509,-8.049, 4.399999999999999
2.1384492760869565,-8.199, 4.399999999999999
2.1861803286885255,-8.499, 4.399999999999999
2.199328768,-8.899, 4.399999999999999
2.175194444907408,-9.199, 4.399999999999999
2.0698629036290335,-9.449, 4.399999999999999
1.9155714289473682,-9.649, 4.399999999999999
1.8106641225190847,-9.749, 4.399999999999999
1.7120000000000006,-9.821382199, 4.399999999999999
1.5120000000000013,-9.916458101, 4.399999999999999
1.362000000000001,-9.964138889, 4.399999999999999
1.1620000000000008,-10.00787097, 4.399999999999999
0.9120000000000008,-10.01744059, 4.399999999999999
0.5620000000000012,-10.01406211, 4.399999999999999
-0.138,-10.01619858, 4.399999999999999