X,Y,Z
-2.536148, 5.582603000000001,-58.309
-3.367332, 5.578504000000001,-58.309
-3.504529,5.586373,-58.309
-3.709456,5.628308,-58.309
-4.033987,5.724081,-58.309
-4.165922,5.781271,-58.309
-4.406585,5.922295,-58.309
-4.57793,6.042273,-58.309
-5.021157,6.479042,-58.309
-5.155611,6.639278,-58.309
-5.370011, 7.003449999999999,-58.309
-5.441553,7.200009,-58.309
-5.477875,7.406005,-58.309
-5.482442, 7.803427000000001,-58.309
-5.464211, 8.011804999999999,-58.309
-5.404948,8.260427,-58.309
-5.341783, 8.438621999999999,-58.309
-5.240258,8.621505,-58.309
-5.108517,8.783981,-58.309
-4.83416, 9.052119999999999,-58.309
-4.53148,9.262267,-58.309
-4.350331,9.366853,-58.309
-4.153772,9.438395,-58.309
-3.947776,9.474718,-58.309
-3.44054,9.479284,-58.309
-3.264517,9.466304,-58.309
-3.061067,9.417704,-58.309
-2.920303,9.370311,-58.309
-2.759334,9.29791,-58.309
-2.559382, 9.161933000000001,-58.309
-2.265056,8.867607,-58.309
-2.145079,8.696262,-58.309
-2.049393, 8.492163999999999,-58.309
-1.962057,8.366823,-58.309
-1.803905,8.054338,-58.309
-1.695759,7.747966,-58.309
-1.673101,7.645761,-58.309
-1.657342, 7.465631999999999,-58.309
-1.579875,7.349641,-58.309
-1.500263, 7.168143000000001,-58.309
-1.45161, 6.976018000000001,-58.309
-1.435244,6.778504,-58.309
-1.45161,6.580991,-58.309
-1.500263,6.388865,-58.309
-1.579875,6.207367,-58.309
-1.688275,6.041449,-58.309
-1.822506,5.895635,-58.309
-1.978906,5.773904,-58.309
-2.153209,5.679576,-58.309
-2.340661, 5.6152239999999995,-58.309
-3.184936,5.460517,-58.009
-3.190705, 5.461679999999999,-58.009
-3.284936,5.477798,-58.009
-3.384936,5.495274,-58.009
-3.484936,5.50778,-58.009
-3.584936,5.520982,-58.009
-3.684936,5.547828,-58.009
-3.709635,5.56168,-58.009
-3.784936,5.594574,-58.009
-3.884936,5.620982,-58.009
-3.984936,5.659008,-58.009
-3.98862,5.66168,-58.009
-4.084936,5.704238,-58.009
-4.184936,5.754071,-58.009
-4.193013,5.76168,-58.009
-4.284936,5.822649,-58.009
-4.348686,5.86168,-58.009
-4.384936,5.887118,-58.009
-4.480801, 5.961679999999999,-58.009
-4.484936,5.965815,-58.009
-4.584936,6.044472,-58.009
-4.602486,6.06168,-58.009
-4.684936,6.141488,-58.009
-4.705128,6.16168,-58.009
-4.784936,6.25459,-58.009
-4.79187,6.26168,-58.009
-4.871085,6.36168,-58.009
-4.884936, 6.3755310000000005,-58.009
-4.962209, 6.461679999999999,-58.009
-4.984936,6.489253,-58.009
-5.032521,6.56168,-58.009
-5.084936,6.658555,-58.009
-5.087608,6.66168,-58.009
-5.136869,6.76168,-58.009
-5.177327,6.86168,-58.009
-5.184936,6.875316,-58.009
-5.219572, 6.961679999999999,-58.009
-5.240695,7.06168,-58.009
-5.271085,7.16168,-58.009
-5.284936,7.209354,-58.009
-5.299936,7.26168,-58.009
-5.314103,7.36168,-58.009
-5.319447, 7.461679999999999,-58.009
-5.321077,7.56168,-58.009
-5.322504,7.66168,-58.009
-5.321077,7.76168,-58.009
-5.316357,7.86168,-58.009
-5.299936, 7.961679999999999,-58.009
-5.284936,8.003346,-58.009
-5.265125, 8.061679999999999,-58.009
-5.241294,8.16168,-58.009
-5.216186,8.26168,-58.009
-5.184936,8.31315,-58.009
-5.153999,8.36168,-58.009
-5.114482,8.46168,-58.009
-5.084936, 8.501945000000001,-58.009
-5.040818, 8.561679999999999,-58.009
-4.984936,8.631762,-58.009
-4.95905,8.66168,-58.009
-4.884936,8.74528,-58.009
-4.868666,8.76168,-58.009
-4.784936,8.84541,-58.009
-4.768269,8.86168,-58.009
-4.684936,8.935955,-58.009
-4.656983,8.96168,-58.009
-4.584936, 9.019960000000001,-58.009
-4.538809, 9.061679999999999,-58.009
-4.484936,9.107764,-58.009
-4.40844,9.16168,-58.009
-4.384936, 9.179421999999999,-58.009
-4.284936,9.221623,-58.009
-4.208306,9.26168,-58.009
-4.184936,9.276109,-58.009
-4.084936,9.31142,-58.009
-3.984936,9.334956,-58.009
-3.895513,9.36168,-58.009
-3.884936, 9.365815000000001,-58.009
-3.784936,9.387552,-58.009
-3.684936, 9.401819999999999,-58.009
-3.584936,9.408092,-58.009
-3.484936,9.413441,-58.009
-3.384936, 9.416008999999999,-58.009
-3.284936,9.41405,-58.009
-3.184936,9.408475,-58.009
-3.084936,9.397285,-58.009
-2.984936,9.387981,-58.009
-2.886023,9.36168,-58.009
-2.884936,9.361289,-58.009
-2.784936,9.334123,-58.009
-2.684936,9.310775,-58.009
-2.584936, 9.293130999999999,-58.009
-2.53077,9.26168,-58.009
-2.484936,9.232901,-58.009
-2.384936,9.185475,-58.009
-2.346955,9.16168,-58.009
-2.284936,9.12235,-58.009
-2.184936, 9.085505000000001,-58.009
-2.147568, 9.061679999999999,-58.009
-2.084936,9.015556,-58.009
-2.010205,8.96168,-58.009
-1.984936, 8.938863999999999,-58.009
-1.892494,8.86168,-58.009
-1.884936, 8.853238000000001,-58.009
-1.792173,8.76168,-58.009
-1.784936,8.752663,-58.009
-1.703318,8.66168,-58.009
-1.684936, 8.636168999999999,-58.009
-1.627905, 8.561679999999999,-58.009
-1.584936,8.483109,-58.009
-1.573031,8.46168,-58.009
-1.485603,8.36168,-58.009
-1.484936,8.359299,-58.009
-1.454339,8.26168,-58.009
-1.385612,8.16168,-58.009
-1.385371, 8.061679999999999,-58.009
-1.384936,8.060117,-58.009
-1.344551, 7.961679999999999,-58.009
-1.316113,7.86168,-58.009
-1.298672,7.76168,-58.009
-1.285462,7.66168,-58.009
-1.285379,7.56168,-58.009
-1.284936,7.558555,-58.009
-1.27045, 7.461679999999999,-58.009
-1.252309,7.36168,-58.009
-1.244096,7.26168,-58.009
-1.246824,7.16168,-58.009
-1.253607,7.06168,-58.009
-1.266549, 6.961679999999999,-58.009
-1.284936,6.914958,-58.009
-1.305249,6.86168,-58.009
-1.329069,6.76168,-58.009
-1.354991,6.66168,-58.009
-1.384936, 6.602441000000001,-58.009
-1.407663,6.56168,-58.009
-1.428269, 6.461679999999999,-58.009
-1.441982,6.36168,-58.009
-1.46364,6.26168,-58.009
-1.484936,6.230598,-58.009
-1.524167,6.16168,-58.009
-1.568269,6.06168,-58.009
-1.584936, 6.0412799999999995,-58.009
-1.635444, 5.961679999999999,-58.009
-1.684936,5.897954,-58.009
-1.718572,5.86168,-58.009
-1.784936,5.78964,-58.009
-1.813652,5.76168,-58.009
-1.884936, 5.706443999999999,-58.009
-1.955018,5.66168,-58.009
-1.984936,5.639424,-58.009
-2.084936,5.595637,-58.009
-2.147191,5.56168,-58.009
-2.184936,5.538487,-58.009
-2.284936,5.510157,-58.009
-2.384936,5.489236,-58.009
-2.484936,5.466531,-58.009
-2.51202, 5.461679999999999,-58.009
-2.584936,5.449611,-58.009
-2.684936,5.446117,-58.009
-2.784936,5.44668,-58.009
-2.884936,5.44668,-58.009
-2.984936, 5.4472499999999995,-58.009
-3.084936,5.449009,-58.009
-1.359837,6.521168,-57.709
-1.083552, 6.910591999999999,-57.709
-0.995151, 7.100167999999999,-57.709
-0.9410129, 7.302213999999999,-57.709
-0.9227822,7.510592,-57.709
-0.9273486,7.981223,-57.709
-0.9636712,8.187218,-57.709
-1.035213,8.383778,-57.709
-1.120156,8.549844,-57.709
-1.240133,8.72119,-57.709
-1.324605, 8.811485999999999,-57.709
-1.554318, 9.023475000000001,-57.709
-1.732544,9.13297,-57.709
-1.931984,9.223893,-57.709
-2.134031,9.278031,-57.709
-2.265008,9.290027,-57.709
-2.500075,9.351241,-57.709
-2.708453,9.369471,-57.709
-3.39871,9.364905,-57.709
-3.604706,9.328582,-57.709
-3.892478,9.246458,-57.709
-4.08701,9.169575,-57.709
-4.223563, 9.098887999999999,-57.709
-4.394908,8.978911,-57.709
-4.508695,8.871581,-57.709
-4.799047,8.574772,-57.709
-4.935984,8.381905,-57.709
-5.040571,8.200756,-57.709
-5.080633,8.104038,-57.709
-5.134771,7.901991,-57.709
-5.153002, 7.693613999999999,-57.709
-5.140022,7.224755,-57.709
-5.111487,7.105302,-57.709
-5.098167,6.899566,-57.709
-5.044029,6.69752,-57.709
-4.955628,6.507944,-57.709
-4.725838,6.190181,-57.709
-4.394908, 5.8592509999999995,-57.709
-4.202041,5.722313,-57.709
-4.020891, 5.617725999999999,-57.709
-3.84791, 5.5517710000000005,-57.709
-3.667943, 5.4678510000000005,-57.709
-3.445966,5.411969,-57.709
-3.311871,5.363162,-57.709
-3.105875,5.326839,-57.709
-2.635244,5.322273,-57.709
-2.426866,5.340504,-57.709
-2.22482,5.394642,-57.709
-1.962035,5.519647,-57.709
-1.79069, 5.6396239999999995,-57.709
-1.642782, 5.787532000000001,-57.709
-1.522804,5.958878,-57.709
-1.434404,6.148454,-57.709
-1.380266,6.3505,-57.709
-3.284936,5.14725,-57.409
-3.324751,5.16168,-57.409
-3.384936, 5.182119999999999,-57.409
-3.484936, 5.2014949999999995,-57.409
-3.584936,5.224723,-57.409
-3.684936,5.259008,-57.409
-3.69016,5.26168,-57.409
-3.784936,5.301367,-57.409
-3.884936,5.333336,-57.409
-3.933306,5.36168,-57.409
-3.984936,5.391743,-57.409
-4.084936,5.425692,-57.409
-4.142007, 5.461679999999999,-57.409
-4.184936,5.489457,-57.409
-4.284936,5.534499,-57.409
-4.321097,5.56168,-57.409
-4.384936,5.61099,-57.409
-4.44568,5.66168,-57.409
-4.484936,5.694438,-57.409
-4.566186,5.76168,-57.409
-4.584936,5.779121,-57.409
-4.671521,5.86168,-57.409
-4.684936,5.87543,-57.409
-4.762756, 5.961679999999999,-57.409
-4.784936,5.98606,-57.409
-4.842483,6.06168,-57.409
-4.884936,6.113206,-57.409
-4.923421,6.16168,-57.409
-4.963832,6.26168,-57.409
-4.984936,6.290189,-57.409
-5.030981,6.36168,-57.409
-5.084546, 6.461679999999999,-57.409
-5.084936,6.462223,-57.409
-5.134936,6.56168,-57.409
-5.178686,6.66168,-57.409
-5.184936, 6.672718999999999,-57.409
-5.222368,6.76168,-57.409
-5.244881,6.86168,-57.409
-5.269373, 6.961679999999999,-57.409
-5.284936,7.005198,-57.409
-5.30424,7.06168,-57.409
-5.326506,7.16168,-57.409
-5.336106,7.26168,-57.409
-5.342628,7.36168,-57.409
-5.347139, 7.461679999999999,-57.409
-5.348329,7.56168,-57.409
-5.349137,7.66168,-57.409
-5.349307,7.76168,-57.409
-5.352327,7.86168,-57.409
-5.351065, 7.961679999999999,-57.409
-5.342319, 8.061679999999999,-57.409
-5.329972,8.16168,-57.409
-5.312588,8.26168,-57.409
-5.287002,8.36168,-57.409
-5.284936,8.369256,-57.409
-5.256696,8.46168,-57.409
-5.212436, 8.561679999999999,-57.409
-5.184936,8.636004,-57.409
-5.17438,8.66168,-57.409
-5.098227,8.76168,-57.409
-5.084936,8.782268,-57.409
-5.025377,8.86168,-57.409
-4.984936,8.90829,-57.409
-4.93413,8.96168,-57.409
-4.884936, 9.008602999999999,-57.409
-4.825453, 9.061679999999999,-57.409
-4.784936, 9.093013000000001,-57.409
-4.689566,9.16168,-57.409
-4.684936,9.164458,-57.409
-4.584936,9.233462,-57.409
-4.531163,9.26168,-57.409
-4.484936,9.28262,-57.409
-4.384936,9.322394,-57.409
-4.284936,9.350113,-57.409
-4.256754,9.36168,-57.409
-4.184936,9.388369,-57.409
-4.084936, 9.406932999999999,-57.409
-3.984936,9.420415,-57.409
-3.884936,9.429783,-57.409
-3.784936,9.438027,-57.409
-3.684936,9.443938,-57.409
-3.584936, 9.435379000000001,-57.409
-3.484936, 9.423573000000001,-57.409
-3.384936,9.415789,-57.409
-3.284936,9.393498,-57.409
-3.204531,9.36168,-57.409
-3.184936,9.351469,-57.409
-3.084936,9.32418,-57.409
-2.984936, 9.311015999999999,-57.409
-2.884936,9.300675,-57.409
-2.784936,9.277242,-57.409
-2.74577,9.26168,-57.409
-2.684936, 9.239422999999999,-57.409
-2.584936,9.214353,-57.409
-2.484936,9.191509,-57.409
-2.430249,9.16168,-57.409
-2.384936,9.135787,-57.409
-2.284936, 9.111087999999999,-57.409
-2.184936, 9.076882000000001,-57.409
-2.157497, 9.061679999999999,-57.409
-2.084936,9.018249,-57.409
-1.99376,8.96168,-57.409
-1.984936, 8.954922999999999,-57.409
-1.884936, 8.881583000000001,-57.409
-1.861373,8.86168,-57.409
-1.784936,8.784354,-57.409
-1.761156,8.76168,-57.409
-1.684936,8.676064,-57.409
-1.6713,8.66168,-57.409
-1.584936,8.562426,-57.409
-1.584319, 8.561679999999999,-57.409
-1.491726,8.46168,-57.409
-1.484936,8.449723,-57.409
-1.437289,8.36168,-57.409
-1.384936,8.262791,-57.409
-1.384421,8.26168,-57.409
-1.330726,8.16168,-57.409
-1.285426, 8.061679999999999,-57.409
-1.284936,8.059299,-57.409
-1.2663, 7.961679999999999,-57.409
-1.242987,7.86168,-57.409
-1.228984,7.76168,-57.409
-1.223913,7.66168,-57.409
-1.219432,7.56168,-57.409
-1.218906, 7.461679999999999,-57.409
-1.225914,7.36168,-57.409
-1.237158,7.26168,-57.409
-1.253598,7.16168,-57.409
-1.276663,7.06168,-57.409
-1.284936,7.040383,-57.409
-1.311666, 6.961679999999999,-57.409
-1.33523,6.86168,-57.409
-1.365632,6.76168,-57.409
-1.384936, 6.726622000000001,-57.409
-1.415643,6.66168,-57.409
-1.432145,6.56168,-57.409
-1.433174, 6.461679999999999,-57.409
-1.433637,6.36168,-57.409
-1.438766,6.26168,-57.409
-1.447744,6.16168,-57.409
-1.466667,6.06168,-57.409
-1.484936,6.016442,-57.409
-1.506232, 5.961679999999999,-57.409
-1.534936,5.86168,-57.409
-1.561743,5.76168,-57.409
-1.584936,5.731835,-57.409
-1.631586,5.66168,-57.409
-1.684936,5.57089,-57.409
-1.692545,5.56168,-57.409
-1.775608, 5.461679999999999,-57.409
-1.784936,5.451759,-57.409
-1.884936,5.37292,-57.409
-1.898239,5.36168,-57.409
-1.984936,5.297394,-57.409
-2.033547,5.26168,-57.409
-2.084936,5.223404,-57.409
-2.184936,5.18257,-57.409
-2.226152,5.16168,-57.409
-2.284936,5.131885,-57.409
-2.384936,5.106918,-57.409
-2.484936, 5.0887340000000005,-57.409
-2.584936,5.078461,-57.409
-2.684936,5.073749,-57.409
-2.784936,5.078909,-57.409
-2.884936,5.087346,-57.409
-2.984936,5.100067,-57.409
-3.084936,5.113543,-57.409
-3.184936,5.129644,-57.409
-2.118639,8.72119,-57.109
-1.669222,8.073988,-57.109
-1.580821,7.884412,-57.109
-1.526683,7.682365,-57.109
-1.508453,7.473988,-57.109
-1.508453,6.924921,-57.109
-1.513019,6.820335,-57.109
-1.541712, 6.6566220000000005,-57.109
-1.490079,6.437816,-57.109
-1.471848, 6.1928339999999995,-57.109
-1.471848,6.009812,-57.109
-1.490079, 5.8014339999999995,-57.109
-1.544217,5.599387,-57.109
-1.632618, 5.4098120000000005,-57.109
-1.752595,5.238467,-57.109
-1.900503,5.090558,-57.109
-2.071848,4.970581,-57.109
-2.261424,4.88218,-57.109
-2.46347,4.828042,-57.109
-2.671848,4.809812,-57.109
-2.880226,4.828042,-57.109
-3.082272,4.88218,-57.109
-3.194919,4.934708,-57.109
-3.465896,4.97446,-57.109
-3.667943, 5.028598000000001,-57.109
-4.203913, 5.251682000000001,-57.109
-4.296771,5.300021,-57.109
-4.58914,5.509087,-57.109
-4.835651,5.750928,-57.109
-5.020631, 5.9970300000000005,-57.109
-5.122157,6.179913,-57.109
-5.207616,6.405583,-57.109
-5.31915,6.607892,-57.109
-5.457466,6.948096,-57.109
-5.53742, 7.229004999999999,-57.109
-5.55565,7.437383,-57.109
-5.55565,7.73677,-57.109
-5.587688,7.918466,-57.109
-5.592255, 8.352492999999999,-57.109
-5.574024,8.560871,-57.109
-5.519886,8.762917,-57.109
-5.431485,8.952493,-57.109
-5.311508, 9.123838000000001,-57.109
-5.189786,9.251778,-57.109
-5.043942,9.372079,-57.109
-4.862792,9.476667,-57.109
-4.666233,9.548209,-57.109
-4.417611,9.607471,-57.109
-4.172628,9.625702,-57.109
-3.848415,9.621136,-57.109
-3.642419,9.584813,-57.109
-3.44586,9.513271,-57.109
-3.353002, 9.464932000000001,-57.109
-3.181657,9.344955,-57.109
-3.136867,9.301086,-57.109
-2.896794,9.220436,-57.109
-2.62573,9.076665,-57.109
-2.437892,8.989075,-57.109
-2.266547,8.869098,-57.109
-1.446829,7.76168,-56.809
-1.500499,7.36168,-56.809
-1.508589,7.16168,-56.809
-1.509936,6.86168,-56.809
-1.521186,6.66168,-56.809
-1.491186,6.36168,-56.809
-1.479381,6.16168,-56.809
-1.483013, 5.961679999999999,-56.809
-1.536527, 5.461679999999999,-56.809
-1.538254,5.36168,-56.809
-1.560829,5.26168,-56.809
-1.606832,5.16168,-56.809
-1.669167, 4.961679999999999,-56.809
-1.784936,4.743108,-56.809
-1.866365,4.66168,-56.809
-1.984936, 4.5993200000000005,-56.809
-2.084936,4.573066,-56.809
-2.384936,4.536883,-56.809
-2.484936,4.533385,-56.809
-2.684936, 4.5478499999999995,-56.809
-2.784936,4.579585,-56.809
-3.084936,4.642805,-56.809
-3.184936,4.68815,-56.809
-3.384936,4.738388,-56.809
-3.684936,4.826404,-56.809
-3.784936,4.879422,-56.809
-3.984936,4.946117,-56.809
-4.084936,4.99735,-56.809
-4.184936,5.024492,-56.809
-4.384936,5.123938,-56.809
-4.584936,5.244651,-56.809
-4.684936,5.322471,-56.809
-4.884936,5.514414,-56.809
-5.112835,5.76168,-56.809
-5.321402,6.06168,-56.809
-5.432611,6.26168,-56.809
-5.521986, 6.461679999999999,-56.809
-5.554728,6.56168,-56.809
-5.741235, 6.961679999999999,-56.809
-5.84621,7.16168,-56.809
-5.890113, 7.273224999999999,-56.809
-5.984334, 7.461679999999999,-56.809
-6.038649, 7.605764000000001,-56.809
-6.083849,7.66168,-56.809
-6.157119,7.800348,-56.809
-6.295257,8.00891,-56.809
-6.363187,8.186768,-56.809
-6.394756,8.317383,-56.809
-6.424664,8.580099,-56.809
-6.419796,9.084473,-56.809
-6.386259,9.227219,-56.809
-6.32021,9.36886,-56.809
-6.210063,9.524644,-56.809
-6.16562,9.612486,-56.809
-5.917841,9.870763,-56.809
-5.669012,10.03111,-56.809
-5.536606,10.07996,-56.809
-5.436419,10.13348,-56.809
-5.106861,10.223,-56.809
-4.678752,10.22903,-56.809
-4.526745,10.19271,-56.809
-4.206997,9.984306,-56.809
-3.984936,9.888602,-56.809
-3.784936,9.777094,-56.809
-3.384936,9.473749,-56.809
-3.284936,9.35793,-56.809
-3.184936,9.217815,-56.809
-3.084936,9.137347,-56.809
-2.884936,9.035072,-56.809
-2.684936, 8.954744999999999,-56.809
-2.484936,8.887981,-56.809
-2.284936,8.791238,-56.809
-2.13821,8.66168,-56.809
-1.833025,8.36168,-56.809
-1.677327,8.16168,-56.809
-1.540966, 7.961679999999999,-56.809
-5.95785,6.825895,-56.509
-6.485857,7.363894,-56.509
-6.675591, 7.4857249999999995,-56.509
-6.922102,7.727566,-56.509
-7.042078,7.898911,-56.509
-7.130479,8.088486,-56.509
-7.155644,8.186693,-56.509
-7.261705,8.338163,-56.509
-7.350106,8.527739,-56.509
-7.404244,8.729785,-56.509
-7.422475, 8.974768000000001,-56.509
-7.422475, 9.194393999999999,-56.509
-7.404244,9.402772,-56.509
-7.313501,9.714632,-56.509
-7.225101,9.904208,-56.509
-7.105123,10.07555,-56.509
-7.001433,10.18188,-56.509
-6.922102,10.29518,-56.509
-6.83763,10.38547,-56.509
-6.681126,10.52426,-56.509
-6.566244,10.59967,-56.509
-6.429691, 10.670359999999999,-56.509
-6.23516,10.74724,-56.509
-5.954995,10.81542,-56.509
-5.851204, 10.829080000000001,-56.509
-5.197551,10.83365,-56.509
-5.060354,10.82578,-56.509
-4.855427,10.78384,-56.509
-4.489148,10.65638,-56.509
-4.289634, 10.543420000000001,-56.509
-4.006471,10.32201,-56.509
-3.765837,10.03895,-56.509
-3.69067,9.939263,-56.509
-3.557473, 9.689991000000001,-56.509
-3.389629,9.464954,-56.509
-3.301228,9.275378,-56.509
-3.261082,9.132585,-56.509
-3.159442,9.025235,-56.509
-3.115387, 8.954823000000001,-56.509
-2.700677, 8.821245000000001,-56.509
-2.407841,8.748036,-56.509
-2.218266,8.659635,-56.509
-1.827294,8.393241,-56.509
-1.679386, 8.245332000000001,-56.509
-1.60083,8.132631,-56.509
-1.488405,8.005847,-56.509
-1.412991,7.890965,-56.509
-1.353742,7.770686,-56.509
-1.420194,7.628181,-56.509
-1.474332,7.426134,-56.509
-1.492562, 7.217757000000001,-56.509
-1.492562,5.753581,-56.509
-1.474332, 5.4719940000000005,-56.509
-1.440517,5.340585,-56.509
-1.416745, 4.9781059999999995,-56.509
-1.419354,4.618845,-56.509
-1.394132,4.384378,-56.509
-1.49433,4.325213,-56.509
-1.681782,4.260861,-56.509
-1.877269,4.22824,-56.509
-2.342409,4.224141,-56.509
-2.446996,4.228708,-56.509
-2.652991,4.26503,-56.509
-2.866869,4.345778,-56.509
-3.118877, 4.4063229999999995,-56.509
-3.380919,4.530975,-56.509
-3.504918,4.551068,-56.509
-3.631338,4.589345,-56.509
-3.88718,4.710759,-56.509
-4.104572,4.795832,-56.509
-4.290217, 4.845575999999999,-56.509
-4.479793, 4.9339770000000005,-56.509
-4.677898,5.063433,-56.509
-4.870765,5.200372,-56.509
-5.018673,5.34828,-56.509
-5.118461,5.480227,-56.509
-5.368837,5.739718,-56.509
-5.436684,5.839036,-56.509
-5.538332,5.94261,-56.509
-5.656696,6.115074,-56.509
-5.739512,6.294871,-56.509
-5.801389, 6.547445999999999,-56.509
-1.801288,6.862225,-56.209
-1.809156,7.464767,-56.209
-1.850219, 7.665430000000001,-56.209
-1.856123,7.792178,-56.209
-1.936077,8.146296,-56.209
-2.009019,8.365123,-56.209
-2.061803, 8.699679999999999,-56.209
-2.133345,8.896239,-56.209
-2.254892,9.135515,-56.209
-2.37487,9.30686,-56.209
-2.522778,9.454768,-56.209
-2.715644,9.591706,-56.209
-2.896794,9.696293,-56.209
-3.093353,9.767834,-56.209
-3.230697,9.796403,-56.209
-3.409533,9.858342,-56.209
-3.573529,9.930166,-56.209
-3.768536,9.987121,-56.209
-4.034368,10.13204,-56.209
-4.147863,10.33113,-56.209
-4.330885,10.58736,-56.209
-4.458836,10.73841,-56.209
-4.719041, 10.992149999999999,-56.209
-4.890387,11.11213,-56.209
-4.983245,11.16047,-56.209
-5.179804, 11.232009999999999,-56.209
-5.3858,11.26833,-56.209
-5.490387,11.2729,-56.209
-5.870687,11.25657,-56.209
-6.015818, 11.232380000000001,-56.209
-6.140046,11.22843,-56.209
-6.344973, 11.186490000000001,-56.209
-6.539504,11.10961,-56.209
-6.737245,11.0011,-56.209
-6.901094, 10.871080000000001,-56.209
-7.039874,10.71457,-56.209
-7.14937,10.53635,-56.209
-7.240292,10.33691,-56.209
-7.294431,10.13486,-56.209
-7.312662,9.926482,-56.209
-7.308095,9.675478,-56.209
-7.271772, 9.469482000000001,-56.209
-7.194121,9.202705,-56.209
-7.153044,8.962083,-56.209
-7.082558,8.783739,-56.209
-7.015542,8.444559,-56.209
-6.944, 8.248000000000001,-56.209
-6.855983, 7.9758189999999995,-56.209
-6.80104,7.759047,-56.209
-6.741735,7.631496,-56.209
-6.703688,7.458275,-56.209
-6.644945,7.257519,-56.209
-6.387737,6.737299,-56.209
-6.321725,6.564198,-56.209
-6.268311,6.461873,-56.209
-6.324661, 6.266716000000001,-56.209
-6.161104, 6.0850230000000005,-56.209
-6.023649,5.895267,-56.209
-5.842568,5.778448,-56.209
-5.73999,5.686999,-56.209
-5.413034, 5.353585000000001,-56.209
-5.312428,5.209905,-56.209
-5.214416,5.124187,-56.209
-5.075636,4.967683,-56.209
-5.000966,4.855492,-56.209
-4.720302,4.768145,-56.209
-4.543992, 4.681490999999999,-56.209
-4.362842,4.576904,-56.209
-4.171202,4.418878,-56.209
-4.028752,4.34229,-56.209
-3.872352,4.220559,-56.209
-3.722443, 4.0507480000000005,-56.209
-3.586958,4.041119,-56.209
-2.818266,4.041119,-56.209
-2.536679,4.05935,-56.209
-2.288057,4.118613,-56.209
-2.078402, 4.186697000000001,-56.209
-1.888826,4.275098,-56.209
-1.717481,4.395075,-56.209
-1.569573,4.542983,-56.209
-1.449596,4.714328,-56.209
-1.361195,4.903904,-56.209
-1.307057,5.10595,-56.209
-1.288826,5.350932,-56.209
-1.307057, 5.742331999999999,-56.209
-1.361195,5.944379,-56.209
-1.410669, 6.0504750000000005,-56.209
-1.415006,6.170721,-56.209
-1.463659,6.362847,-56.209
-1.543271,6.544344,-56.209
-1.651671,6.710262,-56.209
-3.884936, 4.046117000000001,-55.909
-3.91048,4.06168,-55.909
-3.984936,4.102212,-55.909
-4.084936,4.131177,-55.909
-4.138825,4.16168,-55.909
-4.184936,4.188454,-55.909
-4.284936,4.222981,-55.909
-4.353008,4.26168,-55.909
-4.384936, 4.2817549999999995,-55.909
-4.484936,4.327406,-55.909
-4.543155,4.36168,-55.909
-4.584936,4.38731,-55.909
-4.684936,4.438763,-55.909
-4.722098, 4.461679999999999,-55.909
-4.784936,4.49888,-55.909
-4.884936,4.540846,-55.909
-4.92065,4.56168,-55.909
-4.984936,4.598077,-55.909
-5.084936,4.650262,-55.909
-5.099152,4.66168,-55.909
-5.184936,4.730577,-55.909
-5.217313,4.76168,-55.909
-5.284936,4.832193,-55.909
-5.313686,4.86168,-55.909
-5.384936,4.937344,-55.909
-5.409936, 4.961679999999999,-55.909
-5.484936,5.034048,-55.909
-5.516124,5.06168,-55.909
-5.584936, 5.126030999999999,-55.909
-5.625462,5.16168,-55.909
-5.684936, 5.219333000000001,-55.909
-5.72862,5.26168,-55.909
-5.784936,5.319832,-55.909
-5.823436,5.36168,-55.909
-5.884936,5.429262,-55.909
-5.912, 5.461679999999999,-55.909
-5.984936, 5.546253999999999,-55.909
-5.997768,5.56168,-55.909
-6.077927,5.66168,-55.909
-6.084936,5.668689,-55.909
-6.152166,5.76168,-55.909
-6.184936,5.802097,-55.909
-6.228008,5.86168,-55.909
-6.264482, 5.961679999999999,-55.909
-6.284936, 5.990057999999999,-55.909
-6.328859,6.06168,-55.909
-6.380801,6.16168,-55.909
-6.384936,6.167292,-55.909
-6.431654,6.26168,-55.909
-6.443044,6.36168,-55.909
-6.465509, 6.461679999999999,-55.909
-6.484936,6.492488,-55.909
-6.526201,6.56168,-55.909
-6.558503,6.66168,-55.909
-6.584936,6.703599,-55.909
-6.621329,6.76168,-55.909
-6.658334,6.86168,-55.909
-6.684936,6.903599,-55.909
-6.720873, 6.961679999999999,-55.909
-6.752528,7.06168,-55.909
-6.784936,7.118131,-55.909
-6.809782,7.16168,-55.909
-6.835809,7.26168,-55.909
-6.854764,7.36168,-55.909
-6.884936, 7.453785000000001,-55.909
-6.888345, 7.461679999999999,-55.909
-6.920448,7.56168,-55.909
-6.942785,7.66168,-55.909
-6.984936, 7.7558359999999995,-55.909
-6.988345,7.76168,-55.909
-7.026995,7.86168,-55.909
-7.04849, 7.961679999999999,-55.909
-7.084936, 8.053346000000001,-55.909
-7.089072, 8.061679999999999,-55.909
-7.124394,8.16168,-55.909
-7.14827,8.26168,-55.909
-7.184936,8.340251,-55.909
-7.196394,8.36168,-55.909
-7.231792,8.46168,-55.909
-7.259607, 8.561679999999999,-55.909
-7.284936,8.615152,-55.909
-7.307881,8.66168,-55.909
-7.337401,8.76168,-55.909
-7.367803,8.86168,-55.909
-7.384936,8.900568,-55.909
-7.412241,8.96168,-55.909
-7.437126, 9.061679999999999,-55.909
-7.457762,9.16168,-55.909
-7.480086,9.26168,-55.909
-7.484936,9.280798,-55.909
-7.503517,9.36168,-55.909
-7.515328,9.46168,-55.909
-7.522197, 9.561679999999999,-55.909
-7.523516,9.66168,-55.909
-7.518572,9.76168,-55.909
-7.506232,9.86168,-55.909
-7.484936,9.932088,-55.909
-7.474725,9.96168,-55.909
-7.448646, 10.061679999999999,-55.909
-7.432072,10.16168,-55.909
-7.412493,10.26168,-55.909
-7.384936,10.333,-55.909
-7.371671,10.36168,-55.909
-7.334138,10.46168,-55.909
-7.293864, 10.561679999999999,-55.909
-7.284936,10.57572,-55.909
-7.242436,10.66168,-55.909
-7.217802,10.76168,-55.909
-7.184936,10.81635,-55.909
-7.154812,10.86168,-55.909
-7.116815,10.96168,-55.909
-7.084936,11.01116,-55.909
-7.043835, 11.061679999999999,-55.909
-6.984936, 11.122110000000001,-55.909
-6.914936,11.16168,-55.909
-6.884936,11.17513,-55.909
-6.784936,11.20088,-55.909
-6.684936,11.22001,-55.909
-6.584936,11.24137,-55.909
-6.51861,11.26168,-55.909
-6.484936,11.27314,-55.909
-6.384936,11.29422,-55.909
-6.284936,11.30437,-55.909
-6.184936,11.31006,-55.909
-6.084936,11.31305,-55.909
-5.984936,11.31554,-55.909
-5.884936,11.3199,-55.909
-5.784936, 11.321819999999999,-55.909
-5.684936,11.3176,-55.909
-5.584936,11.31574,-55.909
-5.484936,11.31466,-55.909
-5.384936,11.3102,-55.909
-5.284936,11.30009,-55.909
-5.184936,11.27724,-55.909
-5.132714,11.26168,-55.909
-5.084936,11.24725,-55.909
-4.984936,11.21411,-55.909
-4.884936,11.19239,-55.909
-4.830609,11.16168,-55.909
-4.784936,11.13454,-55.909
-4.684936,11.09324,-55.909
-4.643084, 11.061679999999999,-55.909
-4.584936,11.01783,-55.909
-4.501878,10.96168,-55.909
-4.484936,10.94566,-55.909
-4.430368,10.86168,-55.909
-4.389071,10.76168,-55.909
-4.384936,10.75607,-55.909
-4.34231,10.66168,-55.909
-4.304747, 10.561679999999999,-55.909
-4.284936,10.53405,-55.909
-4.24565,10.46168,-55.909
-4.209492,10.36168,-55.909
-4.184936,10.28623,-55.909
-4.175362,10.26168,-55.909
-4.133979,10.16168,-55.909
-4.084936,10.08222,-55.909
-4.067728, 10.061679999999999,-55.909
-4.009459,9.96168,-55.909
-3.984936,9.929053,-55.909
-3.927327,9.86168,-55.909
-3.884936,9.81081,-55.909
-3.831634,9.76168,-55.909
-3.784936,9.714537,-55.909
-3.707853,9.66168,-55.909
-3.684936,9.64566,-55.909
-3.584936,9.586927,-55.909
-3.531811, 9.561679999999999,-55.909
-3.484936, 9.538720999999999,-55.909
-3.384936,9.477995,-55.909
-3.336499,9.46168,-55.909
-3.284936,9.442493,-55.909
-3.184936, 9.375141000000001,-55.909
-3.142936,9.36168,-55.909
-3.084936,9.340038,-55.909
-2.984936, 9.262305000000001,-55.909
-2.983849,9.26168,-55.909
-2.884936,9.17418,-55.909
-2.863269,9.16168,-55.909
-2.784936,9.11168,-55.909
-2.721423, 9.061679999999999,-55.909
-2.684936,9.032332,-55.909
-2.622436,8.96168,-55.909
-2.584936,8.92019,-55.909
-2.545081,8.86168,-55.909
-2.484936,8.77868,-55.909
-2.475052,8.76168,-55.909
-2.401082,8.66168,-55.909
-2.384936,8.629388,-55.909
-2.356175, 8.561679999999999,-55.909
-2.31705,8.46168,-55.909
-2.284936,8.38268,-55.909
-2.276859,8.36168,-55.909
-2.238245,8.26168,-55.909
-2.20063,8.16168,-55.909
-2.184936,8.133758,-55.909
-2.147436, 8.061679999999999,-55.909
-2.114999, 7.961679999999999,-55.909
-2.084936,7.901553,-55.909
-2.064744,7.86168,-55.909
-2.034936,7.76168,-55.909
-2.012235,7.66168,-55.909
-1.984936, 7.5983469999999995,-55.909
-1.967194,7.56168,-55.909
-1.935983, 7.461679999999999,-55.909
-1.908589,7.36168,-55.909
-1.884936, 7.313509000000001,-55.909
-1.859936,7.26168,-55.909
-1.838197,7.16168,-55.909
-1.819885,7.06168,-55.909
-1.795147, 6.961679999999999,-55.909
-1.784936,6.937513,-55.909
-1.758636,6.86168,-55.909
-1.71853,6.76168,-55.909
-1.684936,6.698444,-55.909
-1.662209,6.66168,-55.909
-1.632366,6.56168,-55.909
-1.613707, 6.461679999999999,-55.909
-1.584936,6.385944,-55.909
-1.573478,6.36168,-55.909
-1.529128,6.26168,-55.909
-1.484936,6.182851,-55.909
-1.469373,6.16168,-55.909
-1.442891,6.06168,-55.909
-1.409043, 5.961679999999999,-55.909
-1.384936, 5.9122889999999995,-55.909
-1.36038,5.86168,-55.909
-1.338962,5.76168,-55.909
-1.328769,5.66168,-55.909
-1.323342,5.56168,-55.909
-1.319885, 5.461679999999999,-55.909
-1.317476,5.36168,-55.909
-1.322128,5.26168,-55.909
-1.329741,5.16168,-55.909
-1.342628,5.06168,-55.909
-1.369936, 4.961679999999999,-55.909
-1.384936,4.933555,-55.909
-1.416017,4.86168,-55.909
-1.46364,4.76168,-55.909
-1.484936, 4.7351410000000005,-55.909
-1.530412,4.66168,-55.909
-1.584936,4.581046,-55.909
-1.602678,4.56168,-55.909
-1.684936,4.477798,-55.909
-1.701603, 4.461679999999999,-55.909
-1.784936,4.388763,-55.909
-1.835492,4.36168,-55.909
-1.884936,4.335808,-55.909
-1.984936,4.275531,-55.909
-2.007219,4.26168,-55.909
-2.084936,4.22575,-55.909
-2.184936,4.200381,-55.909
-2.284936,4.165089,-55.909
-2.291859,4.16168,-55.909
-2.384936,4.129499,-55.909
-2.484936,4.110184,-55.909
-2.584936,4.091625,-55.909
-2.684936,4.078346,-55.909
-2.750321,4.06168,-55.909
-2.784936,4.052105,-55.909
-2.884936, 4.0380270000000005,-55.909
-2.984936, 4.0298609999999995,-55.909
-3.084936,4.023573,-55.909
-3.184936,4.015251,-55.909
-3.284936,4.006723,-55.909
-3.384936,4.001253,-55.909
-3.484936,3.996629,-55.909
-3.584936, 3.9959580000000003,-55.909
-3.684936,3.998561,-55.909
-3.784936,4.013783,-55.909
-7.221461, 11.422709999999999,-55.609
-7.254718,11.26115,-55.609
-7.396712,10.67543,-55.609
-7.533128,10.33691,-55.609
-7.588201,10.12417,-55.609
-7.679546,9.934258,-55.609
-7.733684,9.732211,-55.609
-7.751914,9.523833,-55.609
-7.744045,9.203614,-55.609
-7.70211,8.998687,-55.609
-7.569732,8.674157,-55.609
-7.481332,8.484581,-55.609
-7.369011, 8.296541000000001,-55.609
-7.240292,7.905464,-55.609
-7.127022,7.625725,-55.609
-7.076111,7.527735,-55.609
-7.040103, 7.313312999999999,-55.609
-6.987864,7.110767,-55.609
-6.879167,6.838792,-55.609
-6.704433,6.509492,-55.609
-6.619787, 6.3830469999999995,-55.609
-6.482592,6.090413,-55.609
-6.420956, 5.887313000000001,-55.609
-6.344073, 5.692781999999999,-55.609
-6.23426,5.473155,-55.609
-6.08816, 5.2217210000000005,-55.609
-5.972871, 5.088074000000001,-55.609
-5.80262, 4.9361809999999995,-55.609
-5.643637,4.838508,-55.609
-5.566248,4.761119,-55.609
-5.460782,4.68727,-55.609
-5.257622,4.486157,-55.609
-5.089064,4.362294,-55.609
-4.947726, 4.2909120000000005,-55.609
-4.772628,4.165284,-55.609
-4.649878, 4.1034999999999995,-55.609
-4.47324,4.040279,-55.609
-4.124775, 3.9495370000000003,-55.609
-3.916397,3.931306,-55.609
-3.473122, 3.9337940000000002,-55.609
-3.26635, 3.9653979999999995,-55.609
-3.116038,4.014816,-55.609
-2.829514,4.05935,-55.609
-2.580892,4.118613,-55.609
-2.115006,4.259906,-55.609
-1.92543,4.348306,-55.609
-1.754085, 4.4682830000000004,-55.609
-1.606177,4.616192,-55.609
-1.4862, 4.7875369999999995,-55.609
-1.397799,4.977113,-55.609
-1.343661,5.179159,-55.609
-1.325431,5.387537,-55.609
-1.343661,5.669123,-55.609
-1.397799,5.87117,-55.609
-1.4862,6.060746,-55.609
-1.606177,6.232091,-55.609
-1.710391,6.336304,-55.609
-1.696041, 6.417686000000001,-55.609
-1.696041, 6.626860000000001,-55.609
-1.732364,6.832856,-55.609
-1.803905,7.029415,-55.609
-1.908492,7.210565,-55.609
-2.051532,7.39943,-55.609
-2.133345, 7.578480999999999,-55.609
-2.291497,7.854361,-55.609
-2.376398,7.9768,-55.609
-2.547728,8.293614,-55.609
-2.667705,8.464959,-55.609
-2.815613,8.612867,-55.609
-2.931217,8.693814,-55.609
-2.998635,8.759285,-55.609
-3.16998,8.879262,-55.609
-3.447732,9.115849,-55.609
-3.612717,9.211103,-55.609
-3.777172, 9.335474999999999,-55.609
-3.948049,9.434132,-55.609
-4.005091, 9.507107000000001,-55.609
-4.098814,9.76399,-55.609
-4.168945,10.04972,-55.609
-4.217717,10.18761,-55.609
-4.235408,10.39109,-55.609
-4.29735, 10.609869999999999,-55.609
-4.326991, 10.867700000000001,-55.609
-4.326991,11.00942,-55.609
-4.425781,11.08864,-55.609
-4.669611, 11.194320000000001,-55.609
-4.815495,11.24294,-55.609
-4.970927, 11.265170000000001,-55.609
-5.217049,11.32885,-55.609
-5.461193,11.362,-55.609
-5.66641, 11.374979999999999,-55.609
-5.765306,11.3986,-55.609
-6.991167,11.3986,-55.609
-3.984936, 3.9317349999999998,-55.309
-4.082257,3.96168,-55.309
-4.084936, 3.9628430000000003,-55.309
-4.184936, 3.9931310000000004,-55.309
-4.284936,4.0123,-55.309
-4.384936, 4.032121999999999,-55.309
-4.478796,4.06168,-55.309
-4.484936,4.064352,-55.309
-4.584936, 4.0938609999999995,-55.309
-4.684936,4.114113,-55.309
-4.784936,4.154745,-55.309
-4.798704,4.16168,-55.309
-4.884936,4.193498,-55.309
-4.984936, 4.228085999999999,-55.309
-5.070936,4.26168,-55.309
-5.084936,4.269288,-55.309
-5.184936,4.304996,-55.309
-5.284936, 4.339900999999999,-55.309
-5.317209,4.36168,-55.309
-5.384936,4.405762,-55.309
-5.479436, 4.461679999999999,-55.309
-5.484936,4.465878,-55.309
-5.584936,4.527116,-55.309
-5.62858,4.56168,-55.309
-5.684936,4.608843,-55.309
-5.748072,4.66168,-55.309
-5.784936, 4.692099000000001,-55.309
-5.875391,4.76168,-55.309
-5.884936, 4.7700130000000005,-55.309
-5.984936,4.858739,-55.309
-5.987877,4.86168,-55.309
-6.076669, 4.961679999999999,-55.309
-6.084936,4.970972,-55.309
-6.14981,5.06168,-55.309
-6.184936,5.101323,-55.309
-6.23646,5.16168,-55.309
-6.284936,5.218465,-55.309
-6.323227,5.26168,-55.309
-6.382244,5.36168,-55.309
-6.384936,5.365443,-55.309
-6.441582, 5.461679999999999,-55.309
-6.484936,5.536136,-55.309
-6.500815,5.56168,-55.309
-6.536134,5.66168,-55.309
-6.565633,5.76168,-55.309
-6.584936,5.796339,-55.309
-6.62043,5.86168,-55.309
-6.656505, 5.961679999999999,-55.309
-6.684936,6.005619,-55.309
-6.723478,6.06168,-55.309
-6.769469,6.16168,-55.309
-6.784936,6.187583,-55.309
-6.828246,6.26168,-55.309
-6.875745,6.36168,-55.309
-6.884936,6.378346,-55.309
-6.926603, 6.461679999999999,-55.309
-6.957404,6.56168,-55.309
-6.984936,6.615383,-55.309
-7.008084,6.66168,-55.309
-7.034645,6.76168,-55.309
-7.058212,6.86168,-55.309
-7.084936, 6.9300619999999995,-55.309
-7.099366, 6.961679999999999,-55.309
-7.122697,7.06168,-55.309
-7.135188,7.16168,-55.309
-7.145373,7.26168,-55.309
-7.152755,7.36168,-55.309
-7.165633, 7.461679999999999,-55.309
-7.184936,7.534299,-55.309
-7.19321,7.56168,-55.309
-7.21853,7.66168,-55.309
-7.232753,7.76168,-55.309
-7.248369,7.86168,-55.309
-7.259064, 7.961679999999999,-55.309
-7.283013, 8.061679999999999,-55.309
-7.284936,8.067777,-55.309
-7.308129,8.16168,-55.309
-7.324795,8.26168,-55.309
-7.366667,8.36168,-55.309
-7.384936,8.384299,-55.309
-7.429661,8.46168,-55.309
-7.479381, 8.561679999999999,-55.309
-7.484936,8.568317,-55.309
-7.531412,8.66168,-55.309
-7.569936,8.76168,-55.309
-7.584936,8.786136,-55.309
-7.620216,8.86168,-55.309
-7.652755,8.96168,-55.309
-7.681527, 9.061679999999999,-55.309
-7.684936,9.073219,-55.309
-7.706232,9.16168,-55.309
-7.716754,9.26168,-55.309
-7.722741,9.36168,-55.309
-7.743156,9.46168,-55.309
-7.766146, 9.561679999999999,-55.309
-7.784936,9.651073,-55.309
-7.787608,9.66168,-55.309
-7.812079,9.76168,-55.309
-7.810809,9.86168,-55.309
-7.802144,9.96168,-55.309
-7.784936,10.05632,-55.309
-7.783773, 10.061679999999999,-55.309
-7.756323,10.16168,-55.309
-7.739821,10.26168,-55.309
-7.726266,10.36168,-55.309
-7.690491,10.46168,-55.309
-7.684936, 10.471680000000001,-55.309
-7.643011, 10.561679999999999,-55.309
-7.604472,10.66168,-55.309
-7.584936,10.69148,-55.309
-7.544054,10.76168,-55.309
-7.508185,10.86168,-55.309
-7.484936,10.89486,-55.309
-7.444328,10.96168,-55.309
-7.384936, 11.055159999999999,-55.309
-7.379381, 11.061679999999999,-55.309
-7.310524,11.16168,-55.309
-7.284936, 11.193200000000001,-55.309
-7.228349,11.26168,-55.309
-7.184936,11.30458,-55.309
-7.084936,11.34341,-55.309
-6.984936,11.35612,-55.309
-6.940819,11.36168,-55.309
-6.884936,11.36861,-55.309
-6.784936,11.37495,-55.309
-6.684936, 11.378350000000001,-55.309
-6.584936, 11.375530000000001,-55.309
-6.484936,11.37189,-55.309
-6.384936,11.36284,-55.309
-6.376603,11.36168,-55.309
-6.284936,11.35022,-55.309
-6.184936,11.33097,-55.309
-6.084936,11.31716,-55.309
-5.984936,11.30886,-55.309
-5.884936,11.28924,-55.309
-5.798329,11.26168,-55.309
-5.784936,11.25612,-55.309
-5.684936,11.21733,-55.309
-5.584936,11.20025,-55.309
-5.484936, 11.177800000000001,-55.309
-5.447815,11.16168,-55.309
-5.384936,11.1359,-55.309
-5.284936,11.11135,-55.309
-5.184936,11.08215,-55.309
-5.138013, 11.061679999999999,-55.309
-5.084936,11.03738,-55.309
-4.984936,11.00842,-55.309
-4.884936,10.98146,-55.309
-4.835862,10.96168,-55.309
-4.784936,10.94036,-55.309
-4.684936,10.90111,-55.309
-4.629189,10.86168,-55.309
-4.584936,10.82393,-55.309
-4.536463,10.76168,-55.309
-4.484936,10.68987,-55.309
-4.466533,10.66168,-55.309
-4.412714, 10.561679999999999,-55.309
-4.384936, 10.530660000000001,-55.309
-4.339063,10.46168,-55.309
-4.306232,10.36168,-55.309
-4.284936,10.32536,-55.309
-4.252755,10.26168,-55.309
-4.221817,10.16168,-55.309
-4.184936, 10.101600000000001,-55.309
-4.15697, 10.061679999999999,-55.309
-4.126717,9.96168,-55.309
-4.086859,9.86168,-55.309
-4.084936,9.859204,-55.309
-4.039122,9.76168,-55.309
-4.005249,9.66168,-55.309
-3.984936,9.627826,-55.309
-3.95116, 9.561679999999999,-55.309
-3.901054,9.46168,-55.309
-3.884936,9.442687,-55.309
-3.829054,9.36168,-55.309
-3.784936,9.314805,-55.309
-3.720453,9.26168,-55.309
-3.684936,9.232251,-55.309
-3.600347,9.16168,-55.309
-3.584936,9.145135,-55.309
-3.520079, 9.061679999999999,-55.309
-3.484936, 9.023717000000001,-55.309
-3.391011,8.96168,-55.309
-3.384936,8.956829,-55.309
-3.284936, 8.936240999999999,-55.309
-3.184936,8.909634,-55.309
-3.084936,8.883459,-55.309
-3.038226,8.86168,-55.309
-2.984936,8.837572,-55.309
-2.884936,8.806268,-55.309
-2.784936,8.762843,-55.309
-2.783306,8.76168,-55.309
-2.684936,8.708444,-55.309
-2.619772,8.66168,-55.309
-2.584936,8.63257,-55.309
-2.493343, 8.561679999999999,-55.309
-2.484936,8.553419,-55.309
-2.395529,8.46168,-55.309
-2.384936,8.44918,-55.309
-2.31015,8.36168,-55.309
-2.284936,8.331577,-55.309
-2.224317,8.26168,-55.309
-2.184936,8.209936,-55.309
-2.14651,8.16168,-55.309
-2.084936, 8.075315999999999,-55.309
-2.075561, 8.061679999999999,-55.309
-2.018988, 7.961679999999999,-55.309
-1.984936,7.896925,-55.309
-1.967167,7.86168,-55.309
-1.925952,7.76168,-55.309
-1.892891,7.66168,-55.309
-1.884936, 7.6432590000000005,-55.309
-1.852645,7.56168,-55.309
-1.81997, 7.461679999999999,-55.309
-1.784936,7.403157,-55.309
-1.761388,7.36168,-55.309
-1.730202,7.26168,-55.309
-1.697607,7.16168,-55.309
-1.684936, 7.1370130000000005,-55.309
-1.654062,7.06168,-55.309
-1.638252, 6.961679999999999,-55.309
-1.626241,6.86168,-55.309
-1.61853,6.76168,-55.309
-1.601603,6.66168,-55.309
-1.585327,6.56168,-55.309
-1.584936,6.558347,-55.309
-1.574725, 6.461679999999999,-55.309
-1.558636,6.36168,-55.309
-1.530233,6.26168,-55.309
-1.489071,6.16168,-55.309
-1.484936,6.152358,-55.309
-1.455378,6.06168,-55.309
-1.437247, 5.961679999999999,-55.309
-1.424795,5.86168,-55.309
-1.415643,5.76168,-55.309
-1.403726,5.66168,-55.309
-1.384936,5.591442,-55.309
-1.376008,5.56168,-55.309
-1.34653, 5.461679999999999,-55.309
-1.333077,5.36168,-55.309
-1.329259,5.26168,-55.309
-1.329015,5.16168,-55.309
-1.334085,5.06168,-55.309
-1.343964, 4.961679999999999,-55.309
-1.360829,4.86168,-55.309
-1.384936,4.818595,-55.309
-1.414494,4.76168,-55.309
-1.447502,4.66168,-55.309
-1.484936,4.60355,-55.309
-1.514365,4.56168,-55.309
-1.574097, 4.461679999999999,-55.309
-1.584936,4.449078,-55.309
-1.655198,4.36168,-55.309
-1.684936,4.330727,-55.309
-1.765492,4.26168,-55.309
-1.784936,4.245013,-55.309
-1.884936,4.199105,-55.309
-1.935749,4.16168,-55.309
-1.984936,4.125881,-55.309
-2.084936, 4.0989629999999995,-55.309
-2.164566,4.06168,-55.309
-2.184936,4.050221,-55.309
-2.284936,4.020823,-55.309
-2.384936,4.004095,-55.309
-2.484936,3.990451,-55.309
-2.584936,3.970608,-55.309
-2.63702,3.96168,-55.309
-2.684936, 3.9534059999999998,-55.309
-2.784936, 3.9371229999999997,-55.309
-2.884936, 3.9302280000000005,-55.309
-2.984936, 3.9270650000000002,-55.309
-3.084936,3.921821,-55.309
-3.184936,3.917958,-55.309
-3.284936, 3.9110329999999998,-55.309
-3.384936, 3.9067230000000004,-55.309
-3.484936,3.902924,-55.309
-3.584936,3.903461,-55.309
-3.684936, 3.9060029999999997,-55.309
-3.784936, 3.9102330000000003,-55.309
-3.884936, 3.9183459999999997,-55.309
-1.45324, 5.6210949999999995,-55.009
-1.353846,5.411132,-55.009
-1.305193,5.219006,-55.009
-1.288826,5.021493,-55.009
-1.305193, 4.823980000000001,-55.009
-1.353846,4.631853,-55.009
-1.433458,4.450356,-55.009
-1.541858,4.284438,-55.009
-1.676088,4.138624,-55.009
-1.832488, 4.0168930000000005,-55.009
-2.006792,3.922565,-55.009
-2.194244,3.858213,-55.009
-2.389731, 3.8255920000000003,-55.009
-2.818266, 3.8214930000000003,-55.009
-3.226148,3.858097,-55.009
-3.550354,3.858097,-55.009
-3.758731,3.876328,-55.009
-3.960778,3.930466,-55.009
-4.028183, 3.9628880000000004,-55.009
-4.436635,4.076884,-55.009
-4.637237,4.095955,-55.009
-4.832583,4.154229,-55.009
-5.003281,4.169163,-55.009
-5.259512,4.205767,-55.009
-5.461558,4.259906,-55.009
-5.724343, 4.384911000000001,-55.009
-5.895688, 4.504887999999999,-55.009
-6.153409, 4.762608999999999,-55.009
-6.281726,4.957677,-55.009
-6.482849,5.165258,-55.009
-6.602826,5.336603,-55.009
-6.727831,5.599387,-55.009
-6.776141,5.784907,-55.009
-6.893456,5.917204,-55.009
-6.952095,6.003927,-55.009
-7.076161,6.241848,-55.009
-7.153044,6.436379,-55.009
-7.226472,6.822107,-55.009
-7.25973, 7.057081999999999,-55.009
-7.276057,7.473988,-55.009
-7.276057,8.252602,-55.009
-7.30565,8.339183,-55.009
-7.37381,8.428731,-55.009
-7.501442, 8.669011999999999,-55.009
-7.606336,8.893783,-55.009
-7.660474,9.09583,-55.009
-7.677635,9.371643,-55.009
-7.774167,9.509504,-55.009
-7.862567, 9.699079999999999,-55.009
-7.916705,9.901126,-55.009
-7.934936,10.14611,-55.009
-7.916705,10.35449,-55.009
-7.862567, 10.556529999999999,-55.009
-7.774167,10.74611,-55.009
-7.654189, 10.917449999999999,-55.009
-7.506281,11.06536,-55.009
-7.334936,11.18534,-55.009
-7.145361,11.27374,-55.009
-6.943314,11.32788,-55.009
-6.698331,11.34611,-55.009
-6.412495,11.33313,-55.009
-6.209045,11.28453,-55.009
-6.099232,11.24792,-55.009
-5.907312,11.16473,-55.009
-5.703904,11.0368,-55.009
-5.519215,10.9809,-55.009
-5.404622,10.93233,-55.009
-5.294238,10.86614,-55.009
-5.026939, 10.743559999999999,-55.009
-4.781983,10.65638,-55.009
-4.5991,10.55486,-55.009
-4.445724,10.43182,-55.009
-4.306943,10.27532,-55.009
-4.121717, 10.014019999999999,-55.009
-4.049317,9.863498,-55.009
-3.975299,9.75779,-55.009
-3.886898, 9.568214000000001,-55.009
-3.816109,9.318507,-55.009
-3.714038,9.221866,-55.009
-3.617461,9.097363,-55.009
-3.515936,8.914479,-55.009
-3.48756,8.839549,-55.009
-3.24627,8.911987,-55.009
-3.037892,8.930219,-55.009
-2.829514,8.911987,-55.009
-2.627468,8.857849,-55.009
-2.437892,8.769449,-55.009
-2.156734,8.576263,-55.009
-1.899012, 8.318541999999999,-55.009
-1.779035,8.147196,-55.009
-1.690635,7.95762,-55.009
-1.636496,7.755574,-55.009
-1.621268, 7.581516000000001,-55.009
-1.563288, 7.389530000000001,-55.009
-1.511429,7.082595,-55.009
-1.508453,6.80073,-55.009
-1.479188, 6.618187000000001,-55.009
-1.442583,6.288747,-55.009
-1.435244,5.936603,-55.009
-4.184936,3.947828,-54.709
-4.251065,3.96168,-54.709
-4.284936,3.969288,-54.709
-4.384936,3.991238,-54.709
-4.484936,4.00182,-54.709
-4.584936,4.005689,-54.709
-4.684936,4.013075,-54.709
-4.784936, 4.0298609999999995,-54.709
-4.884936, 4.0582709999999995,-54.709
-4.894936,4.06168,-54.709
-4.984936,4.085787,-54.709
-5.084936,4.104967,-54.709
-5.184936,4.120982,-54.709
-5.284936,4.145561,-54.709
-5.311567,4.16168,-54.709
-5.384936,4.196295,-54.709
-5.484936,4.228434,-54.709
-5.540638,4.26168,-54.709
-5.584936,4.290051,-54.709
-5.684936,4.341868,-54.709
-5.710756,4.36168,-54.709
-5.784936, 4.410864999999999,-54.709
-5.849419, 4.461679999999999,-54.709
-5.884936, 4.4906120000000005,-54.709
-5.957222,4.56168,-54.709
-5.984936,4.591253,-54.709
-6.049824,4.66168,-54.709
-6.084936,4.699559,-54.709
-6.137771,4.76168,-54.709
-6.184936,4.826116,-54.709
-6.213307,4.86168,-54.709
-6.264624, 4.961679999999999,-54.709
-6.284936,4.99418,-54.709
-6.324877,5.06168,-54.709
-6.384936,5.148432,-54.709
-6.396008,5.16168,-54.709
-6.484936,5.253224,-54.709
-6.49321,5.26168,-54.709
-6.584936,5.349611,-54.709
-6.597005,5.36168,-54.709
-6.659498, 5.461679999999999,-54.709
-6.684936,5.490874,-54.709
-6.734936,5.56168,-54.709
-6.784936,5.655043,-54.709
-6.790491,5.66168,-54.709
-6.838724,5.76168,-54.709
-6.884936,5.824351,-54.709
-6.915214,5.86168,-54.709
-6.984936,5.958966,-54.709
-6.987608, 5.961679999999999,-54.709
-7.034483,6.06168,-54.709
-7.077328,6.16168,-54.709
-7.084936,6.173218,-54.709
-7.123638,6.26168,-54.709
-7.147436,6.36168,-54.709
-7.163157, 6.461679999999999,-54.709
-7.184936, 6.557626000000001,-54.709
-7.186099,6.56168,-54.709
-7.205743,6.66168,-54.709
-7.218874,6.76168,-54.709
-7.227244,6.86168,-54.709
-7.233107, 6.961679999999999,-54.709
-7.237841,7.06168,-54.709
-7.239657,7.16168,-54.709
-7.241352,7.26168,-54.709
-7.242891,7.36168,-54.709
-7.244795, 7.461679999999999,-54.709
-7.245078,7.56168,-54.709
-7.245078,7.66168,-54.709
-7.245078,7.76168,-54.709
-7.245078,7.86168,-54.709
-7.245078, 7.961679999999999,-54.709
-7.245078, 8.061679999999999,-54.709
-7.245078,8.16168,-54.709
-7.248055,8.26168,-54.709
-7.277328,8.36168,-54.709
-7.284936, 8.372969999999999,-54.709
-7.32518,8.46168,-54.709
-7.348055, 8.561679999999999,-54.709
-7.384936,8.648308,-54.709
-7.39321,8.66168,-54.709
-7.425484,8.76168,-54.709
-7.445299,8.86168,-54.709
-7.474097,8.96168,-54.709
-7.484936,8.990925,-54.709
-7.507664, 9.061679999999999,-54.709
-7.527305,9.16168,-54.709
-7.541535,9.26168,-54.709
-7.561283,9.36168,-54.709
-7.584936,9.405087,-54.709
-7.613707,9.46168,-54.709
-7.649721, 9.561679999999999,-54.709
-7.684936, 9.634457000000001,-54.709
-7.701054,9.66168,-54.709
-7.729883,9.76168,-54.709
-7.74584,9.86168,-54.709
-7.756565,9.96168,-54.709
-7.763157, 10.061679999999999,-54.709
-7.767194,10.16168,-54.709
-7.759936,10.26168,-54.709
-7.74884,10.36168,-54.709
-7.734129,10.46168,-54.709
-7.708129, 10.561679999999999,-54.709
-7.684936,10.60018,-54.709
-7.650578,10.66168,-54.709
-7.609492,10.76168,-54.709
-7.584936,10.79808,-54.709
-7.544659,10.86168,-54.709
-7.484936,10.94633,-54.709
-7.471488,10.96168,-54.709
-7.384936,11.05069,-54.709
-7.373865, 11.061679999999999,-54.709
-7.284936,11.13668,-54.709
-7.256512,11.16168,-54.709
-7.184936,11.21097,-54.709
-7.093835,11.26168,-54.709
-7.084936,11.26929,-54.709
-6.984936,11.31075,-54.709
-6.884936,11.34341,-54.709
-6.839698,11.36168,-54.709
-6.784936,11.38298,-54.709
-6.684936, 11.401819999999999,-54.709
-6.584936, 11.412139999999999,-54.709
-6.484936,11.41819,-54.709
-6.384936,11.42154,-54.709
-6.284936,11.42173,-54.709
-6.184936,11.41451,-54.709
-6.084936,11.40303,-54.709
-5.984936, 11.388819999999999,-54.709
-5.918035,11.36168,-54.709
-5.884936,11.34612,-54.709
-5.784936,11.31808,-54.709
-5.684936,11.2875,-54.709
-5.636171,11.26168,-54.709
-5.584936,11.23456,-54.709
-5.484936,11.20373,-54.709
-5.404556,11.16168,-54.709
-5.384936,11.15053,-54.709
-5.284936, 11.102160000000001,-54.709
-5.229329, 11.061679999999999,-54.709
-5.184936,11.02959,-54.709
-5.084936,10.97737,-54.709
-5.064843,10.96168,-54.709
-4.984936,10.90791,-54.709
-4.921574,10.86168,-54.709
-4.884936,10.83478,-54.709
-4.784936, 10.776990000000001,-54.709
-4.767079,10.76168,-54.709
-4.684936, 10.705729999999999,-54.709
-4.636424,10.66168,-54.709
-4.584936,10.61197,-54.709
-4.536325, 10.561679999999999,-54.709
-4.484936,10.5079,-54.709
-4.436163,10.46168,-54.709
-4.384936,10.39488,-54.709
-4.36038,10.36168,-54.709
-4.289787,10.26168,-54.709
-4.284936,10.25639,-54.709
-4.228107,10.16168,-54.709
-4.184936,10.10106,-54.709
-4.153855, 10.061679999999999,-54.709
-4.115264,9.96168,-54.709
-4.084936,9.912126,-54.709
-4.05423,9.86168,-54.709
-4.005249,9.76168,-54.709
-3.984936,9.733171,-54.709
-3.942266,9.66168,-54.709
-3.884936,9.582332,-54.709
-3.866667, 9.561679999999999,-54.709
-3.820866,9.46168,-54.709
-3.784936, 9.400042000000001,-54.709
-3.755466,9.36168,-54.709
-3.684936,9.295939,-54.709
-3.652096,9.26168,-54.709
-3.584936,9.183404,-54.709
-3.565125,9.16168,-54.709
-3.52065, 9.061679999999999,-54.709
-3.484936, 9.013808000000001,-54.709
-3.429254,8.96168,-54.709
-3.384936,8.930228,-54.709
-3.284936, 8.926072999999999,-54.709
-3.184936,8.911462,-54.709
-3.084936,8.900085,-54.709
-2.984936,8.878346,-54.709
-2.949021,8.86168,-54.709
-2.884936,8.835379,-54.709
-2.784936,8.80693,-54.709
-2.698746,8.76168,-54.709
-2.684936,8.751469,-54.709
-2.584936, 8.700821999999999,-54.709
-2.536697,8.66168,-54.709
-2.484936, 8.616862000000001,-54.709
-2.420752, 8.561679999999999,-54.709
-2.384936,8.527787,-54.709
-2.306762,8.46168,-54.709
-2.284936, 8.439502000000001,-54.709
-2.216978,8.36168,-54.709
-2.184936, 8.324985999999999,-54.709
-2.129262,8.26168,-54.709
-2.084936,8.205876,-54.709
-2.04983,8.16168,-54.709
-2.003281, 8.061679999999999,-54.709
-1.984936,8.030198,-54.709
-1.94666, 7.961679999999999,-54.709
-1.916569,7.86168,-54.709
-1.884936,7.773944,-54.709
-1.880085,7.76168,-54.709
-1.85604,7.66168,-54.709
-1.840385,7.56168,-54.709
-1.817949, 7.461679999999999,-54.709
-1.784936, 7.362641000000001,-54.709
-1.784546,7.36168,-54.709
-1.755691,7.26168,-54.709
-1.738948,7.16168,-54.709
-1.724633,7.06168,-54.709
-1.716781, 6.961679999999999,-54.709
-1.710959,6.86168,-54.709
-1.697005,6.76168,-54.709
-1.684936,6.718996,-54.709
-1.669373,6.66168,-54.709
-1.653222,6.56168,-54.709
-1.646143, 6.461679999999999,-54.709
-1.639821,6.36168,-54.709
-1.636971,6.26168,-54.709
-1.637275,6.16168,-54.709
-1.640325,6.06168,-54.709
-1.644997, 5.961679999999999,-54.709
-1.655062,5.86168,-54.709
-1.670507,5.76168,-54.709
-1.684936,5.706551,-54.709
-1.697005,5.66168,-54.709
-1.697695,5.56168,-54.709
-1.684936,5.51543,-54.709
-1.668891, 5.461679999999999,-54.709
-1.648322,5.36168,-54.709
-1.630058,5.26168,-54.709
-1.61981,5.16168,-54.709
-1.617831,5.06168,-54.709
-1.62863, 4.961679999999999,-54.709
-1.651446,4.86168,-54.709
-1.684455,4.76168,-54.709
-1.684936,4.760117,-54.709
-1.717749,4.66168,-54.709
-1.780097,4.56168,-54.709
-1.784936,4.553189,-54.709
-1.841331, 4.461679999999999,-54.709
-1.884936,4.408108,-54.709
-1.925561,4.36168,-54.709
-1.984936,4.307702,-54.709
-2.039666,4.26168,-54.709
-2.084936,4.229775,-54.709
-2.184936,4.16659,-54.709
-2.192907,4.16168,-54.709
-2.284936,4.112455,-54.709
-2.384936, 4.0778669999999995,-54.709
-2.421821,4.06168,-54.709
-2.484936,4.036841,-54.709
-2.584936,4.019912,-54.709
-2.684936,4.005575,-54.709
-2.784936,3.993244,-54.709
-2.884936,3.977798,-54.709
-2.984936, 3.9628430000000003,-54.709
-2.992079,3.96168,-54.709
-3.084936, 3.9484139999999996,-54.709
-3.184936,3.936241,-54.709
-3.284936,3.92575,-54.709
-3.384936, 3.9156440000000003,-54.709
-3.484936,3.90974,-54.709
-3.584936, 3.9055120000000003,-54.709
-3.684936, 3.9009650000000002,-54.709
-3.784936,3.899485,-54.709
-3.884936, 3.9055120000000003,-54.709
-3.984936,3.916167,-54.709
-4.084936, 3.9317349999999998,-54.709
-4.884936,3.956829,-54.409
-4.895953,3.96168,-54.409
-4.984936,3.990846,-54.409
-5.084936,4.01287,-54.409
-5.184936,4.045561,-54.409
-5.214454,4.06168,-54.409
-5.284936, 4.0931310000000005,-54.409
-5.384936,4.131352,-54.409
-5.431186,4.16168,-54.409
-5.484936, 4.1952739999999995,-54.409
-5.584936,4.249611,-54.409
-5.597348,4.26168,-54.409
-5.684936,4.32374,-54.409
-5.740046,4.36168,-54.409
-5.784936,4.397645,-54.409
-5.869167, 4.461679999999999,-54.409
-5.884936,4.475531,-54.409
-5.966667,4.56168,-54.409
-5.984936, 4.5809359999999995,-54.409
-6.053222,4.66168,-54.409
-6.084936,4.697719,-54.409
-6.133699,4.76168,-54.409
-6.184936,4.843176,-54.409
-6.200499,4.86168,-54.409
-6.247744, 4.961679999999999,-54.409
-6.284936,5.052644,-54.409
-6.290492,5.06168,-54.409
-6.338542,5.16168,-54.409
-6.384936,5.243459,-54.409
-6.403004,5.26168,-54.409
-6.484936,5.310187,-54.409
-6.557314,5.36168,-54.409
-6.584936,5.385332,-54.409
-6.666667, 5.461679999999999,-54.409
-6.684936, 5.4799489999999995,-54.409
-6.766146,5.56168,-54.409
-6.784936,5.582454,-54.409
-6.842926,5.66168,-54.409
-6.884936, 5.722500999999999,-54.409
-6.914103,5.76168,-54.409
-6.975362,5.86168,-54.409
-6.984936,5.872145,-54.409
-7.038657, 5.961679999999999,-54.409
-7.084936,6.060194,-54.409
-7.086099,6.06168,-54.409
-7.12618,6.16168,-54.409
-7.147131,6.26168,-54.409
-7.166667,6.36168,-54.409
-7.184936,6.459956,-54.409
-7.185326, 6.461679999999999,-54.409
-7.199936,6.56168,-54.409
-7.208589,6.66168,-54.409
-7.215264,6.76168,-54.409
-7.220216,6.86168,-54.409
-7.223931, 6.961679999999999,-54.409
-7.226981,7.06168,-54.409
-7.228269,7.16168,-54.409
-7.229015,7.26168,-54.409
-7.229979,7.36168,-54.409
-7.230681, 7.461679999999999,-54.409
-7.23091,7.56168,-54.409
-7.23091,7.66168,-54.409
-7.23091,7.76168,-54.409
-7.23091,7.86168,-54.409
-7.23091, 7.961679999999999,-54.409
-7.23091, 8.061679999999999,-54.409
-7.23091,8.16168,-54.409
-7.231811,8.26168,-54.409
-7.238538,8.36168,-54.409
-7.25169,8.46168,-54.409
-7.268818, 8.561679999999999,-54.409
-7.284936,8.620013,-54.409
-7.297005,8.66168,-54.409
-7.314881,8.76168,-54.409
-7.327686,8.86168,-54.409
-7.336225,8.96168,-54.409
-7.344147, 9.061679999999999,-54.409
-7.363157,9.16168,-54.409
-7.384936,9.200267,-54.409
-7.416151,9.26168,-54.409
-7.445773,9.36168,-54.409
-7.483013,9.46168,-54.409
-7.484936,9.464427,-54.409
-7.52986, 9.561679999999999,-54.409
-7.553484,9.66168,-54.409
-7.578686,9.76168,-54.409
-7.584936, 9.779765000000001,-54.409
-7.608129,9.86168,-54.409
-7.617649,9.96168,-54.409
-7.62084, 10.061679999999999,-54.409
-7.622102,10.16168,-54.409
-7.619777,10.26168,-54.409
-7.608589,10.36168,-54.409
-7.584936,10.45145,-54.409
-7.581527,10.46168,-54.409
-7.546047, 10.561679999999999,-54.409
-7.521033,10.66168,-54.409
-7.484936, 10.729859999999999,-54.409
-7.465125,10.76168,-54.409
-7.425845,10.86168,-54.409
-7.384936,10.91672,-54.409
-7.35002,10.96168,-54.409
-7.284936,11.0461,-54.409
-7.270506, 11.061679999999999,-54.409
-7.184936, 11.157540000000001,-54.409
-7.180801,11.16168,-54.409
-7.084936,11.23371,-54.409
-7.049067,11.26168,-54.409
-6.984936,11.30638,-54.409
-6.898032,11.36168,-54.409
-6.884936,11.37314,-54.409
-6.784936,11.41705,-54.409
-6.684936,11.44901,-54.409
-6.663171,11.46168,-54.409
-6.584936,11.49596,-54.409
-6.484936, 11.513349999999999,-54.409
-6.384936,11.52673,-54.409
-6.284936,11.53942,-54.409
-6.184936,11.54841,-54.409
-6.084936,11.54556,-54.409
-5.984936,11.53942,-54.409
-5.884936,11.52863,-54.409
-5.784936,11.51811,-54.409
-5.684936,11.5037,-54.409
-5.584936,11.48031,-54.409
-5.544795,11.46168,-54.409
-5.484936,11.43372,-54.409
-5.384936,11.40201,-54.409
-5.314587,11.36168,-54.409
-5.284936,11.34333,-54.409
-5.184936,11.29466,-54.409
-5.143044,11.26168,-54.409
-5.084936,11.21593,-54.409
-5.022741,11.16168,-54.409
-4.984936,11.12893,-54.409
-4.902608, 11.061679999999999,-54.409
-4.884936, 11.045539999999999,-54.409
-4.801733,10.96168,-54.409
-4.784936,10.94501,-54.409
-4.711807,10.86168,-54.409
-4.684936,10.83386,-54.409
-4.627992,10.76168,-54.409
-4.584936,10.71499,-54.409
-4.538842,10.66168,-54.409
-4.484936,10.5747,-54.409
-4.474097, 10.561679999999999,-54.409
-4.409043,10.46168,-54.409
-4.384936,10.42765,-54.409
-4.346075,10.36168,-54.409
-4.284936,10.27651,-54.409
-4.270507,10.26168,-54.409
-4.226441,10.16168,-54.409
-4.184936,10.09591,-54.409
-4.159064, 10.061679999999999,-54.409
-4.123932,9.96168,-54.409
-4.084936,9.882554,-54.409
-4.070507,9.86168,-54.409
-4.022741,9.76168,-54.409
-3.984936,9.69918,-54.409
-3.956054,9.66168,-54.409
-3.884936,9.59699,-54.409
-3.848599, 9.561679999999999,-54.409
-3.784936, 9.481753000000001,-54.409
-3.764566,9.46168,-54.409
-3.684936,9.394492,-54.409
-3.653118,9.36168,-54.409
-3.584936,9.289099,-54.409
-3.559639,9.26168,-54.409
-3.506715,9.16168,-54.409
-3.484936,9.13668,-54.409
-3.422289, 9.061679999999999,-54.409
-3.384936,9.022239,-54.409
-3.297882,8.96168,-54.409
-3.284936,8.951469,-54.409
-3.184936,8.904298,-54.409
-3.089723,8.86168,-54.409
-3.084936, 8.858270000000001,-54.409
-2.984936,8.810732,-54.409
-2.899399,8.76168,-54.409
-2.884936,8.749611,-54.409
-2.784936,8.692784,-54.409
-2.74726,8.66168,-54.409
-2.684936,8.610226,-54.409
-2.631751, 8.561679999999999,-54.409
-2.584936,8.514864,-54.409
-2.531751,8.46168,-54.409
-2.484936, 8.410281000000001,-54.409
-2.440385,8.36168,-54.409
-2.384936,8.286462,-54.409
-2.364579,8.26168,-54.409
-2.312117,8.16168,-54.409
-2.284936,8.123108,-54.409
-2.242221, 8.061679999999999,-54.409
-2.206077, 7.961679999999999,-54.409
-2.184936,7.92077,-54.409
-2.154603,7.86168,-54.409
-2.129567,7.76168,-54.409
-2.106178,7.66168,-54.409
-2.084936,7.595353,-54.409
-2.073478,7.56168,-54.409
-2.044086, 7.461679999999999,-54.409
-2.015632,7.36168,-54.409
-1.987608,7.26168,-54.409
-1.984936,7.255198,-54.409
-1.953374,7.16168,-54.409
-1.934323,7.06168,-54.409
-1.920177, 6.961679999999999,-54.409
-1.906715,6.86168,-54.409
-1.884936, 6.7682590000000005,-54.409
-1.883013,6.76168,-54.409
-1.857901,6.66168,-54.409
-1.844079,6.56168,-54.409
-1.837222, 6.461679999999999,-54.409
-1.832925,6.36168,-54.409
-1.832901,6.26168,-54.409
-1.835521,6.16168,-54.409
-1.844876,6.06168,-54.409
-1.857467, 5.961679999999999,-54.409
-1.884936,5.876103,-54.409
-1.890492,5.86168,-54.409
-1.921085,5.76168,-54.409
-1.943617,5.66168,-54.409
-1.94804,5.56168,-54.409
-1.944865, 5.461679999999999,-54.409
-1.940951,5.36168,-54.409
-1.937298,5.26168,-54.409
-1.942499,5.16168,-54.409
-1.954405,5.06168,-54.409
-1.977992, 4.961679999999999,-54.409
-1.984936,4.93168,-54.409
-2.001926,4.86168,-54.409
-2.053814,4.76168,-54.409
-2.084936, 4.7030259999999995,-54.409
-2.108054,4.66168,-54.409
-2.184404,4.56168,-54.409
-2.184936,4.561062,-54.409
-2.272436, 4.461679999999999,-54.409
-2.284936, 4.450063999999999,-54.409
-2.384936,4.36955,-54.409
-2.39482,4.36168,-54.409
-2.484936, 4.302967000000001,-54.409
-2.545492,4.26168,-54.409
-2.584936, 4.2380130000000005,-54.409
-2.684936,4.203964,-54.409
-2.784936,4.164352,-54.409
-2.789541,4.16168,-54.409
-2.884936,4.121844,-54.409
-2.984936,4.102256,-54.409
-3.084936,4.074351,-54.409
-3.110992,4.06168,-54.409
-3.184936,4.032513,-54.409
-3.284936,4.011913,-54.409
-3.384936, 3.9892359999999996,-54.409
-3.471543,3.96168,-54.409
-3.484936,3.956124,-54.409
-3.584936, 3.9371229999999997,-54.409
-3.684936, 3.9183459999999997,-54.409
-3.784936,3.905264,-54.409
-3.884936, 3.9009650000000002,-54.409
-3.984936, 3.9009650000000002,-54.409
-4.084936, 3.9050130000000003,-54.409
-4.184936, 3.9055120000000003,-54.409
-4.284936, 3.9042470000000002,-54.409
-4.384936, 3.9085120000000004,-54.409
-4.484936, 3.9109920000000002,-54.409
-4.584936, 3.9121409999999996,-54.409
-4.684936,3.917261,-54.409
-4.784936,3.928785,-54.409
-7.202848,9.190149,-54.109
-7.202848,6.522273,-54.109
-7.184618,6.240686,-54.109
-7.130479,6.03864,-54.109
-7.042078,5.849064,-54.109
-6.922102,5.677719,-54.109
-6.774194, 5.5298110000000005,-54.109
-6.602848,5.409834,-54.109
-6.413272,5.321433,-54.109
-6.325738,5.297979,-54.109
-6.251974,5.013717,-54.109
-6.197655,4.887485,-54.109
-6.089153,4.689745,-54.109
-5.912775,4.479546,-54.109
-5.676062,4.285262,-54.109
-5.358299,4.055471,-54.109
-5.022305,3.893862,-54.109
-4.820259, 3.8397239999999995,-54.109
-4.611881, 3.8214930000000003,-54.109
-4.252835,3.834473,-54.109
-4.151037, 3.8583309999999997,-54.109
-3.927646,3.876328,-54.109
-3.7256,3.930466,-54.109
-3.62865,3.975675,-54.109
-3.39616,4.040279,-54.109
-2.913749,4.275098,-54.109
-2.742404,4.395075,-54.109
-2.521287,4.616192,-54.109
-2.40131, 4.7875369999999995,-54.109
-2.312909,4.977113,-54.109
-2.258771,5.179159,-54.109
-2.220303, 5.373044999999999,-54.109
-2.203936,5.570559,-54.109
-2.211425,5.696777,-54.109
-2.093283,5.928827,-54.109
-2.039145, 6.130872999999999,-54.109
-2.020914,6.339251,-54.109
-2.02548, 6.480442999999999,-54.109
-2.098408, 6.869459999999999,-54.109
-2.166492, 7.1157200000000005,-54.109
-2.239701, 7.335344999999999,-54.109
-2.300461,7.465646,-54.109
-2.326949, 7.5964860000000005,-54.109
-2.361671,7.690858,-54.109
-2.391243, 7.857778999999999,-54.109
-2.462784,8.054338,-54.109
-2.603976, 8.308696999999999,-54.109
-2.740914,8.501563,-54.109
-2.848243,8.615351,-54.109
-3.055098,8.803848,-54.109
-3.255523, 8.933186000000001,-54.109
-3.317632, 9.050284999999999,-54.109
-3.509606,9.30686,-54.109
-3.657514,9.454768,-54.109
-3.8007, 9.557970000000001,-54.109
-3.98434,9.653577,-54.109
-4.047356,9.756145,-54.109
-4.179734,10.08068,-54.109
-4.268134,10.27025,-54.109
-4.386221,10.45912,-54.109
-4.449424,10.62838,-54.109
-4.524365,10.78271,-54.109
-4.604999, 10.897870000000001,-54.109
-4.670782,11.03894,-54.109
-4.79076,11.21029,-54.109
-5.011877,11.43141,-54.109
-5.09493,11.49513,-54.109
-5.27608, 11.599720000000001,-54.109
-5.472639,11.67126,-54.109
-5.678635,11.70759,-54.109
-5.929639,11.71215,-54.109
-6.174622,11.69392,-54.109
-6.423244,11.63466,-54.109
-6.619804, 11.563120000000001,-54.109
-6.800953,11.45853,-54.109
-6.961189, 11.324079999999999,-54.109
-7.141728, 11.137080000000001,-54.109
-7.261705,10.96573,-54.109
-7.350106,10.77616,-54.109
-7.440849,10.4643,-54.109
-7.459079,10.25592,-54.109
-7.454513, 9.821895000000001,-54.109
-7.41819,9.615899,-54.109
-7.38671,9.516058,-54.109
-7.298309,9.326482,-54.109
-4.984936,3.932513,-53.809
-5.072436,3.96168,-53.809
-5.084936,3.967235,-53.809
-5.184936,4.00182,-53.809
-5.284936,4.023573,-53.809
-5.367568,4.06168,-53.809
-5.384936,4.073138,-53.809
-5.484936,4.108053,-53.809
-5.57416,4.16168,-53.809
-5.584936,4.170608,-53.809
-5.684936,4.223238,-53.809
-5.747131,4.26168,-53.809
-5.784936,4.288404,-53.809
-5.884936,4.345013,-53.809
-5.905336,4.36168,-53.809
-5.984936,4.412445,-53.809
-6.038547, 4.461679999999999,-53.809
-6.084936,4.514195,-53.809
-6.129611,4.56168,-53.809
-6.184936,4.622791,-53.809
-6.221439,4.66168,-53.809
-6.284936,4.74793,-53.809
-6.296394,4.76168,-53.809
-6.347583,4.86168,-53.809
-6.384936, 4.9168970000000005,-53.809
-6.415591, 4.961679999999999,-53.809
-6.445239,5.06168,-53.809
-6.484936,5.118145,-53.809
-6.521008,5.16168,-53.809
-6.584936,5.219797,-53.809
-6.629728,5.26168,-53.809
-6.684936,5.309285,-53.809
-6.750235,5.36168,-53.809
-6.784936,5.390562,-53.809
-6.857404, 5.461679999999999,-53.809
-6.884936, 5.491680000000001,-53.809
-6.940099,5.56168,-53.809
-6.984936,5.615601,-53.809
-7.020905,5.66168,-53.809
-7.057379,5.76168,-53.809
-7.084936, 5.807869999999999,-53.809
-7.115643,5.86168,-53.809
-7.140025, 5.961679999999999,-53.809
-7.165633,6.06168,-53.809
-7.184936,6.13607,-53.809
-7.192545,6.16168,-53.809
-7.21166,6.26168,-53.809
-7.216754,6.36168,-53.809
-7.220542, 6.461679999999999,-53.809
-7.222436,6.56168,-53.809
-7.222436,6.66168,-53.809
-7.222436,6.76168,-53.809
-7.222436,6.86168,-53.809
-7.222436, 6.961679999999999,-53.809
-7.222436,7.06168,-53.809
-7.222436,7.16168,-53.809
-7.222436,7.26168,-53.809
-7.222436,7.36168,-53.809
-7.222436, 7.461679999999999,-53.809
-7.222436,7.56168,-53.809
-7.220542,7.66168,-53.809
-7.217831,7.76168,-53.809
-7.212079,7.86168,-53.809
-7.207664, 7.961679999999999,-53.809
-7.202678, 8.061679999999999,-53.809
-7.195148,8.16168,-53.809
-7.184936,8.252305,-53.809
-7.183773,8.26168,-53.809
-7.170506,8.36168,-53.809
-7.16038,8.46168,-53.809
-7.15423, 8.561679999999999,-53.809
-7.148369,8.66168,-53.809
-7.143692,8.76168,-53.809
-7.140025,8.86168,-53.809
-7.149987,8.96168,-53.809
-7.176662, 9.061679999999999,-53.809
-7.184936,9.093624,-53.809
-7.201054,9.16168,-53.809
-7.240848,9.26168,-53.809
-7.284936,9.331602,-53.809
-7.308129,9.36168,-53.809
-7.338569,9.46168,-53.809
-7.370506, 9.561679999999999,-53.809
-7.384936,9.602246,-53.809
-7.404748,9.66168,-53.809
-7.419215,9.76168,-53.809
-7.424222,9.86168,-53.809
-7.423342,9.96168,-53.809
-7.417831, 10.061679999999999,-53.809
-7.409936,10.16168,-53.809
-7.392545,10.26168,-53.809
-7.384936,10.28402,-53.809
-7.36268,10.36168,-53.809
-7.338984,10.46168,-53.809
-7.313307, 10.561679999999999,-53.809
-7.284936, 10.610710000000001,-53.809
-7.255769,10.66168,-53.809
-7.217817,10.76168,-53.809
-7.184936,10.81522,-53.809
-7.153686,10.86168,-53.809
-7.088345,10.96168,-53.809
-7.084936, 10.965810000000001,-53.809
-7.011859, 11.061679999999999,-53.809
-6.984936,11.08879,-53.809
-6.90079,11.16168,-53.809
-6.884936,11.17602,-53.809
-6.784936,11.24245,-53.809
-6.759235,11.26168,-53.809
-6.684936,11.31075,-53.809
-6.590108,11.36168,-53.809
-6.584936, 11.365089999999999,-53.809
-6.484936,11.40776,-53.809
-6.384936,11.43144,-53.809
-6.29634,11.46168,-53.809
-6.284936,11.46653,-53.809
-6.184936,11.49072,-53.809
-6.084936,11.49948,-53.809
-5.984936,11.5039,-53.809
-5.884936,11.50535,-53.809
-5.784936,11.50259,-53.809
-5.684936,11.49735,-53.809
-5.584936,11.48262,-53.809
-5.530904,11.46168,-53.809
-5.484936,11.44317,-53.809
-5.384936, 11.412949999999999,-53.809
-5.284936, 11.370740000000001,-53.809
-5.2712,11.36168,-53.809
-5.184936,11.30864,-53.809
-5.126533,11.26168,-53.809
-5.084936,11.22778,-53.809
-4.996404,11.16168,-53.809
-4.984936, 11.151909999999999,-53.809
-4.884936, 11.070879999999999,-53.809
-4.87551, 11.061679999999999,-53.809
-4.784936,10.96882,-53.809
-4.77864,10.96168,-53.809
-4.69333,10.86168,-53.809
-4.684936,10.85283,-53.809
-4.609459,10.76168,-53.809
-4.584936,10.73747,-53.809
-4.516079,10.66168,-53.809
-4.484936,10.61701,-53.809
-4.446143, 10.561679999999999,-53.809
-4.384936,10.47509,-53.809
-4.373478,10.46168,-53.809
-4.306232,10.36168,-53.809
-4.284936,10.33913,-53.809
-4.22904,10.26168,-53.809
-4.184936,10.1892,-53.809
-4.163157,10.16168,-53.809
-4.112493, 10.061679999999999,-53.809
-4.084936,10.02023,-53.809
-4.049444,9.96168,-53.809
-4.010808,9.86168,-53.809
-3.984936, 9.826913999999999,-53.809
-3.939556,9.76168,-53.809
-3.884936,9.699258,-53.809
-3.84759,9.66168,-53.809
-3.784936,9.60591,-53.809
-3.737303, 9.561679999999999,-53.809
-3.684936, 9.508365999999999,-53.809
-3.642354,9.46168,-53.809
-3.584936, 9.383109000000001,-53.809
-3.566667,9.36168,-53.809
-3.510808,9.26168,-53.809
-3.484936,9.216271,-53.809
-3.45488,9.16168,-53.809
-3.390492, 9.061679999999999,-53.809
-3.384936,9.055631,-53.809
-3.32946,8.96168,-53.809
-3.284936,8.902502,-53.809
-3.248079,8.86168,-53.809
-3.184936,8.789926,-53.809
-3.156872,8.76168,-53.809
-3.084936,8.678471,-53.809
-3.069419,8.66168,-53.809
-2.984936, 8.562085999999999,-53.809
-2.984546, 8.561679999999999,-53.809
-2.894936,8.46168,-53.809
-2.884936,8.451295,-53.809
-2.804033,8.36168,-53.809
-2.784936,8.341003,-53.809
-2.723953,8.26168,-53.809
-2.684936,8.21168,-53.809
-2.64845,8.16168,-53.809
-2.593209, 8.061679999999999,-53.809
-2.584936,8.050622,-53.809
-2.538454, 7.961679999999999,-53.809
-2.499366,7.86168,-53.809
-2.484936,7.836085,-53.809
-2.452041,7.76168,-53.809
-2.432632,7.66168,-53.809
-2.407663,7.56168,-53.809
-2.384936, 7.5039869999999995,-53.809
-2.367194, 7.461679999999999,-53.809
-2.335637,7.36168,-53.809
-2.311237,7.26168,-53.809
-2.284936,7.198486,-53.809
-2.267728,7.16168,-53.809
-2.241776,7.06168,-53.809
-2.233757, 6.961679999999999,-53.809
-2.21853,6.86168,-53.809
-2.201603,6.76168,-53.809
-2.184936,6.667236,-53.809
-2.183773,6.66168,-53.809
-2.16827,6.56168,-53.809
-2.162209, 6.461679999999999,-53.809
-2.154608,6.36168,-53.809
-2.151342,6.26168,-53.809
-2.152755,6.16168,-53.809
-2.166667,6.06168,-53.809
-2.184936, 6.003515999999999,-53.809
-2.198787, 5.961679999999999,-53.809
-2.228833,5.86168,-53.809
-2.247744,5.76168,-53.809
-2.274725,5.66168,-53.809
-2.278686,5.56168,-53.809
-2.284936,5.543595,-53.809
-2.308129, 5.461679999999999,-53.809
-2.327484,5.36168,-53.809
-2.344005,5.26168,-53.809
-2.379381,5.16168,-53.809
-2.384936,5.153157,-53.809
-2.427083,5.06168,-53.809
-2.464129, 4.961679999999999,-53.809
-2.484936, 4.9309460000000005,-53.809
-2.527352,4.86168,-53.809
-2.584936,4.773318,-53.809
-2.594511,4.76168,-53.809
-2.666405,4.66168,-53.809
-2.684936,4.641904,-53.809
-2.763403,4.56168,-53.809
-2.784936,4.541194,-53.809
-2.884936,4.465089,-53.809
-2.888849, 4.461679999999999,-53.809
-2.984936,4.398174,-53.809
-3.042143,4.36168,-53.809
-3.084936,4.334537,-53.809
-3.184936, 4.2926459999999995,-53.809
-3.235871,4.26168,-53.809
-3.284936,4.232513,-53.809
-3.384936, 4.1930689999999995,-53.809
-3.441436,4.16168,-53.809
-3.484936,4.136241,-53.809
-3.584936,4.109669,-53.809
-3.684936, 4.0766800000000005,-53.809
-3.712375,4.06168,-53.809
-3.784936, 4.0298609999999995,-53.809
-3.884936,4.0077,-53.809
-3.984936,3.988823,-53.809
-4.084936, 3.9643520000000003,-53.809
-4.092079,3.96168,-53.809
-4.184936, 3.9353789999999997,-53.809
-4.284936,3.919319,-53.809
-4.384936,3.914661,-53.809
-4.484936, 3.9112229999999997,-53.809
-4.584936, 3.9078159999999995,-53.809
-4.684936,3.906747,-53.809
-4.784936, 3.9089889999999996,-53.809
-4.884936,3.916814,-53.809
-5.384936,4.059756,-53.509
-5.389566,4.06168,-53.509
-5.484936,4.090451,-53.509
-5.584936,4.121259,-53.509
-5.677947,4.16168,-53.509
-5.684936,4.166531,-53.509
-5.784936,4.203798,-53.509
-5.884936,4.24668,-53.509
-5.904004,4.26168,-53.509
-5.984936,4.309669,-53.509
-6.067079,4.36168,-53.509
-6.084936,4.37668,-53.509
-6.184936,4.45543,-53.509
-6.191327, 4.461679999999999,-53.509
-6.284936,4.546954,-53.509
-6.302,4.56168,-53.509
-6.384936,4.639087,-53.509
-6.406264,4.66168,-53.509
-6.477272,4.76168,-53.509
-6.484936,4.771974,-53.509
-6.540391,4.86168,-53.509
-6.584936,4.931019,-53.509
-6.606459, 4.961679999999999,-53.509
-6.649402,5.06168,-53.509
-6.684936,5.102622,-53.509
-6.736194,5.16168,-53.509
-6.784936, 5.210421999999999,-53.509
-6.83433,5.26168,-53.509
-6.884936,5.318871,-53.509
-6.92065,5.36168,-53.509
-6.984936,5.452406,-53.509
-6.99321, 5.461679999999999,-53.509
-7.042186,5.56168,-53.509
-7.084936,5.631762,-53.509
-7.107192,5.66168,-53.509
-7.137482,5.76168,-53.509
-7.161743,5.86168,-53.509
-7.184936, 5.9418880000000005,-53.509
-7.19187, 5.961679999999999,-53.509
-7.214494,6.06168,-53.509
-7.222128,6.16168,-53.509
-7.227244,6.26168,-53.509
-7.228769,6.36168,-53.509
-7.230215, 6.461679999999999,-53.509
-7.23091,6.56168,-53.509
-7.23091,6.66168,-53.509
-7.23091,6.76168,-53.509
-7.23091,6.86168,-53.509
-7.23091, 6.961679999999999,-53.509
-7.23091,7.06168,-53.509
-7.23091,7.16168,-53.509
-7.23091,7.26168,-53.509
-7.23091,7.36168,-53.509
-7.23091, 7.461679999999999,-53.509
-7.230681,7.56168,-53.509
-7.227504,7.66168,-53.509
-7.223638,7.76168,-53.509
-7.212902,7.86168,-53.509
-7.203205, 7.961679999999999,-53.509
-7.192545, 8.061679999999999,-53.509
-7.184936, 8.100567999999999,-53.509
-7.173478,8.16168,-53.509
-7.157793,8.26168,-53.509
-7.143692,8.36168,-53.509
-7.134306,8.46168,-53.509
-7.127244, 8.561679999999999,-53.509
-7.116754,8.66168,-53.509
-7.102144,8.76168,-53.509
-7.084936,8.839621,-53.509
-7.079381,8.86168,-53.509
-7.084936, 8.883109000000001,-53.509
-7.102678,8.96168,-53.509
-7.149259, 9.061679999999999,-53.509
-7.184545,9.16168,-53.509
-7.184936, 9.162147000000001,-53.509
-7.23541,9.26168,-53.509
-7.284936, 9.359342999999999,-53.509
-7.286859,9.36168,-53.509
-7.325357,9.46168,-53.509
-7.345363, 9.561679999999999,-53.509
-7.36038,9.66168,-53.509
-7.374725,9.76168,-53.509
-7.375362,9.86168,-53.509
-7.369936,9.96168,-53.509
-7.353118, 10.061679999999999,-53.509
-7.339782,10.16168,-53.509
-7.323638,10.26168,-53.509
-7.286859,10.36168,-53.509
-7.284936,10.36431,-53.509
-7.23937,10.46168,-53.509
-7.19321, 10.561679999999999,-53.509
-7.184936,10.57233,-53.509
-7.133332,10.66168,-53.509
-7.084936,10.73903,-53.509
-7.067728,10.76168,-53.509
-7.004472,10.86168,-53.509
-6.984936,10.8829,-53.509
-6.900053,10.96168,-53.509
-6.884936,10.97541,-53.509
-6.784936,11.03456,-53.509
-6.750639, 11.061679999999999,-53.509
-6.684936, 11.109860000000001,-53.509
-6.58666,11.16168,-53.509
-6.584936,11.16284,-53.509
-6.484936,11.20813,-53.509
-6.384936,11.23061,-53.509
-6.294419,11.26168,-53.509
-6.284936,11.26581,-53.509
-6.184936,11.28817,-53.509
-6.084936, 11.295910000000001,-53.509
-5.984936,11.29911,-53.509
-5.884936,11.2997,-53.509
-5.784936,11.29511,-53.509
-5.684936,11.28759,-53.509
-5.601603,11.26168,-53.509
-5.584936,11.25543,-53.509
-5.484936,11.22534,-53.509
-5.384936,11.19491,-53.509
-5.333466,11.16168,-53.509
-5.284936,11.12974,-53.509
-5.184936,11.07715,-53.509
-5.164843, 11.061679999999999,-53.509
-5.084936, 11.006870000000001,-53.509
-5.025692,10.96168,-53.509
-4.984936,10.93098,-53.509
-4.884936,10.87462,-53.509
-4.869124,10.86168,-53.509
-4.784936,10.80696,-53.509
-4.729494,10.76168,-53.509
-4.684936,10.72549,-53.509
-4.584936,10.66509,-53.509
-4.581527,10.66168,-53.509
-4.484936, 10.569289999999999,-53.509
-4.476669, 10.561679999999999,-53.509
-4.384936,10.48296,-53.509
-4.365125,10.46168,-53.509
-4.284936,10.37668,-53.509
-4.269936,10.36168,-53.509
-4.186859,10.26168,-53.509
-4.184936,10.25976,-53.509
-4.111237,10.16168,-53.509
-4.084936,10.13114,-53.509
-4.033186, 10.061679999999999,-53.509
-3.984936, 9.988572999999999,-53.509
-3.963157,9.96168,-53.509
-3.919936,9.86168,-53.509
-3.884936,9.819051,-53.509
-3.836295,9.76168,-53.509
-3.784936,9.697829,-53.509
-3.75488,9.66168,-53.509
-3.684936,9.564414,-53.509
-3.682264, 9.561679999999999,-53.509
-3.626603,9.46168,-53.509
-3.584936, 9.371474000000001,-53.509
-3.578002,9.36168,-53.509
-3.534713,9.26168,-53.509
-3.497607,9.16168,-53.509
-3.484936, 9.144226999999999,-53.509
-3.442044, 9.061679999999999,-53.509
-3.384936,8.962107,-53.509
-3.384546,8.96168,-53.509
-3.33327,8.86168,-53.509
-3.284936,8.785364,-53.509
-3.265125,8.76168,-53.509
-3.213634,8.66168,-53.509
-3.184936, 8.626788000000001,-53.509
-3.135211, 8.561679999999999,-53.509
-3.084936,8.492883,-53.509
-3.057812,8.46168,-53.509
-2.984936,8.37721,-53.509
-2.969973,8.36168,-53.509
-2.884936,8.274739,-53.509
-2.872525,8.26168,-53.509
-2.789787,8.16168,-53.509
-2.784936,8.156438,-53.509
-2.720376, 8.061679999999999,-53.509
-2.684936,8.010892,-53.509
-2.650783, 7.961679999999999,-53.509
-2.60424,7.86168,-53.509
-2.584936, 7.836679999999999,-53.509
-2.541776,7.76168,-53.509
-2.520542,7.66168,-53.509
-2.484936, 7.576739999999999,-53.509
-2.476007,7.56168,-53.509
-2.445941, 7.461679999999999,-53.509
-2.425266,7.36168,-53.509
-2.392545,7.26168,-53.509
-2.384936,7.245013,-53.509
-2.35577,7.16168,-53.509
-2.338441,7.06168,-53.509
-2.332119, 6.961679999999999,-53.509
-2.325561,6.86168,-53.509
-2.318874,6.76168,-53.509
-2.316388,6.66168,-53.509
-2.316388,6.56168,-53.509
-2.321983, 6.461679999999999,-53.509
-2.314881,6.36168,-53.509
-2.297607,6.26168,-53.509
-2.284936, 6.177588999999999,-53.509
-2.282264,6.16168,-53.509
-2.284936, 6.117929999999999,-53.509
-2.288345,6.06168,-53.509
-2.299936, 5.961679999999999,-53.509
-2.317476,5.86168,-53.509
-2.331558,5.76168,-53.509
-2.344516,5.66168,-53.509
-2.349987,5.56168,-53.509
-2.384936,5.482944,-53.509
-2.397607, 5.461679999999999,-53.509
-2.42957,5.36168,-53.509
-2.458212,5.26168,-53.509
-2.484936,5.213742,-53.509
-2.513307,5.16168,-53.509
-2.553402,5.06168,-53.509
-2.584936,5.01832,-53.509
-2.625439, 4.961679999999999,-53.509
-2.681527,4.86168,-53.509
-2.684936,4.8578,-53.509
-2.757812,4.76168,-53.509
-2.784936, 4.7328600000000005,-53.509
-2.856117,4.66168,-53.509
-2.884936,4.633827,-53.509
-2.965763,4.56168,-53.509
-2.984936,4.544904,-53.509
-3.084936,4.485332,-53.509
-3.119585, 4.461679999999999,-53.509
-3.184936,4.42141,-53.509
-3.284936,4.378888,-53.509
-3.309473,4.36168,-53.509
-3.384936,4.318558,-53.509
-3.484936, 4.280469999999999,-53.509
-3.514144,4.26168,-53.509
-3.584936,4.224824,-53.509
-3.684936,4.198482,-53.509
-3.777885,4.16168,-53.509
-3.784936,4.157544,-53.509
-3.884936, 4.1194299999999995,-53.509
-3.984936,4.100237,-53.509
-4.084936,4.069953,-53.509
-4.101365,4.06168,-53.509
-4.184936,4.030228,-53.509
-4.284936,4.01447,-53.509
-4.384936,4.006863,-53.509
-4.484936,4.002377,-53.509
-4.584936, 3.9956180000000003,-53.509
-4.684936, 3.9862360000000003,-53.509
-4.784936,3.984872,-53.509
-4.884936,3.992007,-53.509
-4.984936, 3.9997860000000003,-53.509
-5.084936, 4.007585000000001,-53.509
-5.184936, 4.0171149999999995,-53.509
-5.284936, 4.0294989999999995,-53.509
-7.239452,6.046416,-53.209
-7.221222, 5.8014339999999995,-53.209
-7.167084,5.599387,-53.209
-7.042078,5.336603,-53.209
-6.966666, 5.2217210000000005,-53.209
-6.848598, 5.0885739999999995,-53.209
-6.749243, 4.860746000000001,-53.209
-6.629266,4.6894,-53.209
-6.558541, 4.612216999999999,-53.209
-6.351686,4.42372,-53.209
-6.044004,4.232909,-53.209
-5.960924,4.190154,-53.209
-5.764365,4.118613,-53.209
-5.431435,4.057447,-53.209
-5.234156,4.041119,-53.209
-4.726921,4.045686,-53.209
-4.525918, 4.0811280000000005,-53.209
-4.434085, 4.0822899999999995,-53.209
-4.22809,4.118613,-53.209
-4.012691, 4.2010309999999995,-53.209
-3.628882,4.336572,-53.209
-3.243189,4.531328,-53.209
-3.071844,4.651305,-53.209
-2.814122,4.909027,-53.209
-2.677184,5.101894,-53.209
-2.55025, 5.326738000000001,-53.209
-2.436762, 5.5944780000000005,-53.209
-2.394827,5.799405,-53.209
-2.386958,5.936603,-53.209
-2.403325,6.170721,-53.209
-2.451977,6.362847,-53.209
-2.474685, 6.410769999999999,-53.209
-2.441793, 6.5335220000000005,-53.209
-2.423562, 6.741899999999999,-53.209
-2.428129,7.029508,-53.209
-2.464451, 7.235504000000001,-53.209
-2.56914, 7.591576000000001,-53.209
-2.609202, 7.688294000000001,-53.209
-2.713789,7.869444,-53.209
-2.850727,8.062311,-53.209
-2.998635, 8.210218999999999,-53.209
-3.112015, 8.289750999999999,-53.209
-3.314329,8.648386,-53.209
-3.377894,8.82303,-53.209
-3.47229, 8.989087000000001,-53.209
-3.520855, 9.165564999999999,-53.209
-3.564718,9.265856,-53.209
-3.630667,9.531609,-53.209
-3.719068,9.721185,-53.209
-3.921734,10.0291,-53.209
-4.037012,10.16972,-53.209
-4.279789,10.40648,-53.209
-4.451134,10.52646,-53.209
-4.699368,10.65227,-53.209
-4.891287,10.73546,-53.209
-5.154247,10.83193,-53.209
-5.293035,10.92911,-53.209
-5.482611,11.01751,-53.209
-5.684657,11.07165,-53.209
-5.893035, 11.089879999999999,-53.209
-6.076057, 11.089879999999999,-53.209
-6.284435,11.07165,-53.209
-6.486481,11.01751,-53.209
-6.676057,10.92911,-53.209
-6.847402,10.80913,-53.209
-6.99531,10.66122,-53.209
-7.188496,10.38006,-53.209
-7.280698,10.17989,-53.209
-7.332938, 9.977343000000001,-53.209
-7.349213,9.768803,-53.209
-7.331035,9.571687,-53.209
-7.276897,9.36964,-53.209
-7.239824,9.277048,-53.209
-7.239824, 8.833889000000001,-53.209
-7.193681,8.559289,-53.209
-7.192729, 8.466021999999999,-53.209
-7.147536,8.26344,-53.209
-7.186521,8.03731,-53.209
-7.198711, 7.8873180000000005,-53.209
-7.221222,7.792178,-53.209
-7.239452, 7.583800999999999,-53.209
-5.484936, 4.1353789999999995,-52.909
-5.583849,4.16168,-52.909
-5.584936,4.16207,-52.909
-5.684936,4.198247,-52.909
-5.784936,4.215766,-52.909
-5.884415,4.26168,-52.909
-5.884936,4.26207,-52.909
-5.984936,4.310937,-52.909
-6.078973,4.36168,-52.909
-6.084936,4.366531,-52.909
-6.184936,4.42195,-52.909
-6.231163, 4.461679999999999,-52.909
-6.284936,4.505526,-52.909
-6.367891,4.56168,-52.909
-6.384936, 4.5768830000000005,-52.909
-6.470895,4.66168,-52.909
-6.484936,4.676865,-52.909
-6.549993,4.76168,-52.909
-6.584936,4.807235,-52.909
-6.624241,4.86168,-52.909
-6.674097, 4.961679999999999,-52.909
-6.684936,4.976583,-52.909
-6.728966,5.06168,-52.909
-6.782265,5.16168,-52.909
-6.784936,5.164862,-52.909
-6.842194,5.26168,-52.909
-6.884936,5.335291,-52.909
-6.903205,5.36168,-52.909
-6.94173, 5.461679999999999,-52.909
-6.983773,5.56168,-52.909
-6.984936,5.563603,-52.909
-7.026512,5.66168,-52.909
-7.045206,5.76168,-52.909
-7.059498,5.86168,-52.909
-7.068818, 5.961679999999999,-52.909
-7.084545,6.06168,-52.909
-7.084936,6.065251,-52.909
-7.094511,6.16168,-52.909
-7.097607,6.26168,-52.909
-7.099366,6.36168,-52.909
-7.099366, 6.461679999999999,-52.909
-7.099366,6.56168,-52.909
-7.099366,6.66168,-52.909
-7.099366,6.76168,-52.909
-7.099366,6.86168,-52.909
-7.099366, 6.961679999999999,-52.909
-7.099366,7.06168,-52.909
-7.099366,7.16168,-52.909
-7.097607,7.26168,-52.909
-7.094511,7.36168,-52.909
-7.084936,7.458109,-52.909
-7.084545, 7.461679999999999,-52.909
-7.071085,7.56168,-52.909
-7.055378,7.66168,-52.909
-7.044659,7.76168,-52.909
-7.031584,7.86168,-52.909
-7.02188, 7.961679999999999,-52.909
-7.011237, 8.061679999999999,-52.909
-6.987608,8.16168,-52.909
-6.984936,8.16782,-52.909
-6.955378,8.26168,-52.909
-6.942992,8.36168,-52.909
-6.928859,8.46168,-52.909
-6.91909, 8.561679999999999,-52.909
-6.902144,8.66168,-52.909
-6.884936,8.721907,-52.909
-6.872867,8.76168,-52.909
-6.858212,8.86168,-52.909
-6.856565,8.96168,-52.909
-6.884936,9.026424,-52.909
-6.902678, 9.061679999999999,-52.909
-6.936518,9.16168,-52.909
-6.9713,9.26168,-52.909
-6.984936,9.291679,-52.909
-7.0161,9.36168,-52.909
-7.037733,9.46168,-52.909
-7.054579, 9.561679999999999,-52.909
-7.061008,9.66168,-52.909
-7.064566,9.76168,-52.909
-7.055012,9.86168,-52.909
-7.036108,9.96168,-52.909
-7.006307, 10.061679999999999,-52.909
-6.984936,10.11168,-52.909
-6.962479,10.16168,-52.909
-6.912953,10.26168,-52.909
-6.884936,10.3056,-52.909
-6.847883,10.36168,-52.909
-6.784936,10.44462,-52.909
-6.771384,10.46168,-52.909
-6.691436, 10.561679999999999,-52.909
-6.684936,10.56831,-52.909
-6.584936,10.64929,-52.909
-6.569768,10.66168,-52.909
-6.484936,10.72356,-52.909
-6.428229,10.76168,-52.909
-6.384936,10.78778,-52.909
-6.284936,10.82592,-52.909
-6.194585,10.86168,-52.909
-6.184936,10.86581,-52.909
-6.084936,10.89572,-52.909
-5.984936,10.90909,-52.909
-5.884936,10.91807,-52.909
-5.784936,10.92312,-52.909
-5.684936, 10.922880000000001,-52.909
-5.584936,10.9167,-52.909
-5.484936,10.9068,-52.909
-5.384936, 10.886239999999999,-52.909
-5.334936,10.86168,-52.909
-5.284936,10.83712,-52.909
-5.184936,10.8095,-52.909
-5.084936,10.78298,-52.909
-5.030174,10.76168,-52.909
-4.984936,10.74341,-52.909
-4.884936,10.71122,-52.909
-4.784936,10.68755,-52.909
-4.742148,10.66168,-52.909
-4.684936, 10.629859999999999,-52.909
-4.584936,10.59527,-52.909
-4.535321, 10.561679999999999,-52.909
-4.484936,10.52774,-52.909
-4.384936,10.46995,-52.909
-4.376663,10.46168,-52.909
-4.284936, 10.384409999999999,-52.909
-4.262209,10.36168,-52.909
-4.184936,10.28249,-52.909
-4.164128,10.26168,-52.909
-4.084936,10.17553,-52.909
-4.071085,10.16168,-52.909
-4.00424, 10.061679999999999,-52.909
-3.984936,10.03974,-52.909
-3.934705,9.96168,-52.909
-3.897005,9.86168,-52.909
-3.884936, 9.847790999999999,-52.909
-3.831488,9.76168,-52.909
-3.784936,9.674982,-52.909
-3.774725,9.66168,-52.909
-3.736619, 9.561679999999999,-52.909
-3.713707,9.46168,-52.909
-3.684936,9.383649,-52.909
-3.674725,9.36168,-52.909
-3.645462,9.26168,-52.909
-3.629562,9.16168,-52.909
-3.597607, 9.061679999999999,-52.909
-3.584936,9.038262,-52.909
-3.552755,8.96168,-52.909
-3.525981,8.86168,-52.909
-3.484936,8.768983,-52.909
-3.480085,8.76168,-52.909
-3.448825,8.66168,-52.909
-3.423094, 8.561679999999999,-52.909
-3.384936,8.468731,-52.909
-3.380801,8.46168,-52.909
-3.329673,8.36168,-52.909
-3.284936,8.308183,-52.909
-3.244876,8.26168,-52.909
-3.184936, 8.190608000000001,-52.909
-3.157571,8.16168,-52.909
-3.084936,8.082635,-52.909
-3.06398, 8.061679999999999,-52.909
-2.984936, 7.9673810000000005,-52.909
-2.980012, 7.961679999999999,-52.909
-2.919997,7.86168,-52.909
-2.884936,7.817786,-52.909
-2.840659,7.76168,-52.909
-2.784936, 7.6632750000000005,-52.909
-2.783773,7.66168,-52.909
-2.735798,7.56168,-52.909
-2.707663, 7.461679999999999,-52.909
-2.684936, 7.4170370000000005,-52.909
-2.657743,7.36168,-52.909
-2.627992,7.26168,-52.909
-2.584936, 7.167167999999999,-52.909
-2.581527,7.16168,-52.909
-2.543686,7.06168,-52.909
-2.527281, 6.961679999999999,-52.909
-2.510808,6.86168,-52.909
-2.488345,6.76168,-52.909
-2.484936,6.73918,-52.909
-2.474097,6.66168,-52.909
-2.459936,6.56168,-52.909
-2.461743, 6.461679999999999,-52.909
-2.449006,6.36168,-52.909
-2.43367,6.26168,-52.909
-2.420866,6.16168,-52.909
-2.412079,6.06168,-52.909
-2.399936, 5.961679999999999,-52.909
-2.396395,5.86168,-52.909
-2.406715,5.76168,-52.909
-2.420215,5.66168,-52.909
-2.427367,5.56168,-52.909
-2.458212, 5.461679999999999,-52.909
-2.484936,5.405656,-52.909
-2.507192,5.36168,-52.909
-2.543581,5.26168,-52.909
-2.584936,5.180487,-52.909
-2.598787,5.16168,-52.909
-2.656165,5.06168,-52.909
-2.684936,5.026646,-52.909
-2.731521, 4.961679999999999,-52.909
-2.784936,4.88868,-52.909
-2.809631,4.86168,-52.909
-2.884936, 4.7863750000000005,-52.909
-2.909783,4.76168,-52.909
-2.984936,4.689194,-52.909
-3.014181,4.66168,-52.909
-3.084936,4.59918,-52.909
-3.159112,4.56168,-52.909
-3.184936, 4.546117000000001,-52.909
-3.284936, 4.4908459999999994,-52.909
-3.33906, 4.461679999999999,-52.909
-3.384936,4.435808,-52.909
-3.484936,4.396295,-52.909
-3.548615,4.36168,-52.909
-3.584936,4.338487,-52.909
-3.684936,4.307817,-52.909
-3.784936,4.284872,-52.909
-3.835594,4.26168,-52.909
-3.884936, 4.238951999999999,-52.909
-3.984936,4.217115,-52.909
-4.084936,4.19918,-52.909
-4.184936, 4.1699530000000005,-52.909
-4.215199,4.16168,-52.909
-4.284936, 4.1444719999999995,-52.909
-4.384936, 4.1291400000000005,-52.909
-4.484936,4.122978,-52.909
-4.584936, 4.1180959999999995,-52.909
-4.684936,4.111243,-52.909
-4.784936,4.108186,-52.909
-4.884936,4.10775,-52.909
-4.984936, 4.1073129999999995,-52.909
-5.084936, 4.1073129999999995,-52.909
-5.184936,4.108596,-52.909
-5.284936,4.112344,-52.909
-5.384936,4.120435,-52.909
-5.584936,4.22914,-52.609
-5.649673,4.26168,-52.609
-5.684936,4.282487,-52.609
-5.784936,4.312893,-52.609
-5.882509,4.36168,-52.609
-5.884936, 4.3636029999999995,-52.609
-5.984936,4.41168,-52.609
-6.066791, 4.461679999999999,-52.609
-6.084936,4.47668,-52.609
-6.184936,4.520518,-52.609
-6.232877,4.56168,-52.609
-6.284936, 4.609776999999999,-52.609
-6.342122,4.66168,-52.609
-6.384936,4.703988,-52.609
-6.435455,4.76168,-52.609
-6.484936,4.841263,-52.609
-6.501054,4.86168,-52.609
-6.556165, 4.961679999999999,-52.609
-6.584936,5.004596,-52.609
-6.620613,5.06168,-52.609
-6.658212,5.16168,-52.609
-6.684936,5.201086,-52.609
-6.722568,5.26168,-52.609
-6.754991,5.36168,-52.609
-6.784936,5.422235,-52.609
-6.806715, 5.461679999999999,-52.609
-6.835725,5.56168,-52.609
-6.859936,5.66168,-52.609
-6.884936,5.730228,-52.609
-6.898202,5.76168,-52.609
-6.918713,5.86168,-52.609
-6.922636, 5.961679999999999,-52.609
-6.930658,6.06168,-52.609
-6.938601,6.16168,-52.609
-6.941447,6.26168,-52.609
-6.942708,6.36168,-52.609
-6.942708, 6.461679999999999,-52.609
-6.942708,6.56168,-52.609
-6.942708,6.66168,-52.609
-6.942708,6.76168,-52.609
-6.942708,6.86168,-52.609
-6.942708, 6.961679999999999,-52.609
-6.942708,7.06168,-52.609
-6.942708,7.16168,-52.609
-6.941447,7.26168,-52.609
-6.938078,7.36168,-52.609
-6.930415, 7.461679999999999,-52.609
-6.91909,7.56168,-52.609
-6.898788,7.66168,-52.609
-6.884936, 7.701102000000001,-52.609
-6.865125,7.76168,-52.609
-6.848138,7.86168,-52.609
-6.83773, 7.961679999999999,-52.609
-6.828233, 8.061679999999999,-52.609
-6.818547,8.16168,-52.609
-6.797607,8.26168,-52.609
-6.784936, 8.299434999999999,-52.609
-6.765633,8.36168,-52.609
-6.747643,8.46168,-52.609
-6.74173, 8.561679999999999,-52.609
-6.734402,8.66168,-52.609
-6.726691,8.76168,-52.609
-6.720988,8.86168,-52.609
-6.718005,8.96168,-52.609
-6.722992, 9.061679999999999,-52.609
-6.732012,9.16168,-52.609
-6.745366,9.26168,-52.609
-6.760098,9.36168,-52.609
-6.779381,9.46168,-52.609
-6.784936,9.49577,-52.609
-6.795293, 9.561679999999999,-52.609
-6.796087,9.66168,-52.609
-6.784936,9.747791,-52.609
-6.783013,9.76168,-52.609
-6.762244,9.86168,-52.609
-6.734936,9.96168,-52.609
-6.693542, 10.061679999999999,-52.609
-6.684936,10.07809,-52.609
-6.640353,10.16168,-52.609
-6.584936,10.2448,-52.609
-6.573094,10.26168,-52.609
-6.500214,10.36168,-52.609
-6.484936,10.37802,-52.609
-6.399583,10.46168,-52.609
-6.384936, 10.474630000000001,-52.609
-6.284936,10.54226,-52.609
-6.260457, 10.561679999999999,-52.609
-6.184936,10.61499,-52.609
-6.111948,10.66168,-52.609
-6.084936,10.67778,-52.609
-5.984936,10.71348,-52.609
-5.884936,10.73713,-52.609
-5.825377,10.76168,-52.609
-5.784936,10.77942,-52.609
-5.684936, 10.794920000000001,-52.609
-5.584936,10.80322,-52.609
-5.484936,10.80423,-52.609
-5.384936,10.80009,-52.609
-5.284936,10.78755,-52.609
-5.184936,10.76581,-52.609
-5.172145,10.76168,-52.609
-5.084936, 10.738949999999999,-52.609
-4.984936,10.72387,-52.609
-4.884936,10.70238,-52.609
-4.784936, 10.674949999999999,-52.609
-4.764624,10.66168,-52.609
-4.684936, 10.624179999999999,-52.609
-4.584936,10.58882,-52.609
-4.549222, 10.561679999999999,-52.609
-4.484936,10.52057,-52.609
-4.401603,10.46168,-52.609
-4.384936,10.44556,-52.609
-4.290492,10.36168,-52.609
-4.284936,10.35612,-52.609
-4.199366,10.26168,-52.609
-4.184936,10.24725,-52.609
-4.112493,10.16168,-52.609
-4.084936,10.12225,-52.609
-4.04731, 10.061679999999999,-52.609
-3.989787,9.96168,-52.609
-3.984936, 9.953655000000001,-52.609
-3.948055,9.86168,-52.609
-3.912902,9.76168,-52.609
-3.884936,9.715846,-52.609
-3.853484,9.66168,-52.609
-3.831398, 9.561679999999999,-52.609
-3.804747,9.46168,-52.609
-3.784936,9.416028,-52.609
-3.762209,9.36168,-52.609
-3.738908,9.26168,-52.609
-3.723342,9.16168,-52.609
-3.69187, 9.061679999999999,-52.609
-3.684936,9.046836,-52.609
-3.654991,8.96168,-52.609
-3.632038,8.86168,-52.609
-3.612079,8.76168,-52.609
-3.584936,8.691827,-52.609
-3.571085,8.66168,-52.609
-3.545906, 8.561679999999999,-52.609
-3.532568,8.46168,-52.609
-3.504747,8.36168,-52.609
-3.484936,8.331963,-52.609
-3.438374,8.26168,-52.609
-3.384936,8.20468,-52.609
-3.345366,8.16168,-52.609
-3.284936,8.089253,-52.609
-3.260102, 8.061679999999999,-52.609
-3.188345, 7.961679999999999,-52.609
-3.184936, 7.9575890000000005,-52.609
-3.11643,7.86168,-52.609
-3.084936,7.825214,-52.609
-3.033724,7.76168,-52.609
-2.984936,7.695696,-52.609
-2.959476,7.66168,-52.609
-2.923018,7.56168,-52.609
-2.884936, 7.496827999999999,-52.609
-2.863157, 7.461679999999999,-52.609
-2.836631,7.36168,-52.609
-2.801055,7.26168,-52.609
-2.784936, 7.238567000000001,-52.609
-2.737552,7.16168,-52.609
-2.684936,7.078652,-52.609
-2.672265,7.06168,-52.609
-2.629243, 6.961679999999999,-52.609
-2.589787,6.86168,-52.609
-2.584936, 6.853655000000001,-52.609
-2.548055,6.76168,-52.609
-2.528405,6.66168,-52.609
-2.503726,6.56168,-52.609
-2.484936,6.496124,-52.609
-2.474097, 6.461679999999999,-52.609
-2.450658,6.36168,-52.609
-2.436569,6.26168,-52.609
-2.427504,6.16168,-52.609
-2.419885,6.06168,-52.609
-2.406232, 5.961679999999999,-52.609
-2.396395,5.86168,-52.609
-2.401603,5.76168,-52.609
-2.409936,5.66168,-52.609
-2.416754,5.56168,-52.609
-2.436843, 5.461679999999999,-52.609
-2.46038,5.36168,-52.609
-2.484936, 5.3150509999999995,-52.609
-2.512079,5.26168,-52.609
-2.547436,5.16168,-52.609
-2.584936,5.10048,-52.609
-2.612493,5.06168,-52.609
-2.683773, 4.961679999999999,-52.609
-2.684936,4.960517,-52.609
-2.762209,4.86168,-52.609
-2.784936,4.838673,-52.609
-2.86146,4.76168,-52.609
-2.884936,4.738487,-52.609
-2.96827,4.66168,-52.609
-2.984936, 4.6450130000000005,-52.609
-3.084936,4.568614,-52.609
-3.096246,4.56168,-52.609
-3.184936, 4.523861999999999,-52.609
-3.282158, 4.461679999999999,-52.609
-3.284936,4.459008,-52.609
-3.384936, 4.421632000000001,-52.609
-3.484936,4.379422,-52.609
-3.513287,4.36168,-52.609
-3.584936, 4.3264000000000005,-52.609
-3.684936,4.304247,-52.609
-3.784936,4.278346,-52.609
-3.826065,4.26168,-52.609
-3.884936, 4.2394240000000005,-52.609
-3.984936,4.220435,-52.609
-4.084936,4.211272,-52.609
-4.184936,4.203194,-52.609
-4.284936,4.197286,-52.609
-4.384936,4.191238,-52.609
-4.484936,4.18668,-52.609
-4.584936,4.182487,-52.609
-4.684936,4.174351,-52.609
-4.784936,4.168614,-52.609
-4.884936,4.16793,-52.609
-4.984936,4.166531,-52.609
-5.084936,4.169288,-52.609
-5.184936,4.177243,-52.609
-5.284936, 4.189235999999999,-52.609
-5.384936,4.20418,-52.609
-5.484936,4.216452,-52.609
-3.994833,4.228708,-52.309
-5.051134,4.224141,-52.309
-5.259512, 4.2423720000000005,-52.309
-5.539676,4.31055,-52.309
-5.686329, 4.364800000000001,-52.309
-6.017178,4.531328,-52.309
-6.13206,4.606742,-52.309
-6.288564, 4.745521999999999,-52.309
-6.456409,4.970559,-52.309
-6.577956,5.209835,-52.309
-6.649498,5.406393,-52.309
-6.713792,5.631083,-52.309
-6.755727,5.83601,-52.309
-6.759064, 6.0028820000000005,-52.309
-6.792331, 6.165449000000001,-52.309
-6.8002,6.339251,-52.309
-6.8002, 7.217757000000001,-52.309
-6.787219,7.393781,-52.309
-6.686914,7.785188,-52.309
-6.651949,8.023998,-52.309
-6.635551,8.194827,-52.309
-6.580573,8.440083,-52.309
-6.580573,8.572119,-52.309
-6.541823,9.133257,-52.309
-6.543969, 9.450624999999999,-52.309
-6.525739,9.659003,-52.309
-6.4716,9.861049,-52.309
-6.431538,9.957767,-52.309
-6.326952,10.13892,-52.309
-6.155893,10.33576,-52.309
-5.959052, 10.506820000000001,-52.309
-5.777902,10.6114,-52.309
-5.581343,10.68294,-52.309
-5.375347,10.71927,-52.309
-5.128173,10.72339,-52.309
-4.92037,10.69947,-52.309
-4.719878,10.63983,-52.309
-4.560947,10.56306,-52.309
-4.389602,10.44309,-52.309
-4.241694,10.29518,-52.309
-4.121717,10.12383,-52.309
-4.033316,9.934258,-52.309
-3.928256,9.613403,-52.309
-3.781839,9.064336,-52.309
-3.745763,8.858297,-52.309
-3.686343,8.63408,-52.309
-3.668112,8.415204,-52.309
-3.617662,8.175751,-52.309
-3.511097,8.100406,-52.309
-3.363188, 7.952496999999999,-52.309
-3.096794, 7.561526000000001,-52.309
-3.008393,7.37195,-52.309
-2.953605,7.162478,-52.309
-2.884033, 7.1123069999999995,-52.309
-2.749803,6.966493,-52.309
-2.641403,6.800574,-52.309
-2.495931, 6.4934449999999995,-52.309
-2.441793,6.291398,-52.309
-2.425508,6.0875,-52.309
-2.391525,5.894772,-52.309
-2.391525,5.575785,-52.309
-2.427847,5.369789,-52.309
-2.499389,5.17323,-52.309
-2.547728,5.080372,-52.309
-2.667705,4.909027,-52.309
-2.871735,4.699172,-52.309
-3.035583,4.569144,-52.309
-3.262838,4.446385,-52.309
-3.542578,4.333115,-52.309
-3.788837,4.26503,-52.309
-6.286347,7.090093,-52.009
-6.283172,6.381082,-52.009
-6.246849,6.175086,-52.009
-6.02889,5.575879,-52.009
-5.870738,5.299998,-52.009
-5.750761,5.128653,-52.009
-5.310017, 4.6879100000000005,-52.009
-5.138672,4.567933,-52.009
-4.875888,4.442928,-52.009
-4.49507,4.346935,-52.009
-4.316237,4.340314,-52.009
-4.1438,4.259906,-52.009
-3.941753,4.205767,-52.009
-3.733376,4.187537,-52.009
-3.524998,4.205767,-52.009
-3.322952,4.259906,-52.009
-3.133376,4.348306,-52.009
-2.96203, 4.4682830000000004,-52.009
-2.814122,4.616192,-52.009
-2.694145, 4.7875369999999995,-52.009
-2.605745,4.977113,-52.009
-2.551606,5.179159,-52.009
-2.533376,5.387537,-52.009
-2.541244, 5.6345469999999995,-52.009
-2.56998,5.774971,-52.009
-2.56998,6.119625,-52.009
-2.586307,6.316904,-52.009
-2.607769,6.445671,-52.009
-2.609561,6.606738,-52.009
-2.661419,6.950278,-52.009
-2.715558,7.152324,-52.009
-2.865433,7.505272,-52.009
-2.97002,7.686422,-52.009
-3.126169,7.894677,-52.009
-3.270657,8.045927,-52.009
-3.439215,8.169791,-52.009
-3.596149,8.247386,-52.009
-3.769714, 8.356489999999999,-52.009
-3.89153,8.549378,-52.009
-4.035344,8.70127,-52.009
-4.203348, 8.825883000000001,-52.009
-4.41132,8.928908,-52.009
-4.462811,8.978911,-52.009
-4.634156, 9.098887999999999,-52.009
-4.727014, 9.147226999999999,-52.009
-4.923573,9.218769,-52.009
-5.129569,9.255091,-52.009
-5.234156,9.259658,-52.009
-5.588951,9.241427,-52.009
-5.790998,9.187289,-52.009
-5.980574, 9.098887999999999,-52.009
-6.151918,8.978911,-52.009
-6.299827, 8.831002999999999,-52.009
-6.419804,8.659658,-52.009
-6.508205,8.470082,-52.009
-6.562343, 8.268035999999999,-52.009
-6.580573,8.059658,-52.009
-6.562343,7.814676,-52.009
-6.494165, 7.534511999999999,-52.009
-6.417281,7.33998,-52.009
-3.984936,4.056829,-51.709
-3.99384,4.06168,-51.709
-4.084936,4.097626,-51.709
-4.184936, 4.1222769999999995,-51.709
-4.266397,4.16168,-51.709
-4.284936,4.173138,-51.709
-4.384936,4.210882,-51.709
-4.484936,4.235379,-51.709
-4.534393,4.26168,-51.709
-4.584936,4.288404,-51.709
-4.684936,4.330086,-51.709
-4.741867,4.36168,-51.709
-4.784936,4.387118,-51.709
-4.884936,4.440384,-51.709
-4.907051, 4.461679999999999,-51.709
-4.984936,4.534434,-51.709
-5.019936,4.56168,-51.709
-5.084936, 4.6108080000000005,-51.709
-5.13829,4.66168,-51.709
-5.184936, 4.7058990000000005,-51.709
-5.238547,4.76168,-51.709
-5.284936,4.809394,-51.709
-5.33413,4.86168,-51.709
-5.384936,4.919302,-51.709
-5.425109, 4.961679999999999,-51.709
-5.484936, 5.0297719999999995,-51.709
-5.514874,5.06168,-51.709
-5.584936,5.148321,-51.709
-5.597005,5.16168,-51.709
-5.666724,5.26168,-51.709
-5.684936, 5.284985000000001,-51.709
-5.737248,5.36168,-51.709
-5.784936,5.456507,-51.709
-5.788345, 5.461679999999999,-51.709
-5.841397,5.56168,-51.709
-5.884936,5.644127,-51.709
-5.896394,5.66168,-51.709
-5.931621,5.76168,-51.709
-5.953931,5.86168,-51.709
-5.984936,5.93668,-51.709
-5.997607, 5.961679999999999,-51.709
-6.027834,6.06168,-51.709
-6.04772,6.16168,-51.709
-6.072265,6.26168,-51.709
-6.084936,6.305727,-51.709
-6.100499,6.36168,-51.709
-6.112079, 6.461679999999999,-51.709
-6.11688,6.56168,-51.709
-6.118727,6.66168,-51.709
-6.120376,6.76168,-51.709
-6.124007,6.86168,-51.709
-6.128216, 6.961679999999999,-51.709
-6.133332,7.06168,-51.709
-6.154659,7.16168,-51.709
-6.184936,7.21845,-51.709
-6.209492,7.26168,-51.709
-6.24147,7.36168,-51.709
-6.276663, 7.461679999999999,-51.709
-6.284936,7.479372,-51.709
-6.316041,7.56168,-51.709
-6.331738,7.66168,-51.709
-6.344403,7.76168,-51.709
-6.352707,7.86168,-51.709
-6.356148, 7.961679999999999,-51.709
-6.354998, 8.061679999999999,-51.709
-6.344746,8.16168,-51.709
-6.327747,8.26168,-51.709
-6.299662,8.36168,-51.709
-6.284936,8.391962,-51.709
-6.250321,8.46168,-51.709
-6.207038, 8.561679999999999,-51.709
-6.184936,8.591878,-51.709
-6.130705,8.66168,-51.709
-6.084936,8.712534,-51.709
-6.039661,8.76168,-51.709
-5.984936,8.816404,-51.709
-5.936207,8.86168,-51.709
-5.884936,8.904894,-51.709
-5.802977,8.96168,-51.709
-5.784936,8.97418,-51.709
-5.684936,9.016862,-51.709
-5.585612, 9.061679999999999,-51.709
-5.584936,9.06207,-51.709
-5.484936,9.097278,-51.709
-5.384936,9.110378,-51.709
-5.284936,9.120098,-51.709
-5.184936,9.128434,-51.709
-5.084936,9.129861,-51.709
-4.984936,9.124799,-51.709
-4.884936, 9.114965999999999,-51.709
-4.784936,9.097929,-51.709
-4.689541, 9.061679999999999,-51.709
-4.684936,9.059008,-51.709
-4.584936,9.023875,-51.709
-4.484936,8.987119,-51.709
-4.448986,8.96168,-51.709
-4.384936, 8.923874999999999,-51.709
-4.284936,8.894575,-51.709
-4.219832,8.86168,-51.709
-4.184936, 8.840872000000001,-51.709
-4.084936,8.790846,-51.709
-4.047702,8.76168,-51.709
-3.984936,8.716756,-51.709
-3.917124,8.66168,-51.709
-3.884936,8.630656,-51.709
-3.817583, 8.561679999999999,-51.709
-3.784936,8.526102,-51.709
-3.722124,8.46168,-51.709
-3.684936,8.424951,-51.709
-3.611195,8.36168,-51.709
-3.584936,8.339423,-51.709
-3.484936,8.29045,-51.709
-3.451923,8.26168,-51.709
-3.384936,8.206389,-51.709
-3.332775,8.16168,-51.709
-3.284936,8.120236,-51.709
-3.224439, 8.061679999999999,-51.709
-3.184936, 8.019867000000001,-51.709
-3.134936, 7.961679999999999,-51.709
-3.084936,7.899101,-51.709
-3.053118,7.86168,-51.709
-2.997607,7.76168,-51.709
-2.984936, 7.749008000000001,-51.709
-2.914881,7.66168,-51.709
-2.884936, 7.609775000000001,-51.709
-2.856565,7.56168,-51.709
-2.811237, 7.461679999999999,-51.709
-2.784936,7.409975,-51.709
-2.759936,7.36168,-51.709
-2.724795,7.26168,-51.709
-2.684936, 7.1698319999999995,-51.709
-2.679381,7.16168,-51.709
-2.645941,7.06168,-51.709
-2.630215, 6.961679999999999,-51.709
-2.619885,6.86168,-51.709
-2.609492,6.76168,-51.709
-2.597005,6.66168,-51.709
-2.586099,6.56168,-51.709
-2.584936, 6.524179999999999,-51.709
-2.583013, 6.461679999999999,-51.709
-2.56827,6.36168,-51.709
-2.558636,6.26168,-51.709
-2.552755,6.16168,-51.709
-2.550321,6.06168,-51.709
-2.549987, 5.961679999999999,-51.709
-2.550658,5.86168,-51.709
-2.549987,5.76168,-51.709
-2.543422,5.66168,-51.709
-2.544795,5.56168,-51.709
-2.540857, 5.461679999999999,-51.709
-2.534936,5.36168,-51.709
-2.534534,5.26168,-51.709
-2.537405,5.16168,-51.709
-2.547131,5.06168,-51.709
-2.56827, 4.961679999999999,-51.709
-2.584936,4.924723,-51.709
-2.610375,4.86168,-51.709
-2.639122,4.76168,-51.709
-2.684936,4.673733,-51.709
-2.694511,4.66168,-51.709
-2.737659,4.56168,-51.709
-2.784936,4.497586,-51.709
-2.81736, 4.461679999999999,-51.709
-2.884936,4.390205,-51.709
-2.916496,4.36168,-51.709
-2.984936,4.305247,-51.709
-3.035616,4.26168,-51.709
-3.084936,4.220719,-51.709
-3.184936,4.168614,-51.709
-3.195856,4.16168,-51.709
-3.284936,4.118862,-51.709
-3.384936, 4.0921259999999995,-51.709
-3.461697,4.06168,-51.709
-3.484936,4.050221,-51.709
-3.584936,4.033714,-51.709
-3.684936,4.026307,-51.709
-3.784936,4.026839,-51.709
-3.884936,4.035808,-51.709
-4.084936,3.924794,-51.409
-4.161641,3.96168,-51.409
-4.184936,3.975531,-51.409
-4.284936,4.012513,-51.409
-4.380098,4.06168,-51.409
-4.384936, 4.0650889999999995,-51.409
-4.484936,4.111139,-51.409
-4.568418,4.16168,-51.409
-4.584936,4.174351,-51.409
-4.684936, 4.2430520000000005,-51.409
-4.704866,4.26168,-51.409
-4.784936,4.33603,-51.409
-4.809021,4.36168,-51.409
-4.884936, 4.438530999999999,-51.409
-4.907663, 4.461679999999999,-51.409
-4.964128,4.56168,-51.409
-4.984936,4.588058,-51.409
-5.037171,4.66168,-51.409
-5.084936, 4.7168410000000005,-51.409
-5.126305,4.76168,-51.409
-5.184936,4.817646,-51.409
-5.226828,4.86168,-51.409
-5.284936,4.940724,-51.409
-5.303205, 4.961679999999999,-51.409
-5.380801,5.06168,-51.409
-5.384936,5.066115,-51.409
-5.451885,5.16168,-51.409
-5.484936,5.20438,-51.409
-5.52714,5.26168,-51.409
-5.572867,5.36168,-51.409
-5.584936,5.37918,-51.409
-5.631026, 5.461679999999999,-51.409
-5.684546,5.56168,-51.409
-5.684936, 5.5622750000000005,-51.409
-5.730564,5.66168,-51.409
-5.758212,5.76168,-51.409
-5.784936,5.822864,-51.409
-5.803726,5.86168,-51.409
-5.82587, 5.961679999999999,-51.409
-5.843316,6.06168,-51.409
-5.867194,6.16168,-51.409
-5.884936,6.209093,-51.409
-5.90424,6.26168,-51.409
-5.917607,6.36168,-51.409
-5.925896, 6.461679999999999,-51.409
-5.934658,6.56168,-51.409
-5.937698,6.66168,-51.409
-5.939909,6.76168,-51.409
-5.9462,6.86168,-51.409
-5.953686, 6.961679999999999,-51.409
-5.966667,7.06168,-51.409
-5.984936,7.104217,-51.409
-6.008129,7.16168,-51.409
-6.036575,7.26168,-51.409
-6.066146,7.36168,-51.409
-6.084936, 7.400494999999999,-51.409
-6.11166, 7.461679999999999,-51.409
-6.126698,7.56168,-51.409
-6.138097,7.66168,-51.409
-6.146047,7.76168,-51.409
-6.14811,7.86168,-51.409
-6.147663, 7.961679999999999,-51.409
-6.138999, 8.061679999999999,-51.409
-6.122834,8.16168,-51.409
-6.089787,8.26168,-51.409
-6.084936,8.271381,-51.409
-6.04378,8.36168,-51.409
-5.99725,8.46168,-51.409
-5.984936,8.478867,-51.409
-5.92648, 8.561679999999999,-51.409
-5.884936, 8.609157999999999,-51.409
-5.836486,8.66168,-51.409
-5.784936,8.71168,-51.409
-5.730428,8.76168,-51.409
-5.684936, 8.799693000000001,-51.409
-5.590665,8.86168,-51.409
-5.584936, 8.865815000000001,-51.409
-5.484936, 8.916621000000001,-51.409
-5.386835,8.96168,-51.409
-5.384936,8.962843,-51.409
-5.284936,8.993669,-51.409
-5.184936,9.01243,-51.409
-5.084936,9.021631,-51.409
-4.984936,9.028434,-51.409
-4.884936, 9.025749999999999,-51.409
-4.784936,9.018015,-51.409
-4.684936,9.01037,-51.409
-4.584936,8.999786,-51.409
-4.484936,8.974351,-51.409
-4.459594,8.96168,-51.409
-4.384936,8.931734,-51.409
-4.284936, 8.909991999999999,-51.409
-4.184936,8.884407,-51.409
-4.147436,8.86168,-51.409
-4.084936,8.828785,-51.409
-3.984936, 8.789235999999999,-51.409
-3.945823,8.76168,-51.409
-3.884936,8.720647,-51.409
-3.818777,8.66168,-51.409
-3.784936,8.629783,-51.409
-3.694478, 8.561679999999999,-51.409
-3.684936,8.552751,-51.409
-3.587608,8.46168,-51.409
-3.584936,8.459008,-51.409
-3.484936, 8.380469999999999,-51.409
-3.464591,8.36168,-51.409
-3.384936, 8.295300000000001,-51.409
-3.349482,8.26168,-51.409
-3.284936,8.20151,-51.409
-3.245329,8.16168,-51.409
-3.184936, 8.094491999999999,-51.409
-3.15577, 8.061679999999999,-51.409
-3.084936,7.96793,-51.409
-3.078686, 7.961679999999999,-51.409
-3.011237,7.86168,-51.409
-2.984936, 7.815720000000001,-51.409
-2.955048,7.76168,-51.409
-2.884936,7.671392,-51.409
-2.875362,7.66168,-51.409
-2.825845,7.56168,-51.409
-2.784936,7.489222,-51.409
-2.764624, 7.461679999999999,-51.409
-2.72776,7.36168,-51.409
-2.684936,7.273585,-51.409
-2.676007,7.26168,-51.409
-2.639341,7.16168,-51.409
-2.618874,7.06168,-51.409
-2.59187, 6.961679999999999,-51.409
-2.584936,6.931035,-51.409
-2.570507,6.86168,-51.409
-2.563157,6.76168,-51.409
-2.557379,6.66168,-51.409
-2.553855,6.56168,-51.409
-2.552755, 6.461679999999999,-51.409
-2.548369,6.36168,-51.409
-2.545363,6.26168,-51.409
-2.542891,6.16168,-51.409
-2.541856,6.06168,-51.409
-2.541104, 5.961679999999999,-51.409
-2.542111,5.86168,-51.409
-2.544238,5.76168,-51.409
-2.544516,5.66168,-51.409
-2.554991,5.56168,-51.409
-2.547436, 5.461679999999999,-51.409
-2.534306,5.36168,-51.409
-2.527761,5.26168,-51.409
-2.526717,5.16168,-51.409
-2.529259,5.06168,-51.409
-2.535148, 4.961679999999999,-51.409
-2.545078,4.86168,-51.409
-2.56827,4.76168,-51.409
-2.584936, 4.7313220000000005,-51.409
-2.616388,4.66168,-51.409
-2.639284,4.56168,-51.409
-2.684936,4.478785,-51.409
-2.698201, 4.461679999999999,-51.409
-2.754642,4.36168,-51.409
-2.784936,4.325666,-51.409
-2.839078,4.26168,-51.409
-2.884936,4.213543,-51.409
-2.940603,4.16168,-51.409
-2.984936,4.121859,-51.409
-3.084936, 4.0665309999999995,-51.409
-3.091309,4.06168,-51.409
-3.184936, 4.0074179999999995,-51.409
-3.27438,3.96168,-51.409
-3.284936,3.954745,-51.409
-3.384936,3.918548,-51.409
-3.484936,3.900538,-51.409
-3.584936,3.890846,-51.409
-3.684936,3.882487,-51.409
-3.784936, 3.8834589999999998,-51.409
-3.884936,3.893301,-51.409
-3.984936, 3.9051929999999997,-51.409
-5.31789,6.291478,-51.109
-5.287939,6.024638,-51.109
-5.288736,5.945129,-51.109
-5.263227, 5.716355999999999,-51.109
-5.172761,5.463146,-51.109
-5.116801,5.366334,-51.109
-5.079004, 5.2480530000000005,-51.109
-5.009438,4.788659,-51.109
-4.907599,4.471035,-51.109
-4.807999,4.287096,-51.109
-4.669265,4.114148,-51.109
-4.521466,3.984467,-51.109
-4.343241,3.874971,-51.109
-3.998091,3.712072,-51.109
-3.85702, 3.5994450000000002,-51.109
-3.599086, 3.4514989999999997,-51.109
-2.938825, 2.9647870000000003,-51.109
-2.792813,2.918597,-51.109
-2.352388,2.908221,-51.109
-2.227388,2.941715,-51.109
-2.160877,2.997525,-51.109
-2.063333,3.15454,-51.109
-2.013899,3.299384,-51.109
-1.967756,3.483958,-51.109
-1.917814,3.804232,-51.109
-1.917814,4.565602,-51.109
-1.951262,4.729166,-51.109
-2.069962,4.997326,-51.109
-2.12546,5.153496,-51.109
-2.133979,5.230175,-51.109
-2.217747,5.438066,-51.109
-2.263891,5.679628,-51.109
-2.266595,5.755865,-51.109
-2.310035, 5.9291350000000005,-51.109
-2.310986,6.040916,-51.109
-2.356178,6.294977,-51.109
-2.37925, 6.5312280000000005,-51.109
-2.38271, 7.344347000000001,-51.109
-2.40368,7.560172,-51.109
-2.463543,7.765803,-51.109
-2.642046,8.067885,-51.109
-2.699806,8.218089,-51.109
-2.747645,8.290545,-51.109
-2.837702,8.379389,-51.109
-3.028253,8.492017,-51.109
-3.143612, 8.538160000000001,-51.109
-3.416423,8.618655,-51.109
-3.610723,8.64483,-51.109
-3.727057,8.72739,-51.109
-3.940082,8.826163,-51.109
-4.137816,8.894389,-51.109
-4.366899,8.948592,-51.109
-4.575277,8.966823,-51.109
-4.966677,8.948592,-51.109
-5.168723,8.894453,-51.109
-5.358299,8.806053,-51.109
-5.529644,8.686076,-51.109
-5.677552,8.538168,-51.109
-5.797529,8.366823,-51.109
-5.88593,8.177247,-51.109
-5.940068,7.975201,-51.109
-5.958299,7.730219,-51.109
-5.947501,7.585123,-51.109
-5.820531, 7.282850000000001,-51.109
-5.716669,7.09672,-51.109
-5.702294,7.019235,-51.109
-5.573583,6.836282,-51.109